1,policy,0,1216,0,0,0.5232
1,policy,0,1216,1,1,0.4671
1,policy,0,1216,2,1,0.4671
1,policy,0,1216,3,2,0.3621
1,policy,0,1216,4,3,0.3621
1,policy,0,1216,5,4,0.3621
1,policy,0,1216,6,5,0.3621
1,policy,0,1216,7,6,0.3747
1,policy,0,1216,8,6,0.3747
1,policy,0,2820,0,0,0.0000
1,policy,0,2820,1,0,0.0000
1,policy,0,2820,2,0,0.0000
1,policy,0,2820,3,1,0.0000
1,policy,0,2820,4,2,0.0000
1,policy,0,2820,5,3,0.0000
1,policy,0,2820,6,4,0.0000
1,policy,0,2820,7,5,0.0000
1,policy,0,2820,8,5,0.0000
1,policy,0,3017,0,0,0.9337
1,policy,0,3017,1,1,1.0000
1,policy,0,3017,2,2,0.9149
1,policy,0,3017,3,3,0.9149
1,policy,0,3017,4,4,0.9149
1,policy,0,3017,5,5,0.9052
1,policy,0,3017,6,6,0.8900
1,policy,0,3017,7,7,0.8900
1,policy,0,3017,8,8,0.8900
1,policy,0,1260,0,0,0.4636
1,policy,0,1260,1,1,0.6365
1,policy,0,1260,2,2,0.6372
1,policy,0,1260,3,3,0.7126
1,policy,0,1260,4,4,0.7126
1,policy,0,1260,5,5,0.6422
1,policy,0,1260,6,6,0.6372
1,policy,0,1260,7,7,0.7008
1,policy,0,1260,8,8,0.6995
1,policy,0,1920,0,0,0.4100
1,policy,0,1920,1,0,0.4100
1,policy,0,1920,2,1,0.5551
1,policy,0,1920,3,2,0.5578
1,policy,0,1920,4,3,0.6390
1,policy,0,1920,5,4,0.6746
1,policy,0,1920,6,5,0.6746
1,policy,0,1920,7,6,0.6746
1,policy,0,1920,8,7,0.6390
1,policy,0,693,0,0,0.0784
1,policy,0,693,1,0,0.0784
1,policy,0,693,2,1,0.1389
1,policy,0,693,3,1,0.1389
1,policy,0,693,4,2,0.1389
1,policy,0,693,5,3,0.1389
1,policy,0,693,6,3,0.1389
1,policy,0,693,7,4,0.1389
1,policy,0,693,8,5,0.1389
1,policy,0,3268,0,0,0.6529
1,policy,0,3268,1,0,0.6529
1,policy,0,3268,2,1,0.4888
1,policy,0,3268,3,2,0.5696
1,policy,0,3268,4,3,0.3668
1,policy,0,3268,5,4,0.3687
1,policy,0,3268,6,5,0.3967
1,policy,0,3268,7,6,0.3967
1,policy,0,3268,8,7,0.4886
1,policy,0,3548,0,0,0.1100
1,policy,0,3548,1,0,0.1100
1,policy,0,3548,2,0,0.1100
1,policy,0,3548,3,1,0.1100
1,policy,0,3548,4,2,0.1737
1,policy,0,3548,5,3,0.1763
1,policy,0,3548,6,4,0.1737
1,policy,0,3548,7,4,0.1737
1,policy,0,3548,8,4,0.1737
1,policy,0,2780,0,0,0.7156
1,policy,0,2780,1,1,0.7354
1,policy,0,2780,2,2,0.6722
1,policy,0,2780,3,3,0.5455
1,policy,0,2780,4,4,0.5299
1,policy,0,2780,5,5,0.5331
1,policy,0,2780,6,6,0.5294
1,policy,0,2780,7,7,0.5392
1,policy,0,2780,8,8,0.6570
1,policy,0,5328,0,0,0.8522
1,policy,0,5328,1,1,0.9052
1,policy,0,5328,2,2,0.8415
1,policy,0,5328,3,3,0.8365
1,policy,0,5328,4,4,0.8415
1,policy,0,5328,5,5,0.8522
1,policy,0,5328,6,6,0.8553
1,policy,0,5328,7,7,0.8512
1,policy,0,5328,8,8,0.8512
1,policy,0,3770,0,0,0.4073
1,policy,0,3770,1,1,0.6780
1,policy,0,3770,2,2,0.6489
1,policy,0,3770,3,3,0.6422
1,policy,0,3770,4,4,0.6422
1,policy,0,3770,5,5,0.6489
1,policy,0,3770,6,6,0.6489
1,policy,0,3770,7,7,0.6489
1,policy,0,3770,8,8,0.6422
1,policy,0,5135,0,0,0.1763
1,policy,0,5135,1,1,0.2090
1,policy,0,5135,2,2,0.1420
1,policy,0,5135,3,3,0.2330
1,policy,0,5135,4,4,0.2466
1,policy,0,5135,5,5,0.3312
1,policy,0,5135,6,6,0.3764
1,policy,0,5135,7,7,0.4330
1,policy,0,5135,8,8,0.4330
1,policy,0,781,0,0,0.0000
1,policy,0,781,1,0,0.0000
1,policy,0,781,2,1,0.0000
1,policy,0,781,3,1,0.0000
1,policy,0,781,4,2,0.0000
1,policy,0,781,5,3,0.0000
1,policy,0,781,6,4,0.0000
1,policy,0,781,7,5,0.0000
1,policy,0,781,8,5,0.0000
1,policy,0,2908,0,0,0.8630
1,policy,0,2908,1,1,1.0000
1,policy,0,2908,2,2,1.0000
1,policy,0,2908,3,3,1.0000
1,policy,0,2908,4,4,1.0000
1,policy,0,2908,5,5,1.0000
1,policy,0,2908,6,6,1.0000
1,policy,0,2908,7,7,1.0000
1,policy,0,2908,8,8,1.0000
1,policy,0,4075,0,0,0.0851
1,policy,0,4075,1,0,0.0851
1,policy,0,4075,2,0,0.0851
1,policy,0,4075,3,1,0.0734
1,policy,0,4075,4,2,0.0784
1,policy,0,4075,5,2,0.0784
1,policy,0,4075,6,2,0.0784
1,policy,0,4075,7,2,0.0784
1,policy,0,4075,8,3,0.0851
1,policy,0,3106,0,0,0.0000
1,policy,0,3106,1,1,0.0663
1,policy,0,3106,2,2,0.0636
1,policy,0,3106,3,3,0.0694
1,policy,0,3106,4,4,0.0694
1,policy,0,3106,5,4,0.0694
1,policy,0,3106,6,5,0.0636
1,policy,0,3106,7,6,0.0000
1,policy,0,3106,8,7,0.0000
1,policy,0,759,0,0,0.2150
1,policy,0,759,1,1,0.3715
1,policy,0,759,2,2,0.2863
1,policy,0,759,3,3,0.2201
1,policy,0,759,4,3,0.2201
1,policy,0,759,5,3,0.2201
1,policy,0,759,6,4,0.2201
1,policy,0,759,7,5,0.2201
1,policy,0,759,8,6,0.2201
1,policy,0,5467,0,0,0.4955
1,policy,0,5467,1,1,0.4124
1,policy,0,5467,2,2,0.5685
1,policy,0,5467,3,3,0.6353
1,policy,0,5467,4,4,0.5521
1,policy,0,5467,5,5,0.5552
1,policy,0,5467,6,6,0.4915
1,policy,0,5467,7,7,0.4035
1,policy,0,5467,8,8,0.6500
1,policy,0,5744,0,0,0.5036
1,policy,0,5744,1,0,0.5036
1,policy,0,5744,2,1,0.4073
1,policy,0,5744,3,2,0.5264
1,policy,0,5744,4,3,0.6844
1,policy,0,5744,5,4,0.6236
1,policy,0,5744,6,5,0.6168
1,policy,0,5744,7,6,0.6168
1,policy,0,5744,8,7,0.5696
1,policy,0,3129,0,0,0.3500
1,policy,0,3129,1,0,0.3500
1,policy,0,3129,2,1,0.0000
1,policy,0,3129,3,2,0.0000
1,policy,0,3129,4,3,0.0000
1,policy,0,3129,5,4,0.0000
1,policy,0,3129,6,4,0.0000
1,policy,0,3129,7,5,0.0000
1,policy,0,3129,8,6,0.0000
1,policy,0,5990,0,0,0.0000
1,policy,0,5990,1,0,0.0000
1,policy,0,5990,2,0,0.0000
1,policy,0,5990,3,1,0.1357
1,policy,0,5990,4,2,0.0000
1,policy,0,5990,5,3,0.0000
1,policy,0,5990,6,4,0.0000
1,policy,0,5990,7,5,0.0000
1,policy,0,5990,8,5,0.0000
1,policy,0,306,0,0,0.2844
1,policy,0,306,1,1,0.3725
1,policy,0,306,2,2,0.2777
1,policy,0,306,3,3,0.3063
1,policy,0,306,4,4,0.3032
1,policy,0,306,5,5,0.3032
1,policy,0,306,6,6,0.3032
1,policy,0,306,7,7,0.2369
1,policy,0,306,8,7,0.2369
1,policy,0,3832,0,0,0.6719
1,policy,0,3832,1,0,0.6719
1,policy,0,3832,2,1,0.7624
1,policy,0,3832,3,2,0.7788
1,policy,0,3832,4,3,0.7788
1,policy,0,3832,5,4,0.7788
1,policy,0,3832,6,5,0.7152
1,policy,0,3832,7,6,0.7152
1,policy,0,3832,8,7,0.7152
1,policy,0,1356,0,0,0.0000
1,policy,0,1356,1,0,0.0000
1,policy,0,1356,2,1,0.0000
1,policy,0,1356,3,1,0.0000
1,policy,0,1356,4,2,0.0000
1,policy,0,1356,5,3,0.0000
1,policy,0,1356,6,4,0.0000
1,policy,0,1356,7,5,0.0000
1,policy,0,1356,8,6,0.0000
1,policy,0,5279,0,0,0.0783
1,policy,0,5279,1,0,0.0783
1,policy,0,5279,2,1,0.0000
1,policy,0,5279,3,2,0.0000
1,policy,0,5279,4,3,0.0000
1,policy,0,5279,5,3,0.0000
1,policy,0,5279,6,3,0.0000
1,policy,0,5279,7,4,0.0000
1,policy,0,5279,8,5,0.0000
1,policy,0,3201,0,0,0.1518
1,policy,0,3201,1,0,0.1518
1,policy,0,3201,2,1,0.3719
1,policy,0,3201,3,2,0.3647
1,policy,0,3201,4,3,0.2934
1,policy,0,3201,5,4,0.2579
1,policy,0,3201,6,5,0.2521
1,policy,0,3201,7,6,0.2521
1,policy,0,3201,8,7,0.2809
1,policy,0,370,0,0,0.0636
1,policy,0,370,1,1,0.2895
1,policy,0,370,2,2,0.4666
1,policy,0,370,3,3,0.5795
1,policy,0,370,4,4,0.5885
1,policy,0,370,5,4,0.5885
1,policy,0,370,6,5,0.5834
1,policy,0,370,7,6,0.5885
1,policy,0,370,8,6,0.5885
1,policy,0,2012,0,0,0.1389
1,policy,0,2012,1,0,0.1389
1,policy,0,2012,2,0,0.1389
1,policy,0,2012,3,1,0.2614
1,policy,0,2012,4,2,0.2614
1,policy,0,2012,5,3,0.2999
1,policy,0,2012,6,4,0.2999
1,policy,0,2012,7,5,0.2999
1,policy,0,2012,8,6,0.2999
1,policy,0,3899,0,0,0.9337
1,policy,0,3899,1,1,0.8415
1,policy,0,3899,2,2,0.8643
1,policy,0,3899,3,3,0.8701
1,policy,0,3899,4,4,0.8669
1,policy,0,3899,5,5,0.8701
1,policy,0,3899,6,6,0.8669
1,policy,0,3899,7,7,0.8604
1,policy,0,3899,8,8,0.8604
1,policy,0,2979,0,0,0.1100
1,policy,0,2979,1,1,0.0000
1,policy,0,2979,2,2,0.1799
1,policy,0,2979,3,3,0.1732
1,policy,0,2979,4,4,0.1635
1,policy,0,2979,5,5,0.1635
1,policy,0,2979,6,6,0.1585
1,policy,0,2979,7,7,0.1546
1,policy,0,2979,8,8,0.1514
1,policy,0,2748,0,0,0.4819
1,policy,0,2748,1,1,0.4351
1,policy,0,2748,2,1,0.4351
1,policy,0,2748,3,2,0.4570
1,policy,0,2748,4,3,0.4570
1,policy,0,2748,5,4,0.4570
1,policy,0,2748,6,5,0.4570
1,policy,0,2748,7,6,0.4570
1,policy,0,2748,8,6,0.4570
1,policy,0,821,0,0,0.3967
1,policy,0,821,1,1,0.5072
1,policy,0,821,2,2,0.6489
1,policy,0,821,3,3,0.4011
1,policy,0,821,4,4,0.3317
1,policy,0,821,5,5,0.3278
1,policy,0,821,6,6,0.3241
1,policy,0,821,7,7,0.3133
1,policy,0,821,8,8,0.3133
1,policy,0,3891,0,0,0.9266
1,policy,0,3891,1,1,0.8416
1,policy,0,3891,2,2,0.8512
1,policy,0,3891,3,3,0.8416
1,policy,0,3891,4,4,0.8416
1,policy,0,3891,5,5,0.8390
1,policy,0,3891,6,6,0.8390
1,policy,0,3891,7,7,0.8390
1,policy,0,3891,8,8,0.8416
1,policy,0,3250,0,0,0.1100
1,policy,0,3250,1,1,0.0734
1,policy,0,3250,2,1,0.0734
1,policy,0,3250,3,2,0.0694
1,policy,0,3250,4,3,0.0694
1,policy,0,3250,5,3,0.0694
1,policy,0,3250,6,4,0.0663
1,policy,0,3250,7,5,0.0636
1,policy,0,3250,8,5,0.0636
1,policy,0,4478,0,0,0.2489
1,policy,0,4478,1,1,0.5321
1,policy,0,4478,2,2,0.5868
1,policy,0,4478,3,3,0.5811
1,policy,0,4478,4,4,0.5811
1,policy,0,4478,5,5,0.5801
1,policy,0,4478,6,6,0.5801
1,policy,0,4478,7,7,0.5730
1,policy,0,4478,8,8,0.5680
1,policy,0,2536,0,0,0.7682
1,policy,0,2536,1,1,0.7313
1,policy,0,2536,2,2,0.7094
1,policy,0,2536,3,3,0.7097
1,policy,0,2536,4,4,0.6429
1,policy,0,2536,5,5,0.7097
1,policy,0,2536,6,6,0.7124
1,policy,0,2536,7,7,0.7097
1,policy,0,2536,8,8,0.7760
1,policy,0,1250,0,0,0.0784
1,policy,0,1250,1,0,0.0784
1,policy,0,1250,2,1,0.2048
1,policy,0,1250,3,1,0.2048
1,policy,0,1250,4,2,0.2240
1,policy,0,1250,5,2,0.2240
1,policy,0,1250,6,2,0.2240
1,policy,0,1250,7,3,0.2240
1,policy,0,1250,8,4,0.2337
1,policy,0,4763,0,0,0.0000
1,policy,0,4763,1,0,0.0000
1,policy,0,4763,2,1,0.0000
1,policy,0,4763,3,2,0.0000
1,policy,0,4763,4,3,0.0000
1,policy,0,4763,5,4,0.0000
1,policy,0,4763,6,4,0.0000
1,policy,0,4763,7,5,0.0000
1,policy,0,4763,8,6,0.0000
1,policy,0,4757,0,0,0.1517
1,policy,0,4757,1,0,0.1517
1,policy,0,4757,2,0,0.1517
1,policy,0,4757,3,1,0.0000
1,policy,0,4757,4,1,0.0000
1,policy,0,4757,5,2,0.2320
1,policy,0,4757,6,3,0.0909
1,policy,0,4757,7,4,0.0837
1,policy,0,4757,8,4,0.0837
1,policy,0,5792,0,0,0.0000
1,policy,0,5792,1,0,0.0000
1,policy,0,5792,2,0,0.0000
1,policy,0,5792,3,1,0.0663
1,policy,0,5792,4,2,0.0000
1,policy,0,5792,5,3,0.0000
1,policy,0,5792,6,4,0.0000
1,policy,0,5792,7,4,0.0000
1,policy,0,5792,8,4,0.0000
1,policy,0,6025,0,0,0.4669
1,policy,0,6025,1,0,0.4669
1,policy,0,6025,2,1,0.0851
1,policy,0,6025,3,2,0.2844
1,policy,0,6025,4,3,0.2115
1,policy,0,6025,5,4,0.1478
1,policy,0,6025,6,5,0.1478
1,policy,0,6025,7,6,0.1478
1,policy,0,6025,8,7,0.1420
1,policy,0,5989,0,0,0.0000
1,policy,0,5989,1,1,0.0000
1,policy,0,5989,2,2,0.0000
1,policy,0,5989,3,3,0.0000
1,policy,0,5989,4,4,0.0000
1,policy,0,5989,5,5,0.0000
1,policy,0,5989,6,6,0.0000
1,policy,0,5989,7,7,0.0000
1,policy,0,5989,8,8,0.0000
1,policy,0,1434,0,0,0.0000
1,policy,0,1434,1,0,0.0000
1,policy,0,1434,2,0,0.0000
1,policy,0,1434,3,1,0.0000
1,policy,0,1434,4,1,0.0000
1,policy,0,1434,5,1,0.0000
1,policy,0,1434,6,2,0.0000
1,policy,0,1434,7,3,0.0000
1,policy,0,1434,8,3,0.0000
1,policy,0,4950,0,0,0.6938
1,policy,0,4950,1,1,0.8553
1,policy,0,4950,2,2,0.7472
1,policy,0,4950,3,3,0.8205
1,policy,0,4950,4,4,0.8900
1,policy,0,4950,5,5,0.8900
1,policy,0,4950,6,6,0.8263
1,policy,0,4950,7,7,0.8900
1,policy,0,4950,8,8,0.8365
1,policy,0,4781,0,0,0.1370
1,policy,0,4781,1,1,0.1389
1,policy,0,4781,2,2,0.2173
1,policy,0,4781,3,3,0.2906
1,policy,0,4781,4,4,0.2906
1,policy,0,4781,5,5,0.2867
1,policy,0,4781,6,6,0.2906
1,policy,0,4781,7,7,0.2867
1,policy,0,4781,8,8,0.3693
1,policy,0,3169,0,0,0.3281
1,policy,0,3169,1,0,0.3281
1,policy,0,3169,2,0,0.3281
1,policy,0,3169,3,1,0.6137
1,policy,0,3169,4,2,0.5541
1,policy,0,3169,5,3,0.5984
1,policy,0,3169,6,4,0.5984
1,policy,0,3169,7,5,0.5321
1,policy,0,3169,8,6,0.5474
1,policy,0,574,0,0,0.6110
1,policy,0,574,1,0,0.6110
1,policy,0,574,2,1,0.9364
1,policy,0,574,3,2,0.9364
1,policy,0,574,4,3,0.9306
1,policy,0,574,5,4,0.9306
1,policy,0,574,6,5,0.9306
1,policy,0,574,7,6,0.9266
1,policy,0,574,8,7,0.9266
1,policy,0,955,0,0,0.5958
1,policy,0,955,1,0,0.5958
1,policy,0,955,2,0,0.5958
1,policy,0,955,3,1,0.3301
1,policy,0,955,4,2,0.3301
1,policy,0,955,5,3,0.3301
1,policy,0,955,6,4,0.3301
1,policy,0,955,7,5,0.3301
1,policy,0,955,8,6,0.4983
1,policy,0,3445,0,0,0.0000
1,policy,0,3445,1,0,0.0000
1,policy,0,3445,2,0,0.0000
1,policy,0,3445,3,1,0.0000
1,policy,0,3445,4,1,0.0000
1,policy,0,3445,5,1,0.0000
1,policy,0,3445,6,2,0.0000
1,policy,0,3445,7,3,0.0000
1,policy,0,3445,8,3,0.0000
1,policy,0,585,0,0,0.5326
1,policy,0,585,1,0,0.5326
1,policy,0,585,2,0,0.5326
1,policy,0,585,3,1,0.2935
1,policy,0,585,4,2,0.2985
1,policy,0,585,5,3,0.3052
1,policy,0,585,6,4,0.3052
1,policy,0,585,7,5,0.3052
1,policy,0,585,8,5,0.3052
1,policy,0,5503,0,0,0.4819
1,policy,0,5503,1,1,0.7606
1,policy,0,5503,2,2,0.8669
1,policy,0,5503,3,3,0.8669
1,policy,0,5503,4,4,0.8669
1,policy,0,5503,5,5,0.8669
1,policy,0,5503,6,6,0.8669
1,policy,0,5503,7,7,0.9306
1,policy,0,5503,8,8,0.9306
1,policy,0,362,0,0,0.0000
1,policy,0,362,1,0,0.0000
1,policy,0,362,2,0,0.0000
1,policy,0,362,3,1,0.0000
1,policy,0,362,4,2,0.0000
1,policy,0,362,5,3,0.0694
1,policy,0,362,6,4,0.0694
1,policy,0,362,7,4,0.0694
1,policy,0,362,8,5,0.0663
1,policy,0,3332,0,0,0.7472
1,policy,0,3332,1,1,0.4959
1,policy,0,3332,2,2,0.5077
1,policy,0,3332,3,3,0.5232
1,policy,0,3332,4,4,0.5200
1,policy,0,3332,5,5,0.5174
1,policy,0,3332,6,6,0.4690
1,policy,0,3332,7,7,0.5326
1,policy,0,3332,8,8,0.5326
1,policy,0,554,0,0,0.0663
1,policy,0,554,1,0,0.0663
1,policy,0,554,2,0,0.0663
1,policy,0,554,3,0,0.0663
1,policy,0,554,4,1,0.0000
1,policy,0,554,5,1,0.0000
1,policy,0,554,6,1,0.0000
1,policy,0,554,7,2,0.0000
1,policy,0,554,8,2,0.0000
1,policy,0,3282,0,0,0.3590
1,policy,0,3282,1,1,0.4441
1,policy,0,3282,2,2,0.4441
1,policy,0,3282,3,3,0.4441
1,policy,0,3282,4,4,0.4441
1,policy,0,3282,5,5,0.4374
1,policy,0,3282,6,6,0.4323
1,policy,0,3282,7,7,0.4323
1,policy,0,3282,8,8,0.4323
1,policy,0,5925,0,0,0.3031
1,policy,0,5925,1,0,0.3031
1,policy,0,5925,2,1,0.5303
1,policy,0,5925,3,2,0.5670
1,policy,0,5925,4,3,0.5737
1,policy,0,5925,5,4,0.4925
1,policy,0,5925,6,5,0.5022
1,policy,0,5925,7,6,0.5022
1,policy,0,5925,8,7,0.5022
1,policy,0,1610,0,0,0.5934
1,policy,0,1610,1,1,0.7066
1,policy,0,1610,2,2,0.7631
1,policy,0,1610,3,3,0.7382
1,policy,0,1610,4,4,0.7382
1,policy,0,1610,5,5,0.7534
1,policy,0,1610,6,6,0.7534
1,policy,0,1610,7,7,0.7534
1,policy,0,1610,8,8,0.7534
1,policy,0,3354,0,0,0.0948
1,policy,0,3354,1,0,0.0948
1,policy,0,3354,2,0,0.0948
1,policy,0,3354,3,1,0.0000
1,policy,0,3354,4,2,0.0000
1,policy,0,3354,5,2,0.0000
1,policy,0,3354,6,3,0.0000
1,policy,0,3354,7,4,0.0000
1,policy,0,3354,8,4,0.0000
1,policy,0,1693,0,0,0.7538
1,policy,0,1693,1,1,0.8512
1,policy,0,1693,2,2,0.7788
1,policy,0,1693,3,3,0.7788
1,policy,0,1693,4,4,0.7788
1,policy,0,1693,5,5,0.7788
1,policy,0,1693,6,6,0.7788
1,policy,0,1693,7,7,0.7788
1,policy,0,1693,8,8,0.7788
1,policy,0,1856,0,0,0.0948
1,policy,0,1856,1,0,0.0948
1,policy,0,1856,2,0,0.0948
1,policy,0,1856,3,1,0.3979
1,policy,0,1856,4,2,0.3979
1,policy,0,1856,5,2,0.3979
1,policy,0,1856,6,3,0.3953
1,policy,0,1856,7,3,0.3953
1,policy,0,1856,8,4,0.3953
1,policy,0,984,0,0,0.7728
1,policy,0,984,1,1,0.9306
1,policy,0,984,2,2,0.8643
1,policy,0,984,3,3,0.8643
1,policy,0,984,4,4,0.8643
1,policy,0,984,5,5,0.8643
1,policy,0,984,6,6,0.8643
1,policy,0,984,7,7,0.8643
1,policy,0,984,8,8,0.8643
1,policy,0,2490,0,0,0.1331
1,policy,0,2490,1,1,0.2837
1,policy,0,2490,2,2,0.2489
1,policy,0,2490,3,3,0.2489
1,policy,0,2490,4,4,0.2489
1,policy,0,2490,5,5,0.2489
1,policy,0,2490,6,6,0.2489
1,policy,0,2490,7,7,0.2489
1,policy,0,2490,8,8,0.2489
1,policy,0,2395,0,0,0.1299
1,policy,0,2395,1,0,0.1299
1,policy,0,2395,2,0,0.1299
1,policy,0,2395,3,1,0.5077
1,policy,0,2395,4,1,0.5077
1,policy,0,2395,5,2,0.1732
1,policy,0,2395,6,3,0.1732
1,policy,0,2395,7,4,0.2470
1,policy,0,2395,8,5,0.2431
1,policy,0,4666,0,0,0.0948
1,policy,0,4666,1,0,0.0948
1,policy,0,4666,2,0,0.0948
1,policy,0,4666,3,1,0.1100
1,policy,0,4666,4,2,0.1100
1,policy,0,4666,5,3,0.1100
1,policy,0,4666,6,4,0.1737
1,policy,0,4666,7,4,0.1737
1,policy,0,4666,8,4,0.1737
1,policy,0,4638,0,0,0.0694
1,policy,0,4638,1,1,0.0784
1,policy,0,4638,2,2,0.0000
1,policy,0,4638,3,3,0.0000
1,policy,0,4638,4,4,0.0000
1,policy,0,4638,5,5,0.0000
1,policy,0,4638,6,6,0.0000
1,policy,0,4638,7,7,0.0000
1,policy,0,4638,8,7,0.0000
1,policy,0,1726,0,0,0.4171
1,policy,0,1726,1,1,0.8630
1,policy,0,1726,2,2,1.0000
1,policy,0,1726,3,3,1.0000
1,policy,0,1726,4,4,1.0000
1,policy,0,1726,5,5,1.0000
1,policy,0,1726,6,6,1.0000
1,policy,0,1726,7,7,1.0000
1,policy,0,1726,8,8,1.0000
1,policy,0,1544,0,0,0.2489
1,policy,0,1544,1,1,0.1884
1,policy,0,1544,2,2,0.1952
1,policy,0,1544,3,3,0.1420
1,policy,0,1544,4,4,0.1420
1,policy,0,1544,5,5,0.1420
1,policy,0,1544,6,6,0.0784
1,policy,0,1544,7,7,0.0784
1,policy,0,1544,8,8,0.2497
1,policy,0,1401,0,0,0.7183
1,policy,0,1401,1,0,0.7183
1,policy,0,1401,2,0,0.7183
1,policy,0,1401,3,1,0.4946
1,policy,0,1401,4,2,0.5175
1,policy,0,1401,5,3,0.5175
1,policy,0,1401,6,4,0.4706
1,policy,0,1401,7,4,0.4706
1,policy,0,1401,8,5,0.3684
1,policy,0,1712,0,0,0.0000
1,policy,0,1712,1,0,0.0000
1,policy,0,1712,2,0,0.0000
1,policy,0,1712,3,0,0.0000
1,policy,0,1712,4,1,0.0000
1,policy,0,1712,5,1,0.0000
1,policy,0,1712,6,2,0.0000
1,policy,0,1712,7,3,0.0000
1,policy,0,1712,8,4,0.0000
1,policy,0,1348,0,0,0.3854
1,policy,0,1348,1,0,0.3854
1,policy,0,1348,2,0,0.3854
1,policy,0,1348,3,1,0.7184
1,policy,0,1348,4,2,0.7152
1,policy,0,1348,5,3,0.7788
1,policy,0,1348,6,4,0.7788
1,policy,0,1348,7,5,0.7184
1,policy,0,1348,8,6,0.7184
1,policy,0,4769,0,0,0.2201
1,policy,0,4769,1,0,0.2201
1,policy,0,4769,2,0,0.2201
1,policy,0,4769,3,1,0.2985
1,policy,0,4769,4,2,0.3786
1,policy,0,4769,5,3,0.3933
1,policy,0,4769,6,4,0.4479
1,policy,0,4769,7,5,0.4519
1,policy,0,4769,8,6,0.4627
1,policy,0,3915,0,0,0.9266
1,policy,0,3915,1,1,0.8611
1,policy,0,3915,2,2,0.8611
1,policy,0,3915,3,3,0.8611
1,policy,0,3915,4,4,0.8611
1,policy,0,3915,5,5,0.8611
1,policy,0,3915,6,6,0.8611
1,policy,0,3915,7,7,0.8611
1,policy,0,3915,8,8,0.8611
1,policy,0,3137,0,0,0.2083
1,policy,0,3137,1,1,0.2344
1,policy,0,3137,2,2,0.1514
1,policy,0,3137,3,3,0.2221
1,policy,0,3137,4,4,0.2221
1,policy,0,3137,5,5,0.2208
1,policy,0,3137,6,6,0.2208
1,policy,0,3137,7,7,0.2208
1,policy,0,3137,8,8,0.2221
1,policy,0,3056,0,0,0.3094
1,policy,0,3056,1,0,0.3094
1,policy,0,3056,2,1,0.4249
1,policy,0,3056,3,2,0.5728
1,policy,0,3056,4,3,0.1635
1,policy,0,3056,5,4,0.1682
1,policy,0,3056,6,5,0.1585
1,policy,0,3056,7,5,0.1585
1,policy,0,3056,8,6,0.1585
1,policy,0,3344,0,0,0.1100
1,policy,0,3344,1,1,0.2837
1,policy,0,3344,2,2,0.4194
1,policy,0,3344,3,3,0.3629
1,policy,0,3344,4,4,0.3629
1,policy,0,3344,5,5,0.3629
1,policy,0,3344,6,6,0.3629
1,policy,0,3344,7,7,0.3629
1,policy,0,3344,8,8,0.3629
1,policy,0,2009,0,0,0.9216
1,policy,0,2009,1,1,0.8454
1,policy,0,2009,2,2,0.6122
1,policy,0,2009,3,3,0.6831
1,policy,0,2009,4,4,0.6678
1,policy,0,2009,5,5,0.6678
1,policy,0,2009,6,6,0.6678
1,policy,0,2009,7,7,0.6678
1,policy,0,2009,8,8,0.6678
1,policy,0,2794,0,0,0.2051
1,policy,0,2794,1,1,0.2973
1,policy,0,2794,2,2,0.2999
1,policy,0,2794,3,3,0.2903
1,policy,0,2794,4,4,0.2999
1,policy,0,2794,5,5,0.2999
1,policy,0,2794,6,6,0.2973
1,policy,0,2794,7,7,0.2973
1,policy,0,2794,8,8,0.2973
1,policy,0,5653,0,0,0.6410
1,policy,0,5653,1,1,0.7255
1,policy,0,5653,2,2,0.6872
1,policy,0,5653,3,3,0.7670
1,policy,0,5653,4,4,0.7788
1,policy,0,5653,5,5,0.7788
1,policy,0,5653,6,6,0.7788
1,policy,0,5653,7,7,0.7846
1,policy,0,5653,8,8,0.7846
1,policy,0,5615,0,0,0.5135
1,policy,0,5615,1,1,0.3936
1,policy,0,5615,2,2,0.4328
1,policy,0,5615,3,3,0.3633
1,policy,0,5615,4,4,0.3758
1,policy,0,5615,5,5,0.4394
1,policy,0,5615,6,6,0.4093
1,policy,0,5615,7,7,0.4066
1,policy,0,5615,8,8,0.3566
1,policy,0,3884,0,0,0.2966
1,policy,0,3884,1,1,0.3098
1,policy,0,3884,2,2,0.2934
1,policy,0,3884,3,3,0.3063
1,policy,0,3884,4,4,0.3063
1,policy,0,3884,5,5,0.3863
1,policy,0,3884,6,6,0.3863
1,policy,0,3884,7,7,0.3890
1,policy,0,3884,8,8,0.4729
1,policy,0,399,0,0,0.4085
1,policy,0,399,1,0,0.4085
1,policy,0,399,2,0,0.4085
1,policy,0,399,3,1,0.2497
1,policy,0,399,4,2,0.1737
1,policy,0,399,5,2,0.1737
1,policy,0,399,6,3,0.1763
1,policy,0,399,7,4,0.1737
1,policy,0,399,8,5,0.1737
1,policy,0,4972,0,0,0.2457
1,policy,0,4972,1,1,0.2368
1,policy,0,4972,2,2,0.2903
1,policy,0,4972,3,3,0.2809
1,policy,0,4972,4,4,0.2083
1,policy,0,4972,5,5,0.2083
1,policy,0,4972,6,6,0.2051
1,policy,0,4972,7,7,0.2025
1,policy,0,4972,8,8,0.2025
1,policy,0,6,0,0,0.1100
1,policy,0,6,1,0,0.1100
1,policy,0,6,2,1,0.3687
1,policy,0,6,3,2,0.3757
1,policy,0,6,4,3,0.3757
1,policy,0,6,5,4,0.4473
1,policy,0,6,6,5,0.4531
1,policy,0,6,7,6,0.4531
1,policy,0,6,8,7,0.4531
1,policy,0,4963,0,0,0.5672
1,policy,0,4963,1,1,0.6969
1,policy,0,4963,2,2,0.7631
1,policy,0,4963,3,3,0.7569
1,policy,0,4963,4,4,0.7569
1,policy,0,4963,5,5,0.7569
1,policy,0,4963,6,6,0.6906
1,policy,0,4963,7,7,0.7543
1,policy,0,4963,8,8,0.8512
1,policy,0,666,0,0,0.0734
1,policy,0,666,1,0,0.0734
1,policy,0,666,2,1,0.3052
1,policy,0,666,3,2,0.3052
1,policy,0,666,4,3,0.2122
1,policy,0,666,5,4,0.1884
1,policy,0,666,6,4,0.1884
1,policy,0,666,7,5,0.1834
1,policy,0,666,8,6,0.3052
1,policy,0,2621,0,0,0.0000
1,policy,0,2621,1,1,0.0000
1,policy,0,2621,2,2,0.0000
1,policy,0,2621,3,3,0.0000
1,policy,0,2621,4,3,0.0000
1,policy,0,2621,5,3,0.0000
1,policy,0,2621,6,4,0.0000
1,policy,0,2621,7,5,0.0000
1,policy,0,2621,8,6,0.0000
1,policy,0,465,0,0,0.4690
1,policy,0,465,1,1,0.3301
1,policy,0,465,2,1,0.3301
1,policy,0,465,3,2,0.4480
1,policy,0,465,4,3,0.4480
1,policy,0,465,5,3,0.4480
1,policy,0,465,6,4,0.4480
1,policy,0,465,7,5,0.4422
1,policy,0,465,8,6,0.4315
1,policy,0,2226,0,0,0.4035
1,policy,0,2226,1,1,0.4441
1,policy,0,2226,2,2,0.4671
1,policy,0,2226,3,3,0.4577
1,policy,0,2226,4,4,0.4577
1,policy,0,2226,5,5,0.4506
1,policy,0,2226,6,6,0.4658
1,policy,0,2226,7,7,0.4577
1,policy,0,2226,8,8,0.4480
1,policy,0,1528,0,0,0.0000
1,policy,0,1528,1,0,0.0000
1,policy,0,1528,2,1,0.0734
1,policy,0,1528,3,2,0.0694
1,policy,0,1528,4,3,0.0694
1,policy,0,1528,5,4,0.0694
1,policy,0,1528,6,5,0.0694
1,policy,0,1528,7,6,0.0694
1,policy,0,1528,8,7,0.0694
1,policy,0,247,0,0,0.2173
1,policy,0,247,1,0,0.2173
1,policy,0,247,2,0,0.2173
1,policy,0,247,3,1,0.4226
1,policy,0,247,4,2,0.4226
1,policy,0,247,5,3,0.4226
1,policy,0,247,6,4,0.4226
1,policy,0,247,7,5,0.4226
1,policy,0,247,8,6,0.4226
1,policy,0,5648,0,0,0.6267
1,policy,0,5648,1,0,0.6267
1,policy,0,5648,2,1,0.4035
1,policy,0,5648,3,2,0.4035
1,policy,0,5648,4,3,0.3341
1,policy,0,5648,5,4,0.4035
1,policy,0,5648,6,5,0.4035
1,policy,0,5648,7,6,0.4035
1,policy,0,5648,8,7,0.4323
1,policy,0,3710,0,0,0.3005
1,policy,0,3710,1,0,0.3005
1,policy,0,3710,2,1,0.4569
1,policy,0,3710,3,2,0.3786
1,policy,0,3710,4,3,0.3529
1,policy,0,3710,5,4,0.3281
1,policy,0,3710,6,5,0.3241
1,policy,0,3710,7,6,0.3281
1,policy,0,3710,8,7,0.3569
1,policy,0,4163,0,0,0.0000
1,policy,0,4163,1,0,0.0000
1,policy,0,4163,2,0,0.0000
1,policy,0,4163,3,1,0.0694
1,policy,0,4163,4,2,0.0663
1,policy,0,4163,5,3,0.0000
1,policy,0,4163,6,4,0.0000
1,policy,0,4163,7,5,0.0000
1,policy,0,4163,8,5,0.0000
1,policy,0,4625,0,0,0.7184
1,policy,0,4625,1,1,0.6688
1,policy,0,4625,2,2,0.7264
1,policy,0,4625,3,3,0.6976
1,policy,0,4625,4,4,0.6976
1,policy,0,4625,5,5,0.6976
1,policy,0,4625,6,6,0.7264
1,policy,0,4625,7,7,0.7264
1,policy,0,4625,8,8,0.7264
1,policy,0,1121,0,0,0.1389
1,policy,0,1121,1,1,0.4847
1,policy,0,1121,2,2,0.3149
1,policy,0,1121,3,3,0.3149
1,policy,0,1121,4,4,0.3149
1,policy,0,1121,5,5,0.3149
1,policy,0,1121,6,6,0.3149
1,policy,0,1121,7,7,0.3149
1,policy,0,1121,8,8,0.3149
1,policy,0,4026,0,0,0.2809
1,policy,0,4026,1,0,0.2809
1,policy,0,4026,2,0,0.2809
1,policy,0,4026,3,1,0.1585
1,policy,0,4026,4,2,0.1514
1,policy,0,4026,5,2,0.1514
1,policy,0,4026,6,2,0.1514
1,policy,0,4026,7,3,0.1546
1,policy,0,4026,8,4,0.1428
1,policy,0,1685,0,0,0.0000
1,policy,0,1685,1,1,0.0000
1,policy,0,1685,2,2,0.0000
1,policy,0,1685,3,3,0.0000
1,policy,0,1685,4,4,0.0000
1,policy,0,1685,5,5,0.0000
1,policy,0,1685,6,6,0.0000
1,policy,0,1685,7,7,0.0000
1,policy,0,1685,8,7,0.0000
1,policy,0,248,0,0,0.1357
1,policy,0,248,1,1,0.3917
1,policy,0,248,2,2,0.3949
1,policy,0,248,3,3,0.3878
1,policy,0,248,4,4,0.3917
1,policy,0,248,5,5,0.3949
1,policy,0,248,6,6,0.3975
1,policy,0,248,7,7,0.3949
1,policy,0,248,8,8,0.3281
1,policy,0,1221,0,0,0.2350
1,policy,0,1221,1,0,0.2350
1,policy,0,1221,2,1,0.3833
1,policy,0,1221,3,1,0.3833
1,policy,0,1221,4,2,0.3833
1,policy,0,1221,5,3,0.3833
1,policy,0,1221,6,4,0.3833
1,policy,0,1221,7,5,0.3833
1,policy,0,1221,8,6,0.3833
1,policy,0,132,0,0,0.4499
1,policy,0,132,1,0,0.4499
1,policy,0,132,2,0,0.4499
1,policy,0,132,3,1,0.0694
1,policy,0,132,4,2,0.1331
1,policy,0,132,5,2,0.1331
1,policy,0,132,6,3,0.1299
1,policy,0,132,7,4,0.1331
1,policy,0,132,8,5,0.1299
1,policy,0,2718,0,0,0.3437
1,policy,0,2718,1,1,0.1795
1,policy,0,2718,2,1,0.1795
1,policy,0,2718,3,2,0.1357
1,policy,0,2718,4,3,0.1357
1,policy,0,2718,5,4,0.1357
1,policy,0,2718,6,5,0.1357
1,policy,0,2718,7,6,0.0694
1,policy,0,2718,8,7,0.1993
1,policy,0,507,0,0,0.4171
1,policy,0,507,1,1,0.7850
1,policy,0,507,2,2,0.6083
1,policy,0,507,3,3,0.5763
1,policy,0,507,4,4,0.5763
1,policy,0,507,5,5,0.5763
1,policy,0,507,6,6,0.6083
1,policy,0,507,7,7,0.6051
1,policy,0,507,8,8,0.6025
1,policy,0,4786,0,0,0.3392
1,policy,0,4786,1,0,0.3392
1,policy,0,4786,2,1,0.4413
1,policy,0,4786,3,2,0.3392
1,policy,0,4786,4,3,0.3392
1,policy,0,4786,5,4,0.3392
1,policy,0,4786,6,4,0.3392
1,policy,0,4786,7,5,0.3392
1,policy,0,4786,8,5,0.3392
1,policy,0,241,0,0,0.0636
1,policy,0,241,1,1,0.0000
1,policy,0,241,2,2,0.0000
1,policy,0,241,3,3,0.0000
1,policy,0,241,4,4,0.0000
1,policy,0,241,5,5,0.0000
1,policy,0,241,6,6,0.0000
1,policy,0,241,7,7,0.0000
1,policy,0,241,8,8,0.0000
1,policy,0,2456,0,0,0.6968
1,policy,0,2456,1,1,0.7752
1,policy,0,2456,2,2,0.9216
1,policy,0,2456,3,3,0.9216
1,policy,0,2456,4,4,0.9216
1,policy,0,2456,5,5,0.9216
1,policy,0,2456,6,6,0.9216
1,policy,0,2456,7,7,0.9216
1,policy,0,2456,8,8,0.9216
1,policy,0,3202,0,0,0.2298
1,policy,0,3202,1,1,0.2533
1,policy,0,3202,2,2,0.2583
1,policy,0,3202,3,3,0.2583
1,policy,0,3202,4,4,0.3220
1,policy,0,3202,5,5,0.3195
1,policy,0,3202,6,6,0.3160
1,policy,0,3202,7,7,0.3160
1,policy,0,3202,8,8,0.3227
1,policy,0,62,0,0,0.0000
1,policy,0,62,1,1,0.1737
1,policy,0,62,2,2,0.0636
1,policy,0,62,3,3,0.0694
1,policy,0,62,4,4,0.0784
1,policy,0,62,5,5,0.0784
1,policy,0,62,6,6,0.0734
1,policy,0,62,7,7,0.0784
1,policy,0,62,8,8,0.0000
1,policy,0,3811,0,0,0.4202
1,policy,0,3811,1,1,0.5728
1,policy,0,3811,2,2,0.5737
1,policy,0,3811,3,3,0.5795
1,policy,0,3811,4,4,0.5795
1,policy,0,3811,5,5,0.5763
1,policy,0,3811,6,6,0.5763
1,policy,0,3811,7,7,0.5795
1,policy,0,3811,8,8,0.5834
1,policy,0,4901,0,0,0.3437
1,policy,0,4901,1,1,0.4690
1,policy,0,4901,2,2,0.5424
1,policy,0,4901,3,3,0.5271
1,policy,0,4901,4,4,0.5271
1,policy,0,4901,5,4,0.5271
1,policy,0,4901,6,5,0.5271
1,policy,0,4901,7,6,0.4983
1,policy,0,4901,8,7,0.4983
1,policy,0,4689,0,0,0.1635
1,policy,0,4689,1,1,0.4100
1,policy,0,4689,2,2,0.4819
1,policy,0,4689,3,3,0.5887
1,policy,0,4689,4,4,0.5887
1,policy,0,4689,5,5,0.5837
1,policy,0,4689,6,6,0.5869
1,policy,0,4689,7,7,0.5837
1,policy,0,4689,8,8,0.5798
1,policy,0,2509,0,0,0.3183
1,policy,0,2509,1,0,0.3183
1,policy,0,2509,2,0,0.3183
1,policy,0,2509,3,1,0.5548
1,policy,0,2509,4,2,0.4249
1,policy,0,2509,5,3,0.5200
1,policy,0,2509,6,4,0.5200
1,policy,0,2509,7,5,0.5174
1,policy,0,2509,8,6,0.4073
1,policy,0,5274,0,0,0.2272
1,policy,0,5274,1,0,0.2272
1,policy,0,5274,2,0,0.2272
1,policy,0,5274,3,1,0.1389
1,policy,0,5274,4,1,0.1389
1,policy,0,5274,5,2,0.3687
1,policy,0,5274,6,3,0.3758
1,policy,0,5274,7,4,0.3758
1,policy,0,5274,8,5,0.3758
1,policy,0,5586,0,0,0.0000
1,policy,0,5586,1,1,0.0694
1,policy,0,5586,2,2,0.0636
1,policy,0,5586,3,3,0.0636
1,policy,0,5586,4,4,0.0694
1,policy,0,5586,5,5,0.0636
1,policy,0,5586,6,6,0.0636
1,policy,0,5586,7,7,0.0636
1,policy,0,5586,8,8,0.0636
1,policy,0,9,0,0,0.5088
1,policy,0,9,1,1,0.8553
1,policy,0,9,2,2,0.8522
1,policy,0,9,3,3,0.8482
1,policy,0,9,4,4,0.8482
1,policy,0,9,5,5,0.8415
1,policy,0,9,6,6,0.8454
1,policy,0,9,7,7,0.8415
1,policy,0,9,8,8,0.8365
1,policy,0,863,0,0,0.0694
1,policy,0,863,1,1,0.0663
1,policy,0,863,2,1,0.0663
1,policy,0,863,3,2,0.2874
1,policy,0,863,4,3,0.2874
1,policy,0,863,5,4,0.2874
1,policy,0,863,6,5,0.2874
1,policy,0,863,7,6,0.2816
1,policy,0,863,8,7,0.1396
1,policy,0,2370,0,0,0.0851
1,policy,0,2370,1,0,0.0851
1,policy,0,2370,2,0,0.0851
1,policy,0,2370,3,1,0.0000
1,policy,0,2370,4,2,0.0000
1,policy,0,2370,5,3,0.0000
1,policy,0,2370,6,4,0.0000
1,policy,0,2370,7,5,0.0000
1,policy,0,2370,8,6,0.0000
1,policy,0,3588,0,0,0.4330
1,policy,0,3588,1,1,0.7314
1,policy,0,3588,2,2,0.7152
1,policy,0,3588,3,3,0.6110
1,policy,0,3588,4,4,0.6178
1,policy,0,3588,5,5,0.6236
1,policy,0,3588,6,6,0.6236
1,policy,0,3588,7,7,0.6204
1,policy,0,3588,8,8,0.6137
1,policy,0,2915,0,0,0.0000
1,policy,0,2915,1,1,0.2122
1,policy,0,2915,2,2,0.3223
1,policy,0,2915,3,3,0.3437
1,policy,0,2915,4,4,0.4100
1,policy,0,2915,5,5,0.4131
1,policy,0,2915,6,6,0.4073
1,policy,0,2915,7,7,0.4131
1,policy,0,2915,8,8,0.2489
1,policy,0,4407,0,0,0.3758
1,policy,0,4407,1,1,0.4706
1,policy,0,4407,2,2,0.4003
1,policy,0,4407,3,3,0.4768
1,policy,0,4407,4,4,0.4819
1,policy,0,4407,5,5,0.4787
1,policy,0,4407,6,6,0.4787
1,policy,0,4407,7,7,0.4819
1,policy,0,4407,8,8,0.4819
1,policy,0,2416,0,0,0.0000
1,policy,0,2416,1,1,0.0000
1,policy,0,2416,2,2,0.0000
1,policy,0,2416,3,3,0.0000
1,policy,0,2416,4,3,0.0000
1,policy,0,2416,5,3,0.0000
1,policy,0,2416,6,3,0.0000
1,policy,0,2416,7,3,0.0000
1,policy,0,2416,8,4,0.0000
1,policy,0,5173,0,0,0.0000
1,policy,0,5173,1,0,0.0000
1,policy,0,5173,2,0,0.0000
1,policy,0,5173,3,0,0.0000
1,policy,0,5173,4,1,0.1265
1,policy,0,5173,5,1,0.1265
1,policy,0,5173,6,1,0.1265
1,policy,0,5173,7,1,0.1265
1,policy,0,5173,8,1,0.1265
1,policy,0,4915,0,0,0.2201
1,policy,0,4915,1,0,0.2201
1,policy,0,4915,2,1,0.2201
1,policy,0,4915,3,2,0.3590
1,policy,0,4915,4,3,0.3301
1,policy,0,4915,5,4,0.3301
1,policy,0,4915,6,5,0.3301
1,policy,0,4915,7,6,0.3301
1,policy,0,4915,8,7,0.3301
1,policy,0,4446,0,0,0.4252
1,policy,0,4446,1,1,0.4519
1,policy,0,4446,2,2,0.4784
1,policy,0,4446,3,3,0.4937
1,policy,0,4446,4,4,0.4937
1,policy,0,4446,5,5,0.5101
1,policy,0,4446,6,6,0.5101
1,policy,0,4446,7,7,0.5101
1,policy,0,4446,8,8,0.5389
1,policy,0,5549,0,0,0.8900
1,policy,0,5549,1,1,0.8205
1,policy,0,5549,2,2,0.8611
1,policy,0,5549,3,3,0.8611
1,policy,0,5549,4,4,0.8611
1,policy,0,5549,5,5,0.8611
1,policy,0,5549,6,6,0.8611
1,policy,0,5549,7,7,0.8611
1,policy,0,5549,8,8,0.8611
1,policy,0,2431,0,0,0.3542
1,policy,0,2431,1,0,0.3542
1,policy,0,2431,2,0,0.3542
1,policy,0,2431,3,1,0.7008
1,policy,0,2431,4,2,0.6840
1,policy,0,2431,5,3,0.7034
1,policy,0,2431,6,4,0.6995
1,policy,0,2431,7,5,0.6968
1,policy,0,2431,8,6,0.6968
1,policy,0,4918,0,0,0.3024
1,policy,0,4918,1,0,0.3024
1,policy,0,4918,2,0,0.3024
1,policy,0,4918,3,1,0.4153
1,policy,0,4918,4,2,0.3437
1,policy,0,4918,5,2,0.3437
1,policy,0,4918,6,3,0.4249
1,policy,0,4918,7,4,0.4885
1,policy,0,4918,8,4,0.4885
1,policy,0,3343,0,0,0.2180
1,policy,0,3343,1,0,0.2180
1,policy,0,3343,2,0,0.2180
1,policy,0,3343,3,1,0.4734
1,policy,0,3343,4,2,0.5232
1,policy,0,3343,5,3,0.4722
1,policy,0,3343,6,4,0.4815
1,policy,0,3343,7,5,0.4815
1,policy,0,3343,8,5,0.4815
1,policy,0,3736,0,0,0.6379
1,policy,0,3736,1,1,0.4441
1,policy,0,3736,2,2,0.6722
1,policy,0,3736,3,3,0.6780
1,policy,0,3736,4,4,0.6780
1,policy,0,3736,5,5,0.6780
1,policy,0,3736,6,6,0.6602
1,policy,0,3736,7,7,0.6628
1,policy,0,3736,8,8,0.6976
1,policy,0,2110,0,0,0.1131
1,policy,0,2110,1,0,0.1131
1,policy,0,2110,2,0,0.1131
1,policy,0,2110,3,1,0.0000
1,policy,0,2110,4,1,0.0000
1,policy,0,2110,5,1,0.0000
1,policy,0,2110,6,2,0.0000
1,policy,0,2110,7,3,0.0000
1,policy,0,2110,8,3,0.0000
1,policy,0,3782,0,0,0.2201
1,policy,0,3782,1,0,0.2201
1,policy,0,3782,2,0,0.2201
1,policy,0,3782,3,1,0.3301
1,policy,0,3782,4,1,0.3301
1,policy,0,3782,5,1,0.3301
1,policy,0,3782,6,2,0.3301
1,policy,0,3782,7,2,0.3301
1,policy,0,3782,8,2,0.3301
1,policy,0,5362,0,0,0.4857
1,policy,0,5362,1,0,0.4857
1,policy,0,5362,2,1,0.7799
1,policy,0,5362,3,2,0.7163
1,policy,0,5362,4,3,0.7799
1,policy,0,5362,5,4,0.8611
1,policy,0,5362,6,5,0.8611
1,policy,0,5362,7,6,0.8611
1,policy,0,5362,8,7,0.8611
1,policy,0,4839,0,0,0.0734
1,policy,0,4839,1,0,0.0734
1,policy,0,4839,2,0,0.0734
1,policy,0,4839,3,1,0.0636
1,policy,0,4839,4,2,0.0663
1,policy,0,4839,5,3,0.0734
1,policy,0,4839,6,4,0.1478
1,policy,0,4839,7,4,0.1478
1,policy,0,4839,8,5,0.2141
1,policy,0,5739,0,0,0.1596
1,policy,0,5739,1,0,0.1596
1,policy,0,5739,2,1,0.0798
1,policy,0,5739,3,2,0.0798
1,policy,0,5739,4,3,0.1990
1,policy,0,5739,5,4,0.2243
1,policy,0,5739,6,5,0.3085
1,policy,0,5739,7,5,0.3085
1,policy,0,5739,8,6,0.2354
1,policy,0,4541,0,0,0.0000
1,policy,0,4541,1,0,0.0000
1,policy,0,4541,2,0,0.0000
1,policy,0,4541,3,1,0.3586
1,policy,0,4541,4,1,0.3586
1,policy,0,4541,5,1,0.3586
1,policy,0,4541,6,2,0.3170
1,policy,0,4541,7,2,0.3170
1,policy,0,4541,8,2,0.3170
1,policy,0,5964,0,0,0.0000
1,policy,0,5964,1,0,0.0000
1,policy,0,5964,2,0,0.0000
1,policy,0,5964,3,1,0.0000
1,policy,0,5964,4,2,0.0000
1,policy,0,5964,5,2,0.0000
1,policy,0,5964,6,2,0.0000
1,policy,0,5964,7,2,0.0000
1,policy,0,5964,8,3,0.0000
1,policy,0,2130,0,0,0.9306
1,policy,0,2130,1,1,0.9364
1,policy,0,2130,2,2,0.8604
1,policy,0,2130,3,3,0.8572
1,policy,0,2130,4,4,0.8572
1,policy,0,2130,5,5,0.7936
1,policy,0,2130,6,6,0.7936
1,policy,0,2130,7,7,0.8572
1,policy,0,2130,8,8,0.8572
1,policy,0,5494,0,0,0.3786
1,policy,0,5494,1,0,0.3786
1,policy,0,5494,2,0,0.3786
1,policy,0,5494,3,0,0.3786
1,policy,0,5494,4,1,0.3301
1,policy,0,5494,5,1,0.3301
1,policy,0,5494,6,1,0.3301
1,policy,0,5494,7,2,0.3301
1,policy,0,5494,8,2,0.3301
1,policy,0,1586,0,0,0.0851
1,policy,0,1586,1,1,0.3098
1,policy,0,1586,2,2,0.1299
1,policy,0,1586,3,3,0.1299
1,policy,0,1586,4,4,0.1993
1,policy,0,1586,5,5,0.1993
1,policy,0,1586,6,6,0.1428
1,policy,0,1586,7,7,0.1428
1,policy,0,1586,8,8,0.1428
1,policy,0,650,0,0,0.8116
1,policy,0,650,1,1,0.8611
1,policy,0,650,2,2,0.8611
1,policy,0,650,3,3,0.8611
1,policy,0,650,4,4,0.8611
1,policy,0,650,5,5,0.8611
1,policy,0,650,6,6,0.7313
1,policy,0,650,7,7,0.7215
1,policy,0,650,8,8,0.7215
1,policy,0,2011,0,0,0.3715
1,policy,0,2011,1,1,0.7753
1,policy,0,2011,2,2,0.7066
1,policy,0,2011,3,3,0.6805
1,policy,0,2011,4,4,0.6805
1,policy,0,2011,5,5,0.6870
1,policy,0,2011,6,6,0.6938
1,policy,0,2011,7,7,0.6805
1,policy,0,2011,8,8,0.6754
1,policy,0,6007,0,0,0.3341
1,policy,0,6007,1,0,0.3341
1,policy,0,6007,2,0,0.3341
1,policy,0,6007,3,1,0.4074
1,policy,0,6007,4,2,0.4736
1,policy,0,6007,5,2,0.4736
1,policy,0,6007,6,3,0.4794
1,policy,0,6007,7,4,0.4171
1,policy,0,6007,8,5,0.4131
1,policy,0,5044,0,0,0.0000
1,policy,0,5044,1,0,0.0000
1,policy,0,5044,2,0,0.0000
1,policy,0,5044,3,0,0.0000
1,policy,0,5044,4,1,0.0867
1,policy,0,5044,5,1,0.0867
1,policy,0,5044,6,1,0.0867
1,policy,0,5044,7,2,0.0000
1,policy,0,5044,8,2,0.0000
1,policy,0,2227,0,0,0.2867
1,policy,0,2227,1,0,0.2867
1,policy,0,2227,2,1,0.4666
1,policy,0,2227,3,2,0.4734
1,policy,0,2227,4,3,0.4558
1,policy,0,2227,5,4,0.4202
1,policy,0,2227,6,5,0.4202
1,policy,0,2227,7,6,0.4229
1,policy,0,2227,8,7,0.4517
1,policy,0,2595,0,0,0.0000
1,policy,0,2595,1,0,0.0000
1,policy,0,2595,2,0,0.0000
1,policy,0,2595,3,1,0.0000
1,policy,0,2595,4,2,0.0734
1,policy,0,2595,5,2,0.0734
1,policy,0,2595,6,3,0.0636
1,policy,0,2595,7,4,0.0663
1,policy,0,2595,8,5,0.0663
1,policy,0,2426,0,0,0.2201
1,policy,0,2426,1,1,0.3882
1,policy,0,2426,2,1,0.3882
1,policy,0,2426,3,2,0.4249
1,policy,0,2426,4,3,0.4249
1,policy,0,2426,5,4,0.4249
1,policy,0,2426,6,5,0.4249
1,policy,0,2426,7,6,0.4249
1,policy,0,2426,8,6,0.4249
1,policy,0,3355,0,0,0.6016
1,policy,0,3355,1,1,0.7152
1,policy,0,3355,2,2,0.7084
1,policy,0,3355,3,3,0.6988
1,policy,0,3355,4,4,0.6988
1,policy,0,3355,5,5,0.6872
1,policy,0,3355,6,6,0.6872
1,policy,0,3355,7,7,0.6872
1,policy,0,3355,8,8,0.6773
1,policy,0,5088,0,0,0.0000
1,policy,0,5088,1,0,0.0000
1,policy,0,5088,2,0,0.0000
1,policy,0,5088,3,1,0.0000
1,policy,0,5088,4,1,0.0000
1,policy,0,5088,5,1,0.0000
1,policy,0,5088,6,2,0.0784
1,policy,0,5088,7,3,0.0636
1,policy,0,5088,8,3,0.0636
1,policy,0,4268,0,0,0.0000
1,policy,0,4268,1,1,0.0784
1,policy,0,4268,2,2,0.0694
1,policy,0,4268,3,3,0.0694
1,policy,0,4268,4,4,0.0663
1,policy,0,4268,5,5,0.0000
1,policy,0,4268,6,5,0.0000
1,policy,0,4268,7,6,0.0000
1,policy,0,4268,8,7,0.0000
1,policy,0,526,0,0,0.3052
1,policy,0,526,1,0,0.3052
1,policy,0,526,2,0,0.3052
1,policy,0,526,3,1,0.2201
1,policy,0,526,4,1,0.2201
1,policy,0,526,5,1,0.2201
1,policy,0,526,6,2,0.2201
1,policy,0,526,7,3,0.2201
1,policy,0,526,8,3,0.2201
1,policy,0,2291,0,0,0.0000
1,policy,0,2291,1,1,0.0000
1,policy,0,2291,2,2,0.1208
1,policy,0,2291,3,3,0.2189
1,policy,0,2291,4,4,0.2189
1,policy,0,2291,5,4,0.2189
1,policy,0,2291,6,4,0.2189
1,policy,0,2291,7,5,0.2189
1,policy,0,2291,8,5,0.2189
1,policy,0,5980,0,0,0.0000
1,policy,0,5980,1,1,0.0694
1,policy,0,5980,2,2,0.1420
1,policy,0,5980,3,3,0.1488
1,policy,0,5980,4,4,0.1546
1,policy,0,5980,5,5,0.1585
1,policy,0,5980,6,6,0.1514
1,policy,0,5980,7,7,0.1585
1,policy,0,5980,8,8,0.0851
1,policy,0,1692,0,0,0.4459
1,policy,0,1692,1,1,0.5501
1,policy,0,1692,2,2,0.4630
1,policy,0,1692,3,3,0.4706
1,policy,0,1692,4,4,0.5342
1,policy,0,1692,5,5,0.5342
1,policy,0,1692,6,6,0.6004
1,policy,0,1692,7,7,0.6004
1,policy,0,1692,8,8,0.5271
1,policy,0,4601,0,0,0.0000
1,policy,0,4601,1,1,0.0000
1,policy,0,4601,2,2,0.1389
1,policy,0,4601,3,3,0.1389
1,policy,0,4601,4,3,0.1389
1,policy,0,4601,5,3,0.1389
1,policy,0,4601,6,4,0.1389
1,policy,0,4601,7,5,0.1389
1,policy,0,4601,8,6,0.1389
1,policy,0,5264,0,0,0.3621
1,policy,0,5264,1,1,0.6313
1,policy,0,5264,2,1,0.6313
1,policy,0,5264,3,2,0.7126
1,policy,0,5264,4,3,0.7058
1,policy,0,5264,5,4,0.7008
1,policy,0,5264,6,5,0.7126
1,policy,0,5264,7,6,0.7116
1,policy,0,5264,8,7,0.7682
1,policy,0,1534,0,0,0.0000
1,policy,0,1534,1,1,0.0000
1,policy,0,1534,2,1,0.0000
1,policy,0,1534,3,2,0.0000
1,policy,0,1534,4,2,0.0000
1,policy,0,1534,5,2,0.0000
1,policy,0,1534,6,3,0.0000
1,policy,0,1534,7,4,0.0000
1,policy,0,1534,8,5,0.0000
1,policy,0,233,0,0,0.1331
1,policy,0,233,1,1,0.1635
1,policy,0,233,2,1,0.1635
1,policy,0,233,3,2,0.0000
1,policy,0,233,4,3,0.0000
1,policy,0,233,5,4,0.0000
1,policy,0,233,6,4,0.0000
1,policy,0,233,7,5,0.0000
1,policy,0,233,8,6,0.0000
1,policy,0,2988,0,0,0.2083
1,policy,0,2988,1,1,0.3917
1,policy,0,2988,2,2,0.2337
1,policy,0,2988,3,3,0.2051
1,policy,0,2988,4,4,0.2051
1,policy,0,2988,5,4,0.2051
1,policy,0,2988,6,5,0.1389
1,policy,0,2988,7,6,0.1389
1,policy,0,2988,8,7,0.2719
1,policy,0,5717,0,0,0.5829
1,policy,0,5717,1,1,0.6274
1,policy,0,5717,2,2,0.6962
1,policy,0,5717,3,3,0.7624
1,policy,0,5717,4,4,0.6988
1,policy,0,5717,5,5,0.6988
1,policy,0,5717,6,6,0.7066
1,policy,0,5717,7,7,0.7034
1,policy,0,5717,8,8,0.7034
1,policy,0,2730,0,0,0.6332
1,policy,0,2730,1,1,0.6840
1,policy,0,2730,2,2,0.6872
1,policy,0,2730,3,3,0.6911
1,policy,0,2730,4,4,0.6911
1,policy,0,2730,5,5,0.6300
1,policy,0,2730,6,6,0.6300
1,policy,0,2730,7,7,0.6332
1,policy,0,2730,8,8,0.6372
1,policy,0,5011,0,0,0.0000
1,policy,0,5011,1,0,0.0000
1,policy,0,5011,2,0,0.0000
1,policy,0,5011,3,1,0.0000
1,policy,0,5011,4,2,0.0000
1,policy,0,5011,5,2,0.0000
1,policy,0,5011,6,3,0.0000
1,policy,0,5011,7,4,0.0000
1,policy,0,5011,8,4,0.0000
1,policy,0,3894,0,0,0.0000
1,policy,0,3894,1,0,0.0000
1,policy,0,3894,2,1,0.0000
1,policy,0,3894,3,2,0.0000
1,policy,0,3894,4,3,0.0000
1,policy,0,3894,5,4,0.0000
1,policy,0,3894,6,5,0.0000
1,policy,0,3894,7,6,0.0000
1,policy,0,3894,8,7,0.0000
1,policy,0,4366,0,0,0.1732
1,policy,0,4366,1,1,0.0734
1,policy,0,4366,2,2,0.0000
1,policy,0,4366,3,3,0.0000
1,policy,0,4366,4,4,0.0000
1,policy,0,4366,5,4,0.0000
1,policy,0,4366,6,5,0.0000
1,policy,0,4366,7,6,0.0000
1,policy,0,4366,8,7,0.0000
1,policy,0,1636,0,0,0.0000
1,policy,0,1636,1,0,0.0000
1,policy,0,1636,2,0,0.0000
1,policy,0,1636,3,1,0.0784
1,policy,0,1636,4,2,0.0784
1,policy,0,1636,5,3,0.0784
1,policy,0,1636,6,4,0.0784
1,policy,0,1636,7,5,0.0784
1,policy,0,1636,8,6,0.0784
1,policy,0,5047,0,0,0.0000
1,policy,0,5047,1,1,0.1357
1,policy,0,5047,2,1,0.1357
1,policy,0,5047,3,2,0.1478
1,policy,0,5047,4,2,0.1478
1,policy,0,5047,5,2,0.1478
1,policy,0,5047,6,3,0.1357
1,policy,0,5047,7,4,0.1331
1,policy,0,5047,8,5,0.1478
1,policy,0,1527,0,0,0.6489
1,policy,0,1527,1,0,0.6489
1,policy,0,1527,2,1,0.2201
1,policy,0,1527,3,1,0.2201
1,policy,0,1527,4,2,0.2201
1,policy,0,1527,5,3,0.5622
1,policy,0,1527,6,4,0.4284
1,policy,0,1527,7,4,0.4284
1,policy,0,1527,8,5,0.4323
1,policy,0,5390,0,0,0.0843
1,policy,0,5390,1,0,0.0843
1,policy,0,5390,2,0,0.0843
1,policy,0,5390,3,1,0.0000
1,policy,0,5390,4,2,0.0000
1,policy,0,5390,5,2,0.0000
1,policy,0,5390,6,2,0.0000
1,policy,0,5390,7,3,0.0000
1,policy,0,5390,8,3,0.0000
1,policy,0,1111,0,0,0.9364
1,policy,0,1111,1,1,0.9337
1,policy,0,1111,2,2,1.0000
1,policy,0,1111,3,3,0.9337
1,policy,0,1111,4,4,0.9306
1,policy,0,1111,5,5,0.9337
1,policy,0,1111,6,6,0.9337
1,policy,0,1111,7,7,0.9266
1,policy,0,1111,8,8,0.9266
1,policy,0,3741,0,0,0.5405
1,policy,0,3741,1,1,0.8007
1,policy,0,3741,2,2,0.7152
1,policy,0,3741,3,3,0.7152
1,policy,0,3741,4,4,0.7152
1,policy,0,3741,5,5,0.7184
1,policy,0,3741,6,6,0.7184
1,policy,0,3741,7,7,0.7184
1,policy,0,3741,8,8,0.7223
1,policy,0,2778,0,0,0.1299
1,policy,0,2778,1,1,0.2686
1,policy,0,2778,2,2,0.5361
1,policy,0,2778,3,3,0.5737
1,policy,0,2778,4,4,0.5728
1,policy,0,2778,5,5,0.5696
1,policy,0,2778,6,6,0.5767
1,policy,0,2778,7,7,0.5619
1,policy,0,2778,8,8,0.5619
1,policy,0,483,0,0,0.0734
1,policy,0,483,1,0,0.0734
1,policy,0,483,2,1,0.1518
1,policy,0,483,3,2,0.1396
1,policy,0,483,4,3,0.1447
1,policy,0,483,5,4,0.1478
1,policy,0,483,6,4,0.1478
1,policy,0,483,7,5,0.1447
1,policy,0,483,8,6,0.1478
1,policy,0,706,0,0,0.1478
1,policy,0,706,1,0,0.1478
1,policy,0,706,2,0,0.1478
1,policy,0,706,3,1,0.2173
1,policy,0,706,4,2,0.2935
1,policy,0,706,5,3,0.2173
1,policy,0,706,6,4,0.2173
1,policy,0,706,7,5,0.2173
1,policy,0,706,8,6,0.1884
1,policy,0,1938,0,0,0.3917
1,policy,0,1938,1,1,0.2083
1,policy,0,1938,2,2,0.2686
1,policy,0,1938,3,3,0.1518
1,policy,0,1938,4,4,0.1518
1,policy,0,1938,5,5,0.1518
1,policy,0,1938,6,6,0.0694
1,policy,0,1938,7,7,0.0663
1,policy,0,1938,8,8,0.2583
1,policy,0,2064,0,0,0.7601
1,policy,0,2064,1,0,0.7601
1,policy,0,2064,2,0,0.7601
1,policy,0,2064,3,1,0.4085
1,policy,0,2064,4,2,0.4153
1,policy,0,2064,5,3,0.4153
1,policy,0,2064,6,4,0.4153
1,policy,0,2064,7,5,0.4153
1,policy,0,2064,8,6,0.4153
1,policy,0,5812,0,0,0.1795
1,policy,0,5812,1,1,0.5834
1,policy,0,5812,2,2,0.5696
1,policy,0,5812,3,3,0.5442
1,policy,0,5812,4,4,0.5442
1,policy,0,5812,5,5,0.4577
1,policy,0,5812,6,6,0.4627
1,policy,0,5812,7,7,0.4734
1,policy,0,5812,8,8,0.4734
1,policy,0,5552,0,0,0.4042
1,policy,0,5552,1,1,0.2247
1,policy,0,5552,2,2,0.3005
1,policy,0,5552,3,3,0.2583
1,policy,0,5552,4,4,0.2583
1,policy,0,5552,5,5,0.2533
1,policy,0,5552,6,6,0.2583
1,policy,0,5552,7,7,0.2533
1,policy,0,5552,8,8,0.4139
1,policy,0,2389,0,0,0.0000
1,policy,0,2389,1,0,0.0000
1,policy,0,2389,2,1,0.0636
1,policy,0,2389,3,2,0.0000
1,policy,0,2389,4,3,0.0663
1,policy,0,2389,5,4,0.0636
1,policy,0,2389,6,4,0.0636
1,policy,0,2389,7,5,0.0663
1,policy,0,2389,8,6,0.0000
1,policy,0,704,0,0,0.0663
1,policy,0,704,1,0,0.0663
1,policy,0,704,2,1,0.0000
1,policy,0,704,3,2,0.0784
1,policy,0,704,4,3,0.0734
1,policy,0,704,5,4,0.1518
1,policy,0,704,6,5,0.1518
1,policy,0,704,7,5,0.1518
1,policy,0,704,8,6,0.1518
1,policy,0,110,0,0,0.1635
1,policy,0,110,1,0,0.1635
1,policy,0,110,2,0,0.1635
1,policy,0,110,3,1,0.0948
1,policy,0,110,4,2,0.0948
1,policy,0,110,5,3,0.0851
1,policy,0,110,6,4,0.0851
1,policy,0,110,7,5,0.0851
1,policy,0,110,8,5,0.0851
1,policy,0,113,0,0,0.3590
1,policy,0,113,1,0,0.3590
1,policy,0,113,2,0,0.3590
1,policy,0,113,3,1,0.2201
1,policy,0,113,4,1,0.2201
1,policy,0,113,5,1,0.2201
1,policy,0,113,6,2,0.2837
1,policy,0,113,7,3,0.2201
1,policy,0,113,8,3,0.2201
1,policy,0,2754,0,0,0.0679
1,policy,0,2754,1,0,0.0679
1,policy,0,2754,2,0,0.0679
1,policy,0,2754,3,1,0.1483
1,policy,0,2754,4,1,0.1483
1,policy,0,2754,5,1,0.1483
1,policy,0,2754,6,2,0.1483
1,policy,0,2754,7,3,0.1483
1,policy,0,2754,8,3,0.1483
1,policy,0,1153,0,0,0.0000
1,policy,0,1153,1,0,0.0000
1,policy,0,1153,2,0,0.0000
1,policy,0,1153,3,1,0.0000
1,policy,0,1153,4,1,0.0000
1,policy,0,1153,5,1,0.0000
1,policy,0,1153,6,2,0.0000
1,policy,0,1153,7,3,0.0000
1,policy,0,1153,8,3,0.0000
1,policy,0,1196,0,0,0.0000
1,policy,0,1196,1,0,0.0000
1,policy,0,1196,2,0,0.0000
1,policy,0,1196,3,1,0.1012
1,policy,0,1196,4,1,0.1012
1,policy,0,1196,5,1,0.1012
1,policy,0,1196,6,2,0.0741
1,policy,0,1196,7,3,0.0909
1,policy,0,1196,8,3,0.0909
1,policy,0,5229,0,0,0.1834
1,policy,0,5229,1,1,0.4729
1,policy,0,5229,2,2,0.4041
1,policy,0,5229,3,3,0.3822
1,policy,0,5229,4,4,0.3975
1,policy,0,5229,5,5,0.3949
1,policy,0,5229,6,6,0.4016
1,policy,0,5229,7,7,0.3975
1,policy,0,5229,8,8,0.3822
1,policy,0,5984,0,0,0.1546
1,policy,0,5984,1,0,0.1546
1,policy,0,5984,2,0,0.1546
1,policy,0,5984,3,1,0.2051
1,policy,0,5984,4,2,0.2173
1,policy,0,5984,5,3,0.3636
1,policy,0,5984,6,4,0.3453
1,policy,0,5984,7,5,0.3503
1,policy,0,5984,8,5,0.3503
1,policy,0,1282,0,0,0.0000
1,policy,0,1282,1,0,0.0000
1,policy,0,1282,2,1,0.1357
1,policy,0,1282,3,2,0.1396
1,policy,0,1282,4,3,0.2182
1,policy,0,1282,5,4,0.1428
1,policy,0,1282,6,4,0.1428
1,policy,0,1282,7,5,0.2115
1,policy,0,1282,8,6,0.1478
1,policy,0,3945,0,0,0.6321
1,policy,0,3945,1,1,0.5510
1,policy,0,3945,2,2,0.7779
1,policy,0,3945,3,3,0.7163
1,policy,0,3945,4,4,0.7105
1,policy,0,3945,5,5,0.7105
1,policy,0,3945,6,6,0.6403
1,policy,0,3945,7,7,0.6403
1,policy,0,3945,8,8,0.6403
1,policy,0,3853,0,0,0.3882
1,policy,0,3853,1,1,0.2201
1,policy,0,3853,2,2,0.3149
1,policy,0,3853,3,3,0.3215
1,policy,0,3853,4,4,0.2497
1,policy,0,3853,5,5,0.1834
1,policy,0,3853,6,6,0.1834
1,policy,0,3853,7,7,0.2895
1,policy,0,3853,8,8,0.2122
1,policy,0,3762,0,0,0.6332
1,policy,0,3762,1,1,0.8553
1,policy,0,3762,2,2,0.8580
1,policy,0,3762,3,3,0.8522
1,policy,0,3762,4,4,0.8553
1,policy,0,3762,5,5,0.8553
1,policy,0,3762,6,6,0.8580
1,policy,0,3762,7,7,0.8553
1,policy,0,3762,8,8,0.7885
1,policy,0,2173,0,0,0.5193
1,policy,0,2173,1,0,0.5193
1,policy,0,2173,2,0,0.5193
1,policy,0,2173,3,1,0.4252
1,policy,0,2173,4,2,0.4374
1,policy,0,2173,5,3,0.5837
1,policy,0,2173,6,4,0.5654
1,policy,0,2173,7,5,0.5704
1,policy,0,2173,8,5,0.5704
1,policy,0,5749,0,0,0.1389
1,policy,0,5749,1,1,0.1331
1,policy,0,5749,2,2,0.1610
1,policy,0,5749,3,3,0.1585
1,policy,0,5749,4,4,0.1682
1,policy,0,5749,5,5,0.1682
1,policy,0,5749,6,6,0.0948
1,policy,0,5749,7,7,0.1610
1,policy,0,5749,8,8,0.0851
1,policy,0,3083,0,0,0.0000
1,policy,0,3083,1,1,0.0000
1,policy,0,3083,2,2,0.0734
1,policy,0,3083,3,3,0.0734
1,policy,0,3083,4,4,0.0734
1,policy,0,3083,5,4,0.0734
1,policy,0,3083,6,5,0.0734
1,policy,0,3083,7,6,0.0734
1,policy,0,3083,8,7,0.0734
1,policy,0,563,0,0,0.1952
1,policy,0,563,1,0,0.1952
1,policy,0,563,2,0,0.1952
1,policy,0,563,3,1,0.0694
1,policy,0,563,4,1,0.0694
1,policy,0,563,5,2,0.1834
1,policy,0,563,6,3,0.1834
1,policy,0,563,7,4,0.1732
1,policy,0,563,8,5,0.1732
1,policy,0,2791,0,0,0.4545
1,policy,0,2791,1,0,0.4545
1,policy,0,2791,2,1,0.2298
1,policy,0,2791,3,2,0.2154
1,policy,0,2791,4,3,0.2272
1,policy,0,2791,5,4,0.2298
1,policy,0,2791,6,5,0.2816
1,policy,0,2791,7,6,0.2816
1,policy,0,2791,8,7,0.2816
1,policy,0,1840,0,0,0.5045
1,policy,0,1840,1,1,0.5919
1,policy,0,1840,2,2,0.5174
1,policy,0,1840,3,3,0.2884
1,policy,0,1840,4,4,0.2141
1,policy,0,1840,5,5,0.2180
1,policy,0,1840,6,6,0.2180
1,policy,0,1840,7,7,0.2212
1,policy,0,1840,8,8,0.2212
1,policy,0,3750,0,0,0.6969
1,policy,0,3750,1,1,0.5774
1,policy,0,3750,2,2,0.4545
1,policy,0,3750,3,3,0.5527
1,policy,0,3750,4,4,0.6473
1,policy,0,3750,5,5,0.6473
1,policy,0,3750,6,6,0.6473
1,policy,0,3750,7,7,0.6570
1,policy,0,3750,8,8,0.6602
1,policy,0,1204,0,0,0.0000
1,policy,0,1204,1,0,0.0000
1,policy,0,1204,2,0,0.0000
1,policy,0,1204,3,1,0.1100
1,policy,0,1204,4,1,0.1100
1,policy,0,1204,5,2,0.0000
1,policy,0,1204,6,3,0.0000
1,policy,0,1204,7,4,0.0000
1,policy,0,1204,8,5,0.0000
1,policy,0,51,0,0,0.1370
1,policy,0,51,1,0,0.1370
1,policy,0,51,2,1,0.1682
1,policy,0,51,3,2,0.1635
1,policy,0,51,4,3,0.1585
1,policy,0,51,5,4,0.1518
1,policy,0,51,6,5,0.1518
1,policy,0,51,7,6,0.1518
1,policy,0,51,8,7,0.1585
1,policy,0,3728,0,0,0.7788
1,policy,0,3728,1,1,0.6969
1,policy,0,3728,2,2,0.8604
1,policy,0,3728,3,3,0.9364
1,policy,0,3728,4,4,0.9364
1,policy,0,3728,5,5,0.9337
1,policy,0,3728,6,6,0.9337
1,policy,0,3728,7,7,0.9364
1,policy,0,3728,8,8,0.9364
1,policy,0,1159,0,0,0.3786
1,policy,0,1159,1,0,0.3786
1,policy,0,1159,2,1,0.0734
1,policy,0,1159,3,2,0.0000
1,policy,0,1159,4,3,0.0000
1,policy,0,1159,5,4,0.0636
1,policy,0,1159,6,4,0.0636
1,policy,0,1159,7,5,0.0000
1,policy,0,1159,8,6,0.0636
1,policy,0,492,0,0,0.2212
1,policy,0,492,1,1,0.3024
1,policy,0,492,2,2,0.2489
1,policy,0,492,3,3,0.3909
1,policy,0,492,4,4,0.4003
1,policy,0,492,5,5,0.4035
1,policy,0,492,6,6,0.4035
1,policy,0,492,7,7,0.4035
1,policy,0,492,8,8,0.4003
1,policy,0,5657,0,0,0.1389
1,policy,0,5657,1,1,0.1389
1,policy,0,5657,2,2,0.2122
1,policy,0,5657,3,3,0.2122
1,policy,0,5657,4,4,0.2122
1,policy,0,5657,5,5,0.2173
1,policy,0,5657,6,6,0.2122
1,policy,0,5657,7,7,0.2122
1,policy,0,5657,8,8,0.2122
1,policy,0,4907,0,0,0.2173
1,policy,0,4907,1,0,0.2173
1,policy,0,4907,2,0,0.2173
1,policy,0,4907,3,1,0.3811
1,policy,0,4907,4,2,0.3689
1,policy,0,4907,5,2,0.3689
1,policy,0,4907,6,3,0.3689
1,policy,0,4907,7,4,0.3715
1,policy,0,4907,8,5,0.4351
1,policy,0,2276,0,0,0.0000
1,policy,0,2276,1,0,0.0000
1,policy,0,2276,2,0,0.0000
1,policy,0,2276,3,1,0.0000
1,policy,0,2276,4,1,0.0000
1,policy,0,2276,5,2,0.0000
1,policy,0,2276,6,3,0.0000
1,policy,0,2276,7,3,0.0000
1,policy,0,2276,8,3,0.0000
1,policy,0,4534,0,0,0.3733
1,policy,0,4534,1,1,0.4858
1,policy,0,4534,2,2,0.6285
1,policy,0,4534,3,3,0.6285
1,policy,0,4534,4,4,0.6285
1,policy,0,4534,5,5,0.6311
1,policy,0,4534,6,6,0.6311
1,policy,0,4534,7,7,0.6285
1,policy,0,4534,8,8,0.6253
1,policy,0,2798,0,0,0.0679
1,policy,0,2798,1,0,0.0679
1,policy,0,2798,2,0,0.0679
1,policy,0,2798,3,1,0.0000
1,policy,0,2798,4,1,0.0000
1,policy,0,2798,5,1,0.0000
1,policy,0,2798,6,2,0.0741
1,policy,0,2798,7,2,0.0741
1,policy,0,2798,8,2,0.0741
1,policy,0,276,0,0,0.2434
1,policy,0,276,1,0,0.2434
1,policy,0,276,2,0,0.2434
1,policy,0,276,3,1,0.3062
1,policy,0,276,4,2,0.4713
1,policy,0,276,5,3,0.3811
1,policy,0,276,6,4,0.3783
1,policy,0,276,7,5,0.4449
1,policy,0,276,8,6,0.3783
1,policy,0,546,0,0,0.2090
1,policy,0,546,1,1,0.3120
1,policy,0,546,2,2,0.1834
1,policy,0,546,3,3,0.1100
1,policy,0,546,4,4,0.1100
1,policy,0,546,5,5,0.1763
1,policy,0,546,6,6,0.1763
1,policy,0,546,7,7,0.1100
1,policy,0,546,8,8,0.1100
1,policy,0,2506,0,0,0.6570
1,policy,0,2506,1,1,0.7601
1,policy,0,2506,2,2,1.0000
1,policy,0,2506,3,3,1.0000
1,policy,0,2506,4,4,1.0000
1,policy,0,2506,5,5,1.0000
1,policy,0,2506,6,6,1.0000
1,policy,0,2506,7,7,0.9266
1,policy,0,2506,8,8,1.0000
1,policy,0,4837,0,0,0.0636
1,policy,0,4837,1,0,0.0636
1,policy,0,4837,2,0,0.0636
1,policy,0,4837,3,1,0.0000
1,policy,0,4837,4,2,0.0000
1,policy,0,4837,5,2,0.0000
1,policy,0,4837,6,3,0.0000
1,policy,0,4837,7,4,0.0000
1,policy,0,4837,8,4,0.0000
1,policy,0,57,0,0,1.0000
1,policy,0,57,1,1,1.0000
1,policy,0,57,2,2,1.0000
1,policy,0,57,3,3,1.0000
1,policy,0,57,4,4,1.0000
1,policy,0,57,5,5,1.0000
1,policy,0,57,6,6,1.0000
1,policy,0,57,7,7,1.0000
1,policy,0,57,8,8,1.0000
1,policy,0,5569,0,0,0.4899
1,policy,0,5569,1,1,0.8454
1,policy,0,5569,2,2,0.9266
1,policy,0,5569,3,3,0.8522
1,policy,0,5569,4,4,0.8522
1,policy,0,5569,5,5,0.8553
1,policy,0,5569,6,6,0.8604
1,policy,0,5569,7,7,0.8522
1,policy,0,5569,8,8,0.8415
1,policy,0,5534,0,0,0.4983
1,policy,0,5534,1,1,0.2935
1,policy,0,5534,2,2,0.2985
1,policy,0,5534,3,3,0.3647
1,policy,0,5534,4,4,0.3679
1,policy,0,5534,5,5,0.3843
1,policy,0,5534,6,6,0.3843
1,policy,0,5534,7,7,0.3933
1,policy,0,5534,8,8,0.4000
1,policy,0,1178,0,0,0.7574
1,policy,0,1178,1,1,0.7656
1,policy,0,1178,2,2,0.7695
1,policy,0,1178,3,3,0.8454
1,policy,0,1178,4,4,0.8486
1,policy,0,1178,5,5,0.8580
1,policy,0,1178,6,6,0.8580
1,policy,0,1178,7,7,0.8669
1,policy,0,1178,8,8,0.8669
1,policy,0,5489,0,0,0.2900
1,policy,0,5489,1,1,0.2173
1,policy,0,5489,2,2,0.2083
1,policy,0,5489,3,3,0.1884
1,policy,0,5489,4,4,0.1834
1,policy,0,5489,5,5,0.1834
1,policy,0,5489,6,6,0.1795
1,policy,0,5489,7,7,0.1834
1,policy,0,5489,8,8,0.1884
1,policy,0,2121,0,0,0.7656
1,policy,0,2121,1,1,0.5811
1,policy,0,2121,2,2,0.8572
1,policy,0,2121,3,3,0.7859
1,policy,0,2121,4,4,0.7859
1,policy,0,2121,5,5,0.7846
1,policy,0,2121,6,6,0.7846
1,policy,0,2121,7,7,0.7702
1,policy,0,2121,8,8,0.7702
1,policy,0,2735,0,0,0.2436
1,policy,0,2735,1,1,0.1585
1,policy,0,2735,2,1,0.1585
1,policy,0,2735,3,2,0.0663
1,policy,0,2735,4,3,0.0663
1,policy,0,2735,5,4,0.0663
1,policy,0,2735,6,5,0.0663
1,policy,0,2735,7,6,0.0663
1,policy,0,2735,8,6,0.0663
1,policy,0,4309,0,0,0.9306
1,policy,0,4309,1,0,0.9306
1,policy,0,4309,2,1,0.6969
1,policy,0,4309,3,2,0.7133
1,policy,0,4309,4,3,0.6371
1,policy,0,4309,5,4,0.7183
1,policy,0,4309,6,5,0.6521
1,policy,0,4309,7,6,0.6521
1,policy,0,4309,8,7,0.6809
1,policy,0,1046,0,0,0.2489
1,policy,0,1046,1,0,0.2489
1,policy,0,1046,2,1,0.2686
1,policy,0,1046,3,2,0.3843
1,policy,0,1046,4,3,0.4284
1,policy,0,1046,5,4,0.4284
1,policy,0,1046,6,5,0.4323
1,policy,0,1046,7,6,0.4323
1,policy,0,1046,8,7,0.4035
1,policy,0,5913,0,0,0.0663
1,policy,0,5913,1,1,0.0000
1,policy,0,5913,2,2,0.0000
1,policy,0,5913,3,3,0.0000
1,policy,0,5913,4,4,0.0000
1,policy,0,5913,5,5,0.0000
1,policy,0,5913,6,5,0.0000
1,policy,0,5913,7,6,0.0000
1,policy,0,5913,8,6,0.0000
1,policy,0,1208,0,0,0.1389
1,policy,0,1208,1,1,0.3785
1,policy,0,1208,2,2,0.2985
1,policy,0,1208,3,3,0.2935
1,policy,0,1208,4,4,0.2985
1,policy,0,1208,5,5,0.2985
1,policy,0,1208,6,6,0.2985
1,policy,0,1208,7,7,0.2985
1,policy,0,1208,8,8,0.2985
1,policy,0,1158,0,0,0.0979
1,policy,0,1158,1,0,0.0979
1,policy,0,1158,2,1,0.0000
1,policy,0,1158,3,2,0.0000
1,policy,0,1158,4,3,0.1596
1,policy,0,1158,5,4,0.1596
1,policy,0,1158,6,5,0.1596
1,policy,0,1158,7,6,0.1596
1,policy,0,1158,8,7,0.2529
1,policy,0,2478,0,0,0.2173
1,policy,0,2478,1,0,0.2173
1,policy,0,2478,2,0,0.2173
1,policy,0,2478,3,1,0.0851
1,policy,0,2478,4,2,0.0851
1,policy,0,2478,5,3,0.0784
1,policy,0,2478,6,4,0.0784
1,policy,0,2478,7,5,0.0784
1,policy,0,2478,8,5,0.0784
1,policy,0,4243,0,0,0.0000
1,policy,0,4243,1,0,0.0000
1,policy,0,4243,2,0,0.0000
1,policy,0,4243,3,1,0.0000
1,policy,0,4243,4,2,0.0000
1,policy,0,4243,5,3,0.0000
1,policy,0,4243,6,3,0.0000
1,policy,0,4243,7,4,0.0000
1,policy,0,4243,8,4,0.0000
1,policy,0,1346,0,0,0.0948
1,policy,0,1346,1,1,0.1732
1,policy,0,1346,2,2,0.2743
1,policy,0,1346,3,3,0.2743
1,policy,0,1346,4,4,0.3215
1,policy,0,1346,5,5,0.3241
1,policy,0,1346,6,6,0.3675
1,policy,0,1346,7,7,0.3675
1,policy,0,1346,8,8,0.2942
1,policy,0,4315,0,0,0.3052
1,policy,0,4315,1,0,0.3052
1,policy,0,4315,2,0,0.3052
1,policy,0,4315,3,1,0.0663
1,policy,0,4315,4,2,0.0663
1,policy,0,4315,5,3,0.0694
1,policy,0,4315,6,4,0.0694
1,policy,0,4315,7,5,0.0694
1,policy,0,4315,8,6,0.0694
1,policy,0,3424,0,0,0.9266
1,policy,0,3424,1,1,0.6458
1,policy,0,3424,2,2,0.7788
1,policy,0,3424,3,3,0.8604
1,policy,0,3424,4,4,0.8604
1,policy,0,3424,5,5,0.8553
1,policy,0,3424,6,6,0.8604
1,policy,0,3424,7,7,0.7917
1,policy,0,3424,8,8,0.9306
1,policy,0,1617,0,0,0.2863
1,policy,0,1617,1,1,0.4946
1,policy,0,1617,2,2,0.2173
1,policy,0,1617,3,3,0.1610
1,policy,0,1617,4,4,0.1642
1,policy,0,1617,5,4,0.1642
1,policy,0,1617,6,5,0.1610
1,policy,0,1617,7,6,0.2305
1,policy,0,1617,8,6,0.2305
1,policy,0,3664,0,0,0.4369
1,policy,0,3664,1,1,0.6898
1,policy,0,3664,2,2,0.6325
1,policy,0,3664,3,3,0.6204
1,policy,0,3664,4,4,0.6051
1,policy,0,3664,5,5,0.6122
1,policy,0,3664,6,6,0.6122
1,policy,0,3664,7,7,0.6051
1,policy,0,3664,8,8,0.6051
1,policy,0,2743,0,0,0.3392
1,policy,0,2743,1,0,0.3392
1,policy,0,2743,2,0,0.3392
1,policy,0,2743,3,1,0.0000
1,policy,0,2743,4,2,0.0000
1,policy,0,2743,5,2,0.0000
1,policy,0,2743,6,3,0.0000
1,policy,0,2743,7,4,0.0000
1,policy,0,2743,8,5,0.0000
1,policy,0,3260,0,0,0.7601
1,policy,0,3260,1,1,0.8643
1,policy,0,3260,2,2,0.5638
1,policy,0,3260,3,3,0.4441
1,policy,0,3260,4,4,0.5077
1,policy,0,3260,5,5,0.5077
1,policy,0,3260,6,6,0.5077
1,policy,0,3260,7,7,0.5077
1,policy,0,3260,8,8,0.5326
1,policy,0,1937,0,0,0.2240
1,policy,0,1937,1,1,0.4249
1,policy,0,1937,2,2,0.5010
1,policy,0,1937,3,3,0.4959
1,policy,0,1937,4,4,0.5010
1,policy,0,1937,5,5,0.5010
1,policy,0,1937,6,6,0.5010
1,policy,0,1937,7,7,0.5010
1,policy,0,1937,8,8,0.5010
1,policy,0,2799,0,0,0.1584
1,policy,0,2799,1,0,0.1584
1,policy,0,2799,2,1,0.0734
1,policy,0,2799,3,2,0.0663
1,policy,0,2799,4,3,0.0694
1,policy,0,2799,5,4,0.0694
1,policy,0,2799,6,4,0.0694
1,policy,0,2799,7,5,0.0694
1,policy,0,2799,8,6,0.0694
1,policy,0,4440,0,0,0.1009
1,policy,0,4440,1,0,0.1009
1,policy,0,4440,2,0,0.1009
1,policy,0,4440,3,1,0.1513
1,policy,0,4440,4,2,0.1513
1,policy,0,4440,5,2,0.1513
1,policy,0,4440,6,3,0.1513
1,policy,0,4440,7,4,0.1513
1,policy,0,4440,8,5,0.1513
1,policy,0,700,0,0,0.0663
1,policy,0,700,1,1,0.0948
1,policy,0,700,2,2,0.1389
1,policy,0,700,3,3,0.0000
1,policy,0,700,4,4,0.0000
1,policy,0,700,5,5,0.0000
1,policy,0,700,6,6,0.0000
1,policy,0,700,7,7,0.0000
1,policy,0,700,8,8,0.0000
1,policy,0,3,0,0,0.2495
1,policy,0,3,1,0,0.2495
1,policy,0,3,2,0,0.2495
1,policy,0,3,3,1,0.0000
1,policy,0,3,4,2,0.0000
1,policy,0,3,5,2,0.0000
1,policy,0,3,6,2,0.0000
1,policy,0,3,7,3,0.0000
1,policy,0,3,8,4,0.0000
1,policy,0,1306,0,0,0.4441
1,policy,0,1306,1,0,0.4441
1,policy,0,1306,2,0,0.4441
1,policy,0,1306,3,1,0.2736
1,policy,0,1306,4,2,0.3372
1,policy,0,1306,5,3,0.3660
1,policy,0,1306,6,4,0.3660
1,policy,0,1306,7,5,0.3687
1,policy,0,1306,8,6,0.3398
1,policy,0,2538,0,0,0.2240
1,policy,0,2538,1,0,0.2240
1,policy,0,2538,2,0,0.2240
1,policy,0,2538,3,1,0.4441
1,policy,0,2538,4,2,0.4323
1,policy,0,2538,5,3,0.4441
1,policy,0,2538,6,4,0.4374
1,policy,0,2538,7,5,0.4374
1,policy,0,2538,8,6,0.4374
1,policy,0,1167,0,0,0.4627
1,policy,0,1167,1,0,0.4627
1,policy,0,1167,2,1,0.3301
1,policy,0,1167,3,2,0.4570
1,policy,0,1167,4,3,0.4531
1,policy,0,1167,5,4,0.4519
1,policy,0,1167,6,5,0.3843
1,policy,0,1167,7,6,0.3843
1,policy,0,1167,8,7,0.3843
1,policy,0,4801,0,0,0.9306
1,policy,0,4801,1,1,0.7753
1,policy,0,4801,2,2,0.9052
1,policy,0,4801,3,3,0.7975
1,policy,0,4801,4,4,0.7827
1,policy,0,4801,5,5,0.7827
1,policy,0,4801,6,6,0.7827
1,policy,0,4801,7,7,0.7827
1,policy,0,4801,8,8,0.7721
1,policy,0,5191,0,0,0.0000
1,policy,0,5191,1,0,0.0000
1,policy,0,5191,2,1,0.0000
1,policy,0,5191,3,2,0.0000
1,policy,0,5191,4,3,0.0000
1,policy,0,5191,5,4,0.0000
1,policy,0,5191,6,4,0.0000
1,policy,0,5191,7,4,0.0000
1,policy,0,5191,8,4,0.0000
1,policy,0,3065,0,0,0.0000
1,policy,0,3065,1,0,0.0000
1,policy,0,3065,2,1,0.1642
1,policy,0,3065,3,2,0.1635
1,policy,0,3065,4,3,0.1546
1,policy,0,3065,5,4,0.1478
1,policy,0,3065,6,4,0.1478
1,policy,0,3065,7,5,0.1478
1,policy,0,3065,8,6,0.1478
1,policy,0,5800,0,0,0.5072
1,policy,0,5800,1,1,0.5072
1,policy,0,5800,2,2,0.4521
1,policy,0,5800,3,3,0.4920
1,policy,0,5800,4,4,0.4920
1,policy,0,5800,5,5,0.4920
1,policy,0,5800,6,6,0.4920
1,policy,0,5800,7,7,0.4946
1,policy,0,5800,8,8,0.4946
1,policy,0,2124,0,0,0.5740
1,policy,0,2124,1,0,0.5740
1,policy,0,2124,2,1,0.2337
1,policy,0,2124,3,2,0.1396
1,policy,0,2124,4,3,0.5672
1,policy,0,2124,5,4,0.6434
1,policy,0,2124,6,5,0.6722
1,policy,0,2124,7,6,0.6722
1,policy,0,2124,8,7,0.6872
1,policy,0,1899,0,0,0.0000
1,policy,0,1899,1,0,0.0000
1,policy,0,1899,2,0,0.0000
1,policy,0,1899,3,1,0.0000
1,policy,0,1899,4,1,0.0000
1,policy,0,1899,5,2,0.0000
1,policy,0,1899,6,3,0.0000
1,policy,0,1899,7,4,0.0000
1,policy,0,1899,8,5,0.0000
1,policy,0,1489,0,0,0.2457
1,policy,0,1489,1,1,0.6530
1,policy,0,1489,2,2,0.6898
1,policy,0,1489,3,3,0.6872
1,policy,0,1489,4,4,0.6872
1,policy,0,1489,5,5,0.6844
1,policy,0,1489,6,6,0.6844
1,policy,0,1489,7,7,0.6805
1,policy,0,1489,8,8,0.6872
1,policy,0,6028,0,0,0.0734
1,policy,0,6028,1,0,0.0734
1,policy,0,6028,2,0,0.0734
1,policy,0,6028,3,1,0.0000
1,policy,0,6028,4,2,0.0000
1,policy,0,6028,5,3,0.0000
1,policy,0,6028,6,4,0.0000
1,policy,0,6028,7,4,0.0000
1,policy,0,6028,8,4,0.0000
1,policy,0,156,0,0,0.6812
1,policy,0,156,1,1,0.7820
1,policy,0,156,2,2,0.7624
1,policy,0,156,3,3,0.6579
1,policy,0,156,4,4,0.6579
1,policy,0,156,5,5,0.6579
1,policy,0,156,6,6,0.6547
1,policy,0,156,7,7,0.7215
1,policy,0,156,8,8,0.6618
1,policy,0,1682,0,0,0.0784
1,policy,0,1682,1,0,0.0784
1,policy,0,1682,2,0,0.0784
1,policy,0,1682,3,1,0.0000
1,policy,0,1682,4,2,0.0000
1,policy,0,1682,5,3,0.0000
1,policy,0,1682,6,4,0.0000
1,policy,0,1682,7,5,0.0000
1,policy,0,1682,8,6,0.0000
1,policy,0,4936,0,0,0.3160
1,policy,0,4936,1,1,0.5696
1,policy,0,4936,2,2,0.5326
1,policy,0,4936,3,3,0.6137
1,policy,0,4936,4,4,0.6332
1,policy,0,4936,5,5,0.6332
1,policy,0,4936,6,6,0.7034
1,policy,0,4936,7,7,0.7034
1,policy,0,4936,8,8,0.7066
1,policy,0,5318,0,0,0.3571
1,policy,0,5318,1,1,0.6325
1,policy,0,5318,2,2,0.5771
1,policy,0,5318,3,3,0.5174
1,policy,0,5318,4,4,0.5174
1,policy,0,5318,5,5,0.5104
1,policy,0,5318,6,6,0.5104
1,policy,0,5318,7,7,0.5077
1,policy,0,5318,8,8,0.5010
1,policy,0,3352,0,0,0.9149
1,policy,0,3352,1,1,0.8580
1,policy,0,3352,2,2,0.7968
1,policy,0,3352,3,3,0.7968
1,policy,0,3352,4,4,0.7968
1,policy,0,3352,5,5,0.8007
1,policy,0,3352,6,6,0.8007
1,policy,0,3352,7,7,0.7968
1,policy,0,3352,8,8,0.7917
1,policy,0,757,0,0,0.0663
1,policy,0,757,1,0,0.0663
1,policy,0,757,2,0,0.0663
1,policy,0,757,3,1,0.1389
1,policy,0,757,4,2,0.2895
1,policy,0,757,5,2,0.2895
1,policy,0,757,6,2,0.2895
1,policy,0,757,7,2,0.2895
1,policy,0,757,8,3,0.2895
1,policy,0,3609,0,0,0.3445
1,policy,0,3609,1,0,0.3445
1,policy,0,3609,2,1,0.5463
1,policy,0,3609,3,2,0.5463
1,policy,0,3609,4,3,0.5310
1,policy,0,3609,5,4,0.5463
1,policy,0,3609,6,5,0.5559
1,policy,0,3609,7,6,0.5559
1,policy,0,3609,8,7,0.5559
1,policy,0,2619,0,0,0.5474
1,policy,0,2619,1,1,0.6582
1,policy,0,2619,2,2,0.5510
1,policy,0,2619,3,3,0.5513
1,policy,0,2619,4,4,0.5513
1,policy,0,2619,5,5,0.5513
1,policy,0,2619,6,6,0.5513
1,policy,0,2619,7,7,0.5482
1,policy,0,2619,8,8,0.5482
1,policy,0,5566,0,0,0.0694
1,policy,0,5566,1,1,0.1642
1,policy,0,5566,2,2,0.1952
1,policy,0,5566,3,3,0.2809
1,policy,0,5566,4,4,0.2785
1,policy,0,5566,5,5,0.2817
1,policy,0,5566,6,6,0.2817
1,policy,0,5566,7,7,0.2758
1,policy,0,5566,8,8,0.2083
1,policy,0,1045,0,0,0.0948
1,policy,0,1045,1,0,0.0948
1,policy,0,1045,2,0,0.0948
1,policy,0,1045,3,1,0.0851
1,policy,0,1045,4,2,0.0851
1,policy,0,1045,5,2,0.0851
1,policy,0,1045,6,3,0.0851
1,policy,0,1045,7,3,0.0851
1,policy,0,1045,8,4,0.0851
1,policy,0,3903,0,0,0.3160
1,policy,0,3903,1,0,0.3160
1,policy,0,3903,2,1,0.5868
1,policy,0,3903,3,2,0.5811
1,policy,0,3903,4,3,0.5730
1,policy,0,3903,5,4,0.4697
1,policy,0,3903,6,5,0.4671
1,policy,0,3903,7,6,0.4697
1,policy,0,3903,8,7,0.4697
1,policy,0,2479,0,0,0.0000
1,policy,0,2479,1,0,0.0000
1,policy,0,2479,2,0,0.0000
1,policy,0,2479,3,1,0.0734
1,policy,0,2479,4,2,0.0784
1,policy,0,2479,5,3,0.0734
1,policy,0,2479,6,4,0.0663
1,policy,0,2479,7,4,0.0663
1,policy,0,2479,8,5,0.0663
1,policy,0,2944,0,0,0.1635
1,policy,0,2944,1,1,0.0000
1,policy,0,2944,2,2,0.0000
1,policy,0,2944,3,3,0.1732
1,policy,0,2944,4,4,0.1682
1,policy,0,2944,5,4,0.1682
1,policy,0,2944,6,5,0.1732
1,policy,0,2944,7,6,0.1732
1,policy,0,2944,8,6,0.1732
1,policy,0,1468,0,0,0.0000
1,policy,0,1468,1,0,0.0000
1,policy,0,1468,2,0,0.0000
1,policy,0,1468,3,0,0.0000
1,policy,0,1468,4,1,0.1100
1,policy,0,1468,5,1,0.1100
1,policy,0,1468,6,1,0.1100
1,policy,0,1468,7,2,0.1100
1,policy,0,1468,8,2,0.1100
1,policy,0,1598,0,0,0.4595
1,policy,0,1598,1,1,0.5696
1,policy,0,1598,2,2,0.4658
1,policy,0,1598,3,3,0.4600
1,policy,0,1598,4,4,0.3964
1,policy,0,1598,5,5,0.3964
1,policy,0,1598,6,6,0.4600
1,policy,0,1598,7,7,0.3964
1,policy,0,1598,8,8,0.3964
1,policy,0,3571,0,0,0.0000
1,policy,0,3571,1,1,0.2248
1,policy,0,3571,2,2,0.0636
1,policy,0,3571,3,3,0.0636
1,policy,0,3571,4,4,0.0636
1,policy,0,3571,5,5,0.0000
1,policy,0,3571,6,6,0.0000
1,policy,0,3571,7,7,0.0636
1,policy,0,3571,8,7,0.0636
1,policy,0,4400,0,0,0.2758
1,policy,0,4400,1,1,0.1447
1,policy,0,4400,2,1,0.1447
1,policy,0,4400,3,2,0.2279
1,policy,0,4400,4,3,0.2279
1,policy,0,4400,5,4,0.2279
1,policy,0,4400,6,5,0.2279
1,policy,0,4400,7,6,0.2330
1,policy,0,4400,8,7,0.0784
1,policy,0,1622,0,0,0.2985
1,policy,0,1622,1,0,0.2985
1,policy,0,1622,2,0,0.2985
1,policy,0,1622,3,1,0.2201
1,policy,0,1622,4,2,0.2201
1,policy,0,1622,5,3,0.2201
1,policy,0,1622,6,4,0.2201
1,policy,0,1622,7,5,0.2201
1,policy,0,1622,8,6,0.3679
1,policy,0,1343,0,0,0.4252
1,policy,0,1343,1,0,0.4252
1,policy,0,1343,2,0,0.4252
1,policy,0,1343,3,1,0.4226
1,policy,0,1343,4,2,0.4252
1,policy,0,1343,5,3,0.4284
1,policy,0,1343,6,4,0.4323
1,policy,0,1343,7,4,0.4323
1,policy,0,1343,8,4,0.4323
1,policy,0,1661,0,0,0.3812
1,policy,0,1661,1,0,0.3812
1,policy,0,1661,2,1,0.2749
1,policy,0,1661,3,2,0.3812
1,policy,0,1661,4,3,0.3933
1,policy,0,1661,5,4,0.4123
1,policy,0,1661,6,5,0.4123
1,policy,0,1661,7,6,0.3933
1,policy,0,1661,8,6,0.3933
1,policy,0,5407,0,0,0.1389
1,policy,0,5407,1,1,0.3149
1,policy,0,5407,2,2,0.3149
1,policy,0,5407,3,3,0.2985
1,policy,0,5407,4,4,0.2985
1,policy,0,5407,5,5,0.2895
1,policy,0,5407,6,5,0.2895
1,policy,0,5407,7,6,0.2863
1,policy,0,5407,8,7,0.2837
1,policy,0,4406,0,0,0.3689
1,policy,0,4406,1,1,0.3052
1,policy,0,4406,2,2,0.4441
1,policy,0,4406,3,3,0.1396
1,policy,0,4406,4,4,0.0000
1,policy,0,4406,5,5,0.0000
1,policy,0,4406,6,6,0.0000
1,policy,0,4406,7,7,0.0000
1,policy,0,4406,8,8,0.0000
1,policy,0,240,0,0,0.0851
1,policy,0,240,1,1,0.0948
1,policy,0,240,2,2,0.0948
1,policy,0,240,3,3,0.0851
1,policy,0,240,4,4,0.0851
1,policy,0,240,5,5,0.0784
1,policy,0,240,6,6,0.0784
1,policy,0,240,7,7,0.0694
1,policy,0,240,8,8,0.0694
1,policy,0,1585,0,0,0.9266
1,policy,0,1585,1,1,0.9149
1,policy,0,1585,2,2,0.9149
1,policy,0,1585,3,3,0.9149
1,policy,0,1585,4,4,0.9216
1,policy,0,1585,5,5,0.8630
1,policy,0,1585,6,6,0.8630
1,policy,0,1585,7,7,0.9266
1,policy,0,1585,8,8,0.9306
1,policy,0,5695,0,0,0.0694
1,policy,0,5695,1,0,0.0694
1,policy,0,5695,2,0,0.0694
1,policy,0,5695,3,1,0.2025
1,policy,0,5695,4,2,0.2025
1,policy,0,5695,5,2,0.2025
1,policy,0,5695,6,3,0.2025
1,policy,0,5695,7,4,0.1389
1,policy,0,5695,8,4,0.1389
1,policy,0,699,0,0,0.0694
1,policy,0,699,1,0,0.0694
1,policy,0,699,2,0,0.0694
1,policy,0,699,3,1,0.0000
1,policy,0,699,4,1,0.0000
1,policy,0,699,5,1,0.0000
1,policy,0,699,6,1,0.0000
1,policy,0,699,7,2,0.0000
1,policy,0,699,8,2,0.0000
1,policy,0,2729,0,0,0.6988
1,policy,0,2729,1,1,0.7917
1,policy,0,2729,2,2,0.7682
1,policy,0,2729,3,3,0.7503
1,policy,0,2729,4,4,0.7503
1,policy,0,2729,5,5,0.7503
1,policy,0,2729,6,6,0.7682
1,policy,0,2729,7,7,0.7656
1,policy,0,2729,8,8,0.7656
1,policy,0,2984,0,0,0.3909
1,policy,0,2984,1,0,0.3909
1,policy,0,2984,2,1,0.7273
1,policy,0,2984,3,2,0.7885
1,policy,0,2984,4,3,0.7859
1,policy,0,2984,5,4,0.7910
1,policy,0,2984,6,5,0.7820
1,policy,0,2984,7,6,0.7820
1,policy,0,2984,8,7,0.7820
1,policy,0,1888,0,0,0.8630
1,policy,0,1888,1,1,0.7538
1,policy,0,1888,2,2,0.8522
1,policy,0,1888,3,3,0.9306
1,policy,0,1888,4,4,0.9306
1,policy,0,1888,5,5,0.9306
1,policy,0,1888,6,6,0.8630
1,policy,0,1888,7,7,0.8669
1,policy,0,1888,8,8,0.8669
1,policy,0,2664,0,0,0.6311
1,policy,0,2664,1,1,0.7530
1,policy,0,2664,2,2,0.8205
1,policy,0,2664,3,3,0.7281
1,policy,0,2664,4,4,0.7281
1,policy,0,2664,5,5,0.7313
1,policy,0,2664,6,6,0.7313
1,policy,0,2664,7,7,0.7281
1,policy,0,2664,8,8,0.6469
1,policy,0,5442,0,0,0.6062
1,policy,0,5442,1,1,0.7242
1,policy,0,5442,2,2,0.6521
1,policy,0,5442,3,3,0.6785
1,policy,0,5442,4,4,0.6785
1,policy,0,5442,5,5,0.6785
1,policy,0,5442,6,6,0.6785
1,policy,0,5442,7,7,0.6785
1,policy,0,5442,8,8,0.6785
1,policy,0,780,0,0,0.2782
1,policy,0,780,1,0,0.2782
1,policy,0,780,2,1,0.6995
1,policy,0,780,3,2,0.7472
1,policy,0,780,4,3,0.7453
1,policy,0,780,5,4,0.7453
1,policy,0,780,6,5,0.7503
1,policy,0,780,7,6,0.7543
1,policy,0,780,8,7,0.7543
1,policy,0,5879,0,0,0.6141
1,policy,0,5879,1,1,0.7975
1,policy,0,5879,2,2,0.8611
1,policy,0,5879,3,3,0.8611
1,policy,0,5879,4,4,0.8611
1,policy,0,5879,5,5,0.8611
1,policy,0,5879,6,6,0.8611
1,policy,0,5879,7,7,0.8611
1,policy,0,5879,8,8,0.8611
1,policy,0,2848,0,0,0.3301
1,policy,0,2848,1,1,0.4780
1,policy,0,2848,2,1,0.4780
1,policy,0,2848,3,2,0.3933
1,policy,0,2848,4,3,0.4569
1,policy,0,2848,5,3,0.4569
1,policy,0,2848,6,4,0.3933
1,policy,0,2848,7,5,0.4636
1,policy,0,2848,8,6,0.2985
1,policy,0,4669,0,0,0.1420
1,policy,0,4669,1,0,0.1420
1,policy,0,4669,2,0,0.1420
1,policy,0,4669,3,1,0.4003
1,policy,0,4669,4,2,0.3824
1,policy,0,4669,5,2,0.3824
1,policy,0,4669,6,3,0.3824
1,policy,0,4669,7,4,0.3188
1,policy,0,4669,8,5,0.3824
1,policy,0,5086,0,0,0.6948
1,policy,0,5086,1,1,0.5494
1,policy,0,5086,2,2,0.7105
1,policy,0,5086,3,3,0.7760
1,policy,0,5086,4,4,0.7827
1,policy,0,5086,5,5,0.7878
1,policy,0,5086,6,6,0.7183
1,policy,0,5086,7,7,0.7183
1,policy,0,5086,8,8,0.7183
1,policy,0,2874,0,0,0.2025
1,policy,0,2874,1,1,0.3933
1,policy,0,2874,2,2,0.2985
1,policy,0,2874,3,3,0.2985
1,policy,0,2874,4,4,0.2985
1,policy,0,2874,5,5,0.2985
1,policy,0,2874,6,6,0.2935
1,policy,0,2874,7,7,0.2935
1,policy,0,2874,8,8,0.2985
1,policy,0,1097,0,0,0.0000
1,policy,0,1097,1,1,0.0000
1,policy,0,1097,2,1,0.0000
1,policy,0,1097,3,2,0.0663
1,policy,0,1097,4,3,0.0663
1,policy,0,1097,5,4,0.0663
1,policy,0,1097,6,5,0.0694
1,policy,0,1097,7,6,0.0694
1,policy,0,1097,8,6,0.0694
1,policy,0,1958,0,0,0.4632
1,policy,0,1958,1,1,0.1100
1,policy,0,1958,2,2,0.1518
1,policy,0,1958,3,3,0.0636
1,policy,0,1958,4,4,0.0636
1,policy,0,1958,5,4,0.0636
1,policy,0,1958,6,5,0.0636
1,policy,0,1958,7,6,0.0663
1,policy,0,1958,8,6,0.0663
1,policy,0,4876,0,0,0.6083
1,policy,0,4876,1,0,0.6083
1,policy,0,4876,2,1,0.5294
1,policy,0,4876,3,2,0.5965
1,policy,0,4876,4,3,0.5278
1,policy,0,4876,5,4,0.5965
1,policy,0,4876,6,5,0.6004
1,policy,0,4876,7,6,0.6062
1,policy,0,4876,8,7,0.6699
1,policy,0,4990,0,0,0.1681
1,policy,0,4990,1,0,0.1681
1,policy,0,4990,2,0,0.1681
1,policy,0,4990,3,0,0.1681
1,policy,0,4990,4,1,0.0000
1,policy,0,4990,5,1,0.0000
1,policy,0,4990,6,2,0.0000
1,policy,0,4990,7,2,0.0000
1,policy,0,4990,8,3,0.0000
1,policy,0,4212,0,0,0.7065
1,policy,0,4212,1,1,0.9266
1,policy,0,4212,2,2,0.9266
1,policy,0,4212,3,3,0.8630
1,policy,0,4212,4,4,0.9266
1,policy,0,4212,5,5,0.9266
1,policy,0,4212,6,6,0.9266
1,policy,0,4212,7,7,0.9266
1,policy,0,4212,8,8,0.8630
1,policy,0,5412,0,0,0.7084
1,policy,0,5412,1,1,0.7538
1,policy,0,5412,2,2,0.8365
1,policy,0,5412,3,3,0.7728
1,policy,0,5412,4,4,0.7846
1,policy,0,5412,5,5,0.7936
1,policy,0,5412,6,6,0.7936
1,policy,0,5412,7,7,0.8572
1,policy,0,5412,8,8,0.8604
1,policy,0,5621,0,0,0.0000
1,policy,0,5621,1,1,0.0000
1,policy,0,5621,2,1,0.0000
1,policy,0,5621,3,2,0.0000
1,policy,0,5621,4,3,0.0000
1,policy,0,5621,5,3,0.0000
1,policy,0,5621,6,4,0.0000
1,policy,0,5621,7,5,0.0000
1,policy,0,5621,8,5,0.0000
1,policy,0,4273,0,0,0.3130
1,policy,0,4273,1,0,0.3130
1,policy,0,4273,2,0,0.3130
1,policy,0,4273,3,1,0.0000
1,policy,0,4273,4,2,0.0636
1,policy,0,4273,5,3,0.0000
1,policy,0,4273,6,4,0.0000
1,policy,0,4273,7,5,0.0636
1,policy,0,4273,8,6,0.0636
1,policy,0,1869,0,0,0.4441
1,policy,0,1869,1,1,0.6659
1,policy,0,1869,2,2,0.6141
1,policy,0,1869,3,3,0.5396
1,policy,0,1869,4,4,0.5396
1,policy,0,1869,5,5,0.6064
1,policy,0,1869,6,6,0.6115
1,policy,0,1869,7,7,0.5396
1,policy,0,1869,8,8,0.5290
1,policy,0,5970,0,0,0.2122
1,policy,0,5970,1,1,0.3566
1,policy,0,5970,2,2,0.3783
1,policy,0,5970,3,3,0.2330
1,policy,0,5970,4,4,0.2466
1,policy,0,5970,5,5,0.2579
1,policy,0,5970,6,6,0.2867
1,policy,0,5970,7,7,0.2867
1,policy,0,5970,8,8,0.2547
1,policy,0,2055,0,0,0.6749
1,policy,0,2055,1,1,0.8701
1,policy,0,2055,2,2,0.8669
1,policy,0,2055,3,3,0.9306
1,policy,0,2055,4,4,0.9306
1,policy,0,2055,5,5,0.9216
1,policy,0,2055,6,6,0.8701
1,policy,0,2055,7,7,0.7779
1,policy,0,2055,8,8,0.7779
1,policy,0,487,0,0,0.2864
1,policy,0,487,1,0,0.2864
1,policy,0,487,2,0,0.2864
1,policy,0,487,3,1,0.4935
1,policy,0,487,4,2,0.4935
1,policy,0,487,5,2,0.4935
1,policy,0,487,6,3,0.4935
1,policy,0,487,7,4,0.4935
1,policy,0,487,8,4,0.4935
1,policy,0,2399,0,0,0.3273
1,policy,0,2399,1,0,0.3273
1,policy,0,2399,2,0,0.3273
1,policy,0,2399,3,1,0.4221
1,policy,0,2399,4,2,0.4124
1,policy,0,2399,5,2,0.4124
1,policy,0,2399,6,3,0.4124
1,policy,0,2399,7,4,0.4761
1,policy,0,2399,8,5,0.4761
1,policy,0,4740,0,0,0.2201
1,policy,0,4740,1,0,0.2201
1,policy,0,4740,2,0,0.2201
1,policy,0,4740,3,1,0.3843
1,policy,0,4740,4,2,0.3882
1,policy,0,4740,5,3,0.3786
1,policy,0,4740,6,4,0.3836
1,policy,0,4740,7,4,0.3836
1,policy,0,4740,8,4,0.3836
1,policy,0,4414,0,0,0.6683
1,policy,0,4414,1,0,0.6683
1,policy,0,4414,2,1,0.8611
1,policy,0,4414,3,2,0.9052
1,policy,0,4414,4,3,0.9149
1,policy,0,4414,5,4,0.9149
1,policy,0,4414,6,5,0.9149
1,policy,0,4414,7,6,0.9149
1,policy,0,4414,8,7,0.9149
1,policy,0,1974,0,0,0.2201
1,policy,0,1974,1,1,0.0000
1,policy,0,1974,2,2,0.0663
1,policy,0,1974,3,3,0.0851
1,policy,0,1974,4,4,0.0851
1,policy,0,1974,5,5,0.0948
1,policy,0,1974,6,5,0.0948
1,policy,0,1974,7,6,0.0948
1,policy,0,1974,8,7,0.0948
1,policy,0,4126,0,0,0.2122
1,policy,0,4126,1,0,0.2122
1,policy,0,4126,2,1,0.6422
1,policy,0,4126,3,2,0.6372
1,policy,0,4126,4,3,0.5959
1,policy,0,4126,5,4,0.6055
1,policy,0,4126,6,5,0.6055
1,policy,0,4126,7,6,0.6055
1,policy,0,4126,8,7,0.6208
1,policy,0,2232,0,0,0.0734
1,policy,0,2232,1,1,0.4291
1,policy,0,2232,2,2,0.1993
1,policy,0,2232,3,3,0.0000
1,policy,0,2232,4,4,0.0000
1,policy,0,2232,5,5,0.0000
1,policy,0,2232,6,6,0.0000
1,policy,0,2232,7,7,0.0000
1,policy,0,2232,8,8,0.0000
1,policy,0,5927,0,0,0.0000
1,policy,0,5927,1,0,0.0000
1,policy,0,5927,2,1,0.0000
1,policy,0,5927,3,1,0.0000
1,policy,0,5927,4,2,0.0000
1,policy,0,5927,5,3,0.0000
1,policy,0,5927,6,4,0.0000
1,policy,0,5927,7,5,0.0000
1,policy,0,5927,8,6,0.0000
1,policy,0,3023,0,0,0.4807
1,policy,0,3023,1,1,0.7788
1,policy,0,3023,2,2,0.7273
1,policy,0,3023,3,3,0.7936
1,policy,0,3023,4,4,0.7936
1,policy,0,3023,5,5,0.7910
1,policy,0,3023,6,6,0.7910
1,policy,0,3023,7,7,0.7936
1,policy,0,3023,8,8,0.7936
1,policy,0,607,0,0,0.2201
1,policy,0,607,1,0,0.2201
1,policy,0,607,2,1,0.1478
1,policy,0,607,3,2,0.1447
1,policy,0,607,4,3,0.1585
1,policy,0,607,5,4,0.1546
1,policy,0,607,6,5,0.1488
1,policy,0,607,7,6,0.1488
1,policy,0,607,8,7,0.1488
1,policy,1,1216,0,0,0.0000
1,policy,1,1216,1,1,0.0000
1,policy,1,1216,2,1,0.0000
1,policy,1,1216,3,2,0.0000
1,policy,1,1216,4,3,0.0000
1,policy,1,1216,5,4,0.0000
1,policy,1,1216,6,5,0.0000
1,policy,1,1216,7,6,0.0000
1,policy,1,1216,8,6,0.0000
1,policy,1,2820,0,0,0.0000
1,policy,1,2820,1,0,0.0000
1,policy,1,2820,2,0,0.0000
1,policy,1,2820,3,1,0.0000
1,policy,1,2820,4,2,0.0000
1,policy,1,2820,5,3,0.0000
1,policy,1,2820,6,4,0.0000
1,policy,1,2820,7,5,0.0000
1,policy,1,2820,8,5,0.0000
1,policy,1,3017,0,0,0.4636
1,policy,1,3017,1,1,0.6875
1,policy,1,3017,2,2,0.4545
1,policy,1,3017,3,3,0.2337
1,policy,1,3017,4,4,0.2337
1,policy,1,3017,5,5,0.2743
1,policy,1,3017,6,6,0.3405
1,policy,1,3017,7,7,0.2876
1,policy,1,3017,8,8,0.2835
1,policy,1,1260,0,0,0.0000
1,policy,1,1260,1,1,0.0000
1,policy,1,1260,2,2,0.0636
1,policy,1,1260,3,3,0.0000
1,policy,1,1260,4,4,0.0663
1,policy,1,1260,5,5,0.0663
1,policy,1,1260,6,6,0.0694
1,policy,1,1260,7,7,0.0734
1,policy,1,1260,8,8,0.0734
1,policy,1,1920,0,0,0.0000
1,policy,1,1920,1,0,0.0000
1,policy,1,1920,2,1,0.0694
1,policy,1,1920,3,2,0.0734
1,policy,1,1920,4,3,0.0851
1,policy,1,1920,5,4,0.0784
1,policy,1,1920,6,5,0.0851
1,policy,1,1920,7,6,0.0851
1,policy,1,1920,8,7,0.0851
1,policy,1,693,0,0,0.0000
1,policy,1,693,1,0,0.0000
1,policy,1,693,2,1,0.0000
1,policy,1,693,3,1,0.0000
1,policy,1,693,4,2,0.0000
1,policy,1,693,5,3,0.0000
1,policy,1,693,6,3,0.0000
1,policy,1,693,7,4,0.0000
1,policy,1,693,8,5,0.0000
1,policy,1,3268,0,0,0.0636
1,policy,1,3268,1,0,0.0636
1,policy,1,3268,2,1,0.0000
1,policy,1,3268,3,2,0.1100
1,policy,1,3268,4,3,0.0000
1,policy,1,3268,5,4,0.0000
1,policy,1,3268,6,5,0.0000
1,policy,1,3268,7,6,0.0000
1,policy,1,3268,8,7,0.0000
1,policy,1,3548,0,0,0.1303
1,policy,1,3548,1,0,0.1303
1,policy,1,3548,2,0,0.1303
1,policy,1,3548,3,1,0.0000
1,policy,1,3548,4,2,0.0000
1,policy,1,3548,5,3,0.0000
1,policy,1,3548,6,4,0.0000
1,policy,1,3548,7,4,0.0000
1,policy,1,3548,8,4,0.0000
1,policy,1,2780,0,0,0.0000
1,policy,1,2780,1,1,0.0000
1,policy,1,2780,2,2,0.1763
1,policy,1,2780,3,3,0.2048
1,policy,1,2780,4,4,0.1799
1,policy,1,2780,5,5,0.1682
1,policy,1,2780,6,6,0.1642
1,policy,1,2780,7,7,0.0851
1,policy,1,2780,8,8,0.3938
1,policy,1,5328,0,0,0.2212
1,policy,1,5328,1,1,0.1834
1,policy,1,5328,2,2,0.1299
1,policy,1,5328,3,3,0.1357
1,policy,1,5328,4,4,0.1610
1,policy,1,5328,5,5,0.1100
1,policy,1,5328,6,6,0.2687
1,policy,1,5328,7,7,0.2083
1,policy,1,5328,8,8,0.2122
1,policy,1,3770,0,0,0.1396
1,policy,1,3770,1,1,0.5384
1,policy,1,3770,2,2,0.3372
1,policy,1,3770,3,3,0.2489
1,policy,1,3770,4,4,0.2489
1,policy,1,3770,5,5,0.2973
1,policy,1,3770,6,6,0.2973
1,policy,1,3770,7,7,0.2489
1,policy,1,3770,8,8,0.2489
1,policy,1,5135,0,0,0.3531
1,policy,1,5135,1,1,0.0000
1,policy,1,5135,2,2,0.4815
1,policy,1,5135,3,3,0.1389
1,policy,1,5135,4,4,0.1100
1,policy,1,5135,5,5,0.0851
1,policy,1,5135,6,6,0.1420
1,policy,1,5135,7,7,0.1518
1,policy,1,5135,8,8,0.1518
1,policy,1,781,0,0,0.0000
1,policy,1,781,1,0,0.0000
1,policy,1,781,2,1,0.0000
1,policy,1,781,3,1,0.0000
1,policy,1,781,4,2,0.0000
1,policy,1,781,5,3,0.0000
1,policy,1,781,6,4,0.0000
1,policy,1,781,7,5,0.0000
1,policy,1,781,8,5,0.0000
1,policy,1,2908,0,0,0.5677
1,policy,1,2908,1,1,0.8604
1,policy,1,2908,2,2,0.9266
1,policy,1,2908,3,3,0.9306
1,policy,1,2908,4,4,0.9306
1,policy,1,2908,5,5,0.9266
1,policy,1,2908,6,6,0.9216
1,policy,1,2908,7,7,0.9149
1,policy,1,2908,8,8,0.9149
1,policy,1,4075,0,0,0.0000
1,policy,1,4075,1,0,0.0000
1,policy,1,4075,2,0,0.0000
1,policy,1,4075,3,1,0.0000
1,policy,1,4075,4,2,0.0000
1,policy,1,4075,5,2,0.0000
1,policy,1,4075,6,2,0.0000
1,policy,1,4075,7,2,0.0000
1,policy,1,4075,8,3,0.0000
1,policy,1,3106,0,0,0.0000
1,policy,1,3106,1,1,0.0000
1,policy,1,3106,2,2,0.0694
1,policy,1,3106,3,3,0.0663
1,policy,1,3106,4,4,0.0663
1,policy,1,3106,5,4,0.0663
1,policy,1,3106,6,5,0.0636
1,policy,1,3106,7,6,0.0663
1,policy,1,3106,8,7,0.0663
1,policy,1,759,0,0,0.0000
1,policy,1,759,1,1,0.0636
1,policy,1,759,2,2,0.0000
1,policy,1,759,3,3,0.0000
1,policy,1,759,4,3,0.0000
1,policy,1,759,5,3,0.0000
1,policy,1,759,6,4,0.0663
1,policy,1,759,7,5,0.0694
1,policy,1,759,8,6,0.0663
1,policy,1,5467,0,0,0.0000
1,policy,1,5467,1,1,0.0694
1,policy,1,5467,2,2,0.4944
1,policy,1,5467,3,3,0.4537
1,policy,1,5467,4,4,0.4374
1,policy,1,5467,5,5,0.4252
1,policy,1,5467,6,6,0.3590
1,policy,1,5467,7,7,0.3590
1,policy,1,5467,8,8,0.4537
1,policy,1,5744,0,0,0.0000
1,policy,1,5744,1,0,0.0000
1,policy,1,5744,2,1,0.0000
1,policy,1,5744,3,2,0.0000
1,policy,1,5744,4,3,0.0000
1,policy,1,5744,5,4,0.0000
1,policy,1,5744,6,5,0.0000
1,policy,1,5744,7,6,0.0000
1,policy,1,5744,8,7,0.0000
1,policy,1,3129,0,0,0.0000
1,policy,1,3129,1,0,0.0000
1,policy,1,3129,2,1,0.0000
1,policy,1,3129,3,2,0.0000
1,policy,1,3129,4,3,0.0000
1,policy,1,3129,5,4,0.0000
1,policy,1,3129,6,4,0.0000
1,policy,1,3129,7,5,0.0000
1,policy,1,3129,8,6,0.0000
1,policy,1,5990,0,0,0.0000
1,policy,1,5990,1,0,0.0000
1,policy,1,5990,2,0,0.0000
1,policy,1,5990,3,1,0.1100
1,policy,1,5990,4,2,0.1100
1,policy,1,5990,5,3,0.0784
1,policy,1,5990,6,4,0.0948
1,policy,1,5990,7,5,0.0948
1,policy,1,5990,8,5,0.0948
1,policy,1,306,0,0,0.0000
1,policy,1,306,1,1,0.2999
1,policy,1,306,2,2,0.1952
1,policy,1,306,3,3,0.2745
1,policy,1,306,4,4,0.2719
1,policy,1,306,5,5,0.2719
1,policy,1,306,6,6,0.2809
1,policy,1,306,7,7,0.2173
1,policy,1,306,8,7,0.2173
1,policy,1,3832,0,0,0.0000
1,policy,1,3832,1,0,0.0000
1,policy,1,3832,2,1,0.0948
1,policy,1,3832,3,2,0.0784
1,policy,1,3832,4,3,0.0000
1,policy,1,3832,5,4,0.0636
1,policy,1,3832,6,5,0.0636
1,policy,1,3832,7,6,0.0000
1,policy,1,3832,8,7,0.0000
1,policy,1,1356,0,0,0.0000
1,policy,1,1356,1,0,0.0000
1,policy,1,1356,2,1,0.0000
1,policy,1,1356,3,1,0.0000
1,policy,1,1356,4,2,0.0000
1,policy,1,1356,5,3,0.0000
1,policy,1,1356,6,4,0.0000
1,policy,1,1356,7,5,0.0000
1,policy,1,1356,8,6,0.0000
1,policy,1,5279,0,0,0.0000
1,policy,1,5279,1,0,0.0000
1,policy,1,5279,2,1,0.0000
1,policy,1,5279,3,2,0.0000
1,policy,1,5279,4,3,0.0000
1,policy,1,5279,5,3,0.0000
1,policy,1,5279,6,3,0.0000
1,policy,1,5279,7,4,0.0000
1,policy,1,5279,8,5,0.0000
1,policy,1,3201,0,0,0.0636
1,policy,1,3201,1,0,0.0636
1,policy,1,3201,2,1,0.3967
1,policy,1,3201,3,2,0.4041
1,policy,1,3201,4,3,0.3949
1,policy,1,3201,5,4,0.3281
1,policy,1,3201,6,5,0.2394
1,policy,1,3201,7,6,0.3031
1,policy,1,3201,8,7,0.3098
1,policy,1,370,0,0,0.0000
1,policy,1,370,1,1,0.0000
1,policy,1,370,2,2,0.0000
1,policy,1,370,3,3,0.0000
1,policy,1,370,4,4,0.0000
1,policy,1,370,5,4,0.0000
1,policy,1,370,6,5,0.0000
1,policy,1,370,7,6,0.0000
1,policy,1,370,8,6,0.0000
1,policy,1,2012,0,0,0.0000
1,policy,1,2012,1,0,0.0000
1,policy,1,2012,2,0,0.0000
1,policy,1,2012,3,1,0.0000
1,policy,1,2012,4,2,0.0000
1,policy,1,2012,5,3,0.0000
1,policy,1,2012,6,4,0.0000
1,policy,1,2012,7,5,0.0000
1,policy,1,2012,8,6,0.0000
1,policy,1,3899,0,0,0.0000
1,policy,1,3899,1,1,0.1428
1,policy,1,3899,2,2,0.5927
1,policy,1,3899,3,3,0.6777
1,policy,1,3899,4,4,0.6777
1,policy,1,3899,5,5,0.6154
1,policy,1,3899,6,6,0.5518
1,policy,1,3899,7,7,0.6154
1,policy,1,3899,8,8,0.5479
1,policy,1,2979,0,0,0.0000
1,policy,1,2979,1,1,0.0000
1,policy,1,2979,2,2,0.0000
1,policy,1,2979,3,3,0.0000
1,policy,1,2979,4,4,0.0000
1,policy,1,2979,5,5,0.0000
1,policy,1,2979,6,6,0.0000
1,policy,1,2979,7,7,0.0000
1,policy,1,2979,8,8,0.0000
1,policy,1,2748,0,0,0.0000
1,policy,1,2748,1,1,0.0000
1,policy,1,2748,2,1,0.0000
1,policy,1,2748,3,2,0.0000
1,policy,1,2748,4,3,0.0000
1,policy,1,2748,5,4,0.0000
1,policy,1,2748,6,5,0.0000
1,policy,1,2748,7,6,0.0000
1,policy,1,2748,8,6,0.0000
1,policy,1,821,0,0,0.2201
1,policy,1,821,1,1,0.3188
1,policy,1,821,2,2,0.2985
1,policy,1,821,3,3,0.0000
1,policy,1,821,4,4,0.0000
1,policy,1,821,5,5,0.0000
1,policy,1,821,6,6,0.0000
1,policy,1,821,7,7,0.0000
1,policy,1,821,8,8,0.0000
1,policy,1,3891,0,0,0.2368
1,policy,1,3891,1,1,0.2489
1,policy,1,3891,2,2,0.3149
1,policy,1,3891,3,3,0.3811
1,policy,1,3891,4,4,0.3785
1,policy,1,3891,5,5,0.3811
1,policy,1,3891,6,6,0.3052
1,policy,1,3891,7,7,0.3647
1,policy,1,3891,8,8,0.3571
1,policy,1,3250,0,0,0.0000
1,policy,1,3250,1,1,0.0000
1,policy,1,3250,2,1,0.0000
1,policy,1,3250,3,2,0.0000
1,policy,1,3250,4,3,0.0000
1,policy,1,3250,5,3,0.0000
1,policy,1,3250,6,4,0.0000
1,policy,1,3250,7,5,0.0000
1,policy,1,3250,8,5,0.0000
1,policy,1,4478,0,0,0.0784
1,policy,1,4478,1,1,0.0948
1,policy,1,4478,2,2,0.1100
1,policy,1,4478,3,3,0.1100
1,policy,1,4478,4,4,0.1100
1,policy,1,4478,5,5,0.1389
1,policy,1,4478,6,6,0.1389
1,policy,1,4478,7,7,0.1389
1,policy,1,4478,8,8,0.0948
1,policy,1,2536,0,0,0.4833
1,policy,1,2536,1,1,0.1389
1,policy,1,2536,2,2,0.1763
1,policy,1,2536,3,3,0.1420
1,policy,1,2536,4,4,0.1447
1,policy,1,2536,5,5,0.1447
1,policy,1,2536,6,6,0.1447
1,policy,1,2536,7,7,0.1357
1,policy,1,2536,8,8,0.1357
1,policy,1,1250,0,0,0.0000
1,policy,1,1250,1,0,0.0000
1,policy,1,1250,2,1,0.0000
1,policy,1,1250,3,1,0.0000
1,policy,1,1250,4,2,0.0000
1,policy,1,1250,5,2,0.0000
1,policy,1,1250,6,2,0.0000
1,policy,1,1250,7,3,0.0000
1,policy,1,1250,8,4,0.0000
1,policy,1,4763,0,0,0.0000
1,policy,1,4763,1,0,0.0000
1,policy,1,4763,2,1,0.1012
1,policy,1,4763,3,2,0.0837
1,policy,1,4763,4,3,0.0741
1,policy,1,4763,5,4,0.0741
1,policy,1,4763,6,4,0.0741
1,policy,1,4763,7,5,0.0741
1,policy,1,4763,8,6,0.0783
1,policy,1,4757,0,0,0.0795
1,policy,1,4757,1,0,0.0795
1,policy,1,4757,2,0,0.0795
1,policy,1,4757,3,1,0.0000
1,policy,1,4757,4,1,0.0000
1,policy,1,4757,5,2,0.1734
1,policy,1,4757,6,3,0.0000
1,policy,1,4757,7,4,0.0000
1,policy,1,4757,8,4,0.0000
1,policy,1,5792,0,0,0.0663
1,policy,1,5792,1,0,0.0663
1,policy,1,5792,2,0,0.0663
1,policy,1,5792,3,1,0.0000
1,policy,1,5792,4,2,0.0000
1,policy,1,5792,5,3,0.0000
1,policy,1,5792,6,4,0.0000
1,policy,1,5792,7,4,0.0000
1,policy,1,5792,8,4,0.0000
1,policy,1,6025,0,0,0.0851
1,policy,1,6025,1,0,0.0851
1,policy,1,6025,2,1,0.0000
1,policy,1,6025,3,2,0.0948
1,policy,1,6025,4,3,0.0784
1,policy,1,6025,5,4,0.0784
1,policy,1,6025,6,5,0.0734
1,policy,1,6025,7,6,0.0663
1,policy,1,6025,8,7,0.0000
1,policy,1,5989,0,0,0.0694
1,policy,1,5989,1,1,0.2122
1,policy,1,5989,2,2,0.2985
1,policy,1,5989,3,3,0.2935
1,policy,1,5989,4,4,0.2935
1,policy,1,5989,5,5,0.2201
1,policy,1,5989,6,6,0.2201
1,policy,1,5989,7,7,0.2201
1,policy,1,5989,8,8,0.2201
1,policy,1,1434,0,0,0.0000
1,policy,1,1434,1,0,0.0000
1,policy,1,1434,2,0,0.0000
1,policy,1,1434,3,1,0.0000
1,policy,1,1434,4,1,0.0000
1,policy,1,1434,5,1,0.0000
1,policy,1,1434,6,2,0.1070
1,policy,1,1434,7,3,0.1208
1,policy,1,1434,8,3,0.1208
1,policy,1,4950,0,0,0.1610
1,policy,1,4950,1,1,0.2248
1,policy,1,4950,2,2,0.4780
1,policy,1,4950,3,3,0.6168
1,policy,1,4950,4,4,0.6688
1,policy,1,4950,5,5,0.6399
1,policy,1,4950,6,6,0.6620
1,policy,1,4950,7,7,0.6332
1,policy,1,4950,8,8,0.6719
1,policy,1,4781,0,0,0.0000
1,policy,1,4781,1,1,0.0000
1,policy,1,4781,2,2,0.0000
1,policy,1,4781,3,3,0.0000
1,policy,1,4781,4,4,0.0000
1,policy,1,4781,5,5,0.0000
1,policy,1,4781,6,6,0.0000
1,policy,1,4781,7,7,0.0000
1,policy,1,4781,8,8,0.0000
1,policy,1,3169,0,0,0.0000
1,policy,1,3169,1,0,0.0000
1,policy,1,3169,2,0,0.0000
1,policy,1,3169,3,1,0.0000
1,policy,1,3169,4,2,0.0000
1,policy,1,3169,5,3,0.0000
1,policy,1,3169,6,4,0.0000
1,policy,1,3169,7,5,0.0000
1,policy,1,3169,8,6,0.0000
1,policy,1,574,0,0,0.0000
1,policy,1,574,1,0,0.0000
1,policy,1,574,2,1,0.4229
1,policy,1,574,3,2,0.3430
1,policy,1,574,4,3,0.3527
1,policy,1,574,5,4,0.3566
1,policy,1,574,6,5,0.3476
1,policy,1,574,7,6,0.3476
1,policy,1,574,8,7,0.3476
1,policy,1,955,0,0,0.0000
1,policy,1,955,1,0,0.0000
1,policy,1,955,2,0,0.0000
1,policy,1,955,3,1,0.1389
1,policy,1,955,4,2,0.2201
1,policy,1,955,5,3,0.1389
1,policy,1,955,6,4,0.1389
1,policy,1,955,7,5,0.1389
1,policy,1,955,8,6,0.3590
1,policy,1,3445,0,0,0.0000
1,policy,1,3445,1,0,0.0000
1,policy,1,3445,2,0,0.0000
1,policy,1,3445,3,1,0.0000
1,policy,1,3445,4,1,0.0000
1,policy,1,3445,5,1,0.0000
1,policy,1,3445,6,2,0.0000
1,policy,1,3445,7,3,0.0000
1,policy,1,3445,8,3,0.0000
1,policy,1,585,0,0,0.0000
1,policy,1,585,1,0,0.0000
1,policy,1,585,2,0,0.0000
1,policy,1,585,3,1,0.0000
1,policy,1,585,4,2,0.0000
1,policy,1,585,5,3,0.0000
1,policy,1,585,6,4,0.0000
1,policy,1,585,7,5,0.0000
1,policy,1,585,8,5,0.0000
1,policy,1,5503,0,0,0.2051
1,policy,1,5503,1,1,0.6051
1,policy,1,5503,2,2,0.7116
1,policy,1,5503,3,3,0.6911
1,policy,1,5503,4,4,0.6911
1,policy,1,5503,5,5,0.6995
1,policy,1,5503,6,6,0.6995
1,policy,1,5503,7,7,0.6898
1,policy,1,5503,8,8,0.6872
1,policy,1,362,0,0,0.0000
1,policy,1,362,1,0,0.0000
1,policy,1,362,2,0,0.0000
1,policy,1,362,3,1,0.0000
1,policy,1,362,4,2,0.0000
1,policy,1,362,5,3,0.0000
1,policy,1,362,6,4,0.0000
1,policy,1,362,7,4,0.0000
1,policy,1,362,8,5,0.0000
1,policy,1,3332,0,0,0.0000
1,policy,1,3332,1,1,0.1584
1,policy,1,3332,2,2,0.1834
1,policy,1,3332,3,3,0.1488
1,policy,1,3332,4,4,0.1546
1,policy,1,3332,5,5,0.1585
1,policy,1,3332,6,6,0.1635
1,policy,1,3332,7,7,0.1635
1,policy,1,3332,8,8,0.1546
1,policy,1,554,0,0,0.0000
1,policy,1,554,1,0,0.0000
1,policy,1,554,2,0,0.0000
1,policy,1,554,3,0,0.0000
1,policy,1,554,4,1,0.0000
1,policy,1,554,5,1,0.0000
1,policy,1,554,6,1,0.0000
1,policy,1,554,7,2,0.0000
1,policy,1,554,8,2,0.0000
1,policy,1,3282,0,0,0.0663
1,policy,1,3282,1,1,0.1389
1,policy,1,3282,2,2,0.2837
1,policy,1,3282,3,3,0.2895
1,policy,1,3282,4,4,0.2863
1,policy,1,3282,5,5,0.3558
1,policy,1,3282,6,6,0.3597
1,policy,1,3282,7,7,0.3689
1,policy,1,3282,8,8,0.3996
1,policy,1,5925,0,0,0.0000
1,policy,1,5925,1,0,0.0000
1,policy,1,5925,2,1,0.2201
1,policy,1,5925,3,2,0.2895
1,policy,1,5925,4,3,0.2837
1,policy,1,5925,5,4,0.2895
1,policy,1,5925,6,5,0.2935
1,policy,1,5925,7,6,0.2935
1,policy,1,5925,8,7,0.2895
1,policy,1,1610,0,0,0.0694
1,policy,1,1610,1,1,0.5442
1,policy,1,1610,2,2,0.3679
1,policy,1,1610,3,3,0.3786
1,policy,1,1610,4,4,0.3786
1,policy,1,1610,5,5,0.3719
1,policy,1,1610,6,6,0.3647
1,policy,1,1610,7,7,0.3747
1,policy,1,1610,8,8,0.3786
1,policy,1,3354,0,0,0.0000
1,policy,1,3354,1,0,0.0000
1,policy,1,3354,2,0,0.0000
1,policy,1,3354,3,1,0.0000
1,policy,1,3354,4,2,0.0000
1,policy,1,3354,5,2,0.0000
1,policy,1,3354,6,3,0.0000
1,policy,1,3354,7,4,0.0000
1,policy,1,3354,8,4,0.0000
1,policy,1,1693,0,0,0.1642
1,policy,1,1693,1,1,0.5513
1,policy,1,1693,2,2,0.4284
1,policy,1,1693,3,3,0.4383
1,policy,1,1693,4,4,0.4291
1,policy,1,1693,5,5,0.4291
1,policy,1,1693,6,6,0.3629
1,policy,1,1693,7,7,0.3629
1,policy,1,1693,8,8,0.3629
1,policy,1,1856,0,0,0.0000
1,policy,1,1856,1,0,0.0000
1,policy,1,1856,2,0,0.0000
1,policy,1,1856,3,1,0.0000
1,policy,1,1856,4,2,0.0000
1,policy,1,1856,5,2,0.0000
1,policy,1,1856,6,3,0.0000
1,policy,1,1856,7,3,0.0000
1,policy,1,1856,8,4,0.0000
1,policy,1,984,0,0,0.2240
1,policy,1,984,1,1,0.1478
1,policy,1,984,2,2,0.0734
1,policy,1,984,3,3,0.1584
1,policy,1,984,4,4,0.0948
1,policy,1,984,5,5,0.0851
1,policy,1,984,6,6,0.0851
1,policy,1,984,7,7,0.0948
1,policy,1,984,8,8,0.0948
1,policy,1,2490,0,0,0.1884
1,policy,1,2490,1,1,0.0000
1,policy,1,2490,2,2,0.0734
1,policy,1,2490,3,3,0.0948
1,policy,1,2490,4,4,0.0948
1,policy,1,2490,5,5,0.0851
1,policy,1,2490,6,6,0.0851
1,policy,1,2490,7,7,0.0948
1,policy,1,2490,8,8,0.0948
1,policy,1,2395,0,0,0.0000
1,policy,1,2395,1,0,0.0000
1,policy,1,2395,2,0,0.0000
1,policy,1,2395,3,1,0.0000
1,policy,1,2395,4,1,0.0000
1,policy,1,2395,5,2,0.0000
1,policy,1,2395,6,3,0.0000
1,policy,1,2395,7,4,0.0000
1,policy,1,2395,8,5,0.0000
1,policy,1,4666,0,0,0.0000
1,policy,1,4666,1,0,0.0000
1,policy,1,4666,2,0,0.0000
1,policy,1,4666,3,1,0.0000
1,policy,1,4666,4,2,0.0000
1,policy,1,4666,5,3,0.0000
1,policy,1,4666,6,4,0.0000
1,policy,1,4666,7,4,0.0000
1,policy,1,4666,8,4,0.0000
1,policy,1,4638,0,0,0.0000
1,policy,1,4638,1,1,0.0000
1,policy,1,4638,2,2,0.0000
1,policy,1,4638,3,3,0.0000
1,policy,1,4638,4,4,0.0000
1,policy,1,4638,5,5,0.0000
1,policy,1,4638,6,6,0.0000
1,policy,1,4638,7,7,0.0000
1,policy,1,4638,8,7,0.0000
1,policy,1,1726,0,0,0.6180
1,policy,1,1726,1,1,0.7968
1,policy,1,1726,2,2,0.6372
1,policy,1,1726,3,3,0.6902
1,policy,1,1726,4,4,0.6831
1,policy,1,1726,5,5,0.6870
1,policy,1,1726,6,6,0.6962
1,policy,1,1726,7,7,0.6911
1,policy,1,1726,8,8,0.6870
1,policy,1,1544,0,0,0.2208
1,policy,1,1544,1,1,0.0000
1,policy,1,1544,2,2,0.0784
1,policy,1,1544,3,3,0.0784
1,policy,1,1544,4,4,0.0636
1,policy,1,1544,5,5,0.0000
1,policy,1,1544,6,6,0.0000
1,policy,1,1544,7,7,0.0636
1,policy,1,1544,8,8,0.0784
1,policy,1,1401,0,0,0.0000
1,policy,1,1401,1,0,0.0000
1,policy,1,1401,2,0,0.0000
1,policy,1,1401,3,1,0.0000
1,policy,1,1401,4,2,0.0000
1,policy,1,1401,5,3,0.0000
1,policy,1,1401,6,4,0.0000
1,policy,1,1401,7,4,0.0000
1,policy,1,1401,8,5,0.0000
1,policy,1,1712,0,0,0.0000
1,policy,1,1712,1,0,0.0000
1,policy,1,1712,2,0,0.0000
1,policy,1,1712,3,0,0.0000
1,policy,1,1712,4,1,0.0000
1,policy,1,1712,5,1,0.0000
1,policy,1,1712,6,2,0.0000
1,policy,1,1712,7,3,0.0000
1,policy,1,1712,8,4,0.0000
1,policy,1,1348,0,0,0.0000
1,policy,1,1348,1,0,0.0000
1,policy,1,1348,2,0,0.0000
1,policy,1,1348,3,1,0.0000
1,policy,1,1348,4,2,0.0000
1,policy,1,1348,5,3,0.0000
1,policy,1,1348,6,4,0.0000
1,policy,1,1348,7,5,0.0000
1,policy,1,1348,8,6,0.0000
1,policy,1,4769,0,0,0.0000
1,policy,1,4769,1,0,0.0000
1,policy,1,4769,2,0,0.0000
1,policy,1,4769,3,1,0.0000
1,policy,1,4769,4,2,0.0000
1,policy,1,4769,5,3,0.0000
1,policy,1,4769,6,4,0.0000
1,policy,1,4769,7,5,0.0000
1,policy,1,4769,8,6,0.0000
1,policy,1,3915,0,0,0.2431
1,policy,1,3915,1,1,0.3689
1,policy,1,3915,2,2,0.3747
1,policy,1,3915,3,3,0.4449
1,policy,1,3915,4,4,0.5085
1,policy,1,3915,5,5,0.5779
1,policy,1,3915,6,6,0.5779
1,policy,1,3915,7,7,0.5926
1,policy,1,3915,8,8,0.6390
1,policy,1,3137,0,0,0.0851
1,policy,1,3137,1,1,0.0948
1,policy,1,3137,2,2,0.2743
1,policy,1,3137,3,3,0.3569
1,policy,1,3137,4,4,0.3569
1,policy,1,3137,5,5,0.3569
1,policy,1,3137,6,6,0.3542
1,policy,1,3137,7,7,0.3569
1,policy,1,3137,8,8,0.3529
1,policy,1,3056,0,0,0.0000
1,policy,1,3056,1,0,0.0000
1,policy,1,3056,2,1,0.0000
1,policy,1,3056,3,2,0.0694
1,policy,1,3056,4,3,0.0000
1,policy,1,3056,5,4,0.0000
1,policy,1,3056,6,5,0.0000
1,policy,1,3056,7,5,0.0000
1,policy,1,3056,8,6,0.0000
1,policy,1,3344,0,0,0.0000
1,policy,1,3344,1,1,0.0636
1,policy,1,3344,2,2,0.1100
1,policy,1,3344,3,3,0.1389
1,policy,1,3344,4,4,0.1389
1,policy,1,3344,5,5,0.1389
1,policy,1,3344,6,6,0.1389
1,policy,1,3344,7,7,0.1389
1,policy,1,3344,8,8,0.1389
1,policy,1,2009,0,0,0.1100
1,policy,1,2009,1,1,0.1100
1,policy,1,2009,2,2,0.0851
1,policy,1,2009,3,3,0.0734
1,policy,1,2009,4,4,0.0734
1,policy,1,2009,5,5,0.0734
1,policy,1,2009,6,6,0.0734
1,policy,1,2009,7,7,0.0734
1,policy,1,2009,8,8,0.1370
1,policy,1,2794,0,0,0.0000
1,policy,1,2794,1,1,0.2985
1,policy,1,2794,2,2,0.1478
1,policy,1,2794,3,3,0.0851
1,policy,1,2794,4,4,0.1370
1,policy,1,2794,5,5,0.1370
1,policy,1,2794,6,6,0.1396
1,policy,1,2794,7,7,0.0000
1,policy,1,2794,8,8,0.0000
1,policy,1,5653,0,0,0.2489
1,policy,1,5653,1,1,0.0000
1,policy,1,5653,2,2,0.0000
1,policy,1,5653,3,3,0.0000
1,policy,1,5653,4,4,0.0636
1,policy,1,5653,5,5,0.0000
1,policy,1,5653,6,6,0.0663
1,policy,1,5653,7,7,0.0663
1,policy,1,5653,8,8,0.0636
1,policy,1,5615,0,0,0.0000
1,policy,1,5615,1,1,0.0000
1,policy,1,5615,2,2,0.0000
1,policy,1,5615,3,3,0.0000
1,policy,1,5615,4,4,0.0000
1,policy,1,5615,5,5,0.0000
1,policy,1,5615,6,6,0.0000
1,policy,1,5615,7,7,0.0000
1,policy,1,5615,8,8,0.0000
1,policy,1,3884,0,0,0.0784
1,policy,1,3884,1,1,0.2247
1,policy,1,3884,2,2,0.2305
1,policy,1,3884,3,3,0.3062
1,policy,1,3884,4,4,0.3764
1,policy,1,3884,5,5,0.3863
1,policy,1,3884,6,6,0.4066
1,policy,1,3884,7,7,0.5232
1,policy,1,3884,8,8,0.5680
1,policy,1,399,0,0,0.0000
1,policy,1,399,1,0,0.0000
1,policy,1,399,2,0,0.0000
1,policy,1,399,3,1,0.0000
1,policy,1,399,4,2,0.0000
1,policy,1,399,5,2,0.0000
1,policy,1,399,6,3,0.0000
1,policy,1,399,7,4,0.0000
1,policy,1,399,8,5,0.0000
1,policy,1,4972,0,0,0.1635
1,policy,1,4972,1,1,0.3301
1,policy,1,4972,2,2,0.2876
1,policy,1,4972,3,3,0.3562
1,policy,1,4972,4,4,0.4548
1,policy,1,4972,5,5,0.4616
1,policy,1,4972,6,6,0.3850
1,policy,1,4972,7,7,0.4627
1,policy,1,4972,8,8,0.4479
1,policy,1,6,0,0,0.0000
1,policy,1,6,1,0,0.0000
1,policy,1,6,2,1,0.2476
1,policy,1,6,3,2,0.1301
1,policy,1,6,4,3,0.2811
1,policy,1,6,5,4,0.2811
1,policy,1,6,6,5,0.2639
1,policy,1,6,7,6,0.2639
1,policy,1,6,8,7,0.1391
1,policy,1,4963,0,0,0.3183
1,policy,1,4963,1,1,0.0000
1,policy,1,4963,2,2,0.3590
1,policy,1,4963,3,3,0.4226
1,policy,1,4963,4,4,0.3590
1,policy,1,4963,5,5,0.3590
1,policy,1,4963,6,6,0.3590
1,policy,1,4963,7,7,0.3590
1,policy,1,4963,8,8,0.6016
1,policy,1,666,0,0,0.0000
1,policy,1,666,1,0,0.0000
1,policy,1,666,2,1,0.0948
1,policy,1,666,3,2,0.0784
1,policy,1,666,4,3,0.0694
1,policy,1,666,5,4,0.0694
1,policy,1,666,6,4,0.0694
1,policy,1,666,7,5,0.0694
1,policy,1,666,8,6,0.0734
1,policy,1,2621,0,0,0.1100
1,policy,1,2621,1,1,0.2201
1,policy,1,2621,2,2,0.1389
1,policy,1,2621,3,3,0.0734
1,policy,1,2621,4,3,0.0734
1,policy,1,2621,5,3,0.0734
1,policy,1,2621,6,4,0.0851
1,policy,1,2621,7,5,0.0851
1,policy,1,2621,8,6,0.1100
1,policy,1,465,0,0,0.1478
1,policy,1,465,1,1,0.2141
1,policy,1,465,2,1,0.2141
1,policy,1,465,3,2,0.4695
1,policy,1,465,4,3,0.4695
1,policy,1,465,5,3,0.4695
1,policy,1,465,6,4,0.4663
1,policy,1,465,7,5,0.3850
1,policy,1,465,8,6,0.4205
1,policy,1,2226,0,0,0.0000
1,policy,1,2226,1,1,0.3508
1,policy,1,2226,2,2,0.0901
1,policy,1,2226,3,3,0.0000
1,policy,1,2226,4,4,0.0000
1,policy,1,2226,5,5,0.0000
1,policy,1,2226,6,6,0.0000
1,policy,1,2226,7,7,0.0000
1,policy,1,2226,8,8,0.0000
1,policy,1,1528,0,0,0.0000
1,policy,1,1528,1,0,0.0000
1,policy,1,1528,2,1,0.0827
1,policy,1,1528,3,2,0.0916
1,policy,1,1528,4,3,0.1063
1,policy,1,1528,5,4,0.0979
1,policy,1,1528,6,5,0.1063
1,policy,1,1528,7,6,0.1063
1,policy,1,1528,8,7,0.1063
1,policy,1,247,0,0,0.0000
1,policy,1,247,1,0,0.0000
1,policy,1,247,2,0,0.0000
1,policy,1,247,3,1,0.0000
1,policy,1,247,4,2,0.0000
1,policy,1,247,5,3,0.0000
1,policy,1,247,6,4,0.0000
1,policy,1,247,7,5,0.0000
1,policy,1,247,8,6,0.0000
1,policy,1,5648,0,0,0.0000
1,policy,1,5648,1,0,0.0000
1,policy,1,5648,2,1,0.2025
1,policy,1,5648,3,2,0.2785
1,policy,1,5648,4,3,0.2025
1,policy,1,5648,5,4,0.2083
1,policy,1,5648,6,5,0.2122
1,policy,1,5648,7,6,0.2122
1,policy,1,5648,8,7,0.2083
1,policy,1,3710,0,0,0.0000
1,policy,1,3710,1,0,0.0000
1,policy,1,3710,2,1,0.0000
1,policy,1,3710,3,2,0.0000
1,policy,1,3710,4,3,0.0000
1,policy,1,3710,5,4,0.0000
1,policy,1,3710,6,5,0.0000
1,policy,1,3710,7,6,0.0000
1,policy,1,3710,8,7,0.0000
1,policy,1,4163,0,0,0.0000
1,policy,1,4163,1,0,0.0000
1,policy,1,4163,2,0,0.0000
1,policy,1,4163,3,1,0.0000
1,policy,1,4163,4,2,0.0000
1,policy,1,4163,5,3,0.0000
1,policy,1,4163,6,4,0.0000
1,policy,1,4163,7,5,0.0000
1,policy,1,4163,8,5,0.0000
1,policy,1,4625,0,0,0.4912
1,policy,1,4625,1,1,0.1389
1,policy,1,4625,2,2,0.4035
1,policy,1,4625,3,3,0.6379
1,policy,1,4625,4,4,0.6353
1,policy,1,4625,5,5,0.5617
1,policy,1,4625,6,6,0.5578
1,policy,1,4625,7,7,0.5645
1,policy,1,4625,8,8,0.6353
1,policy,1,1121,0,0,0.0000
1,policy,1,1121,1,1,0.1635
1,policy,1,1121,2,2,0.0000
1,policy,1,1121,3,3,0.0000
1,policy,1,1121,4,4,0.0000
1,policy,1,1121,5,5,0.0000
1,policy,1,1121,6,6,0.0000
1,policy,1,1121,7,7,0.0000
1,policy,1,1121,8,8,0.0000
1,policy,1,4026,0,0,0.0000
1,policy,1,4026,1,0,0.0000
1,policy,1,4026,2,0,0.0000
1,policy,1,4026,3,1,0.0000
1,policy,1,4026,4,2,0.0000
1,policy,1,4026,5,2,0.0000
1,policy,1,4026,6,2,0.0000
1,policy,1,4026,7,3,0.0000
1,policy,1,4026,8,4,0.0000
1,policy,1,1685,0,0,0.0000
1,policy,1,1685,1,1,0.0000
1,policy,1,1685,2,2,0.0000
1,policy,1,1685,3,3,0.0000
1,policy,1,1685,4,4,0.0000
1,policy,1,1685,5,5,0.0000
1,policy,1,1685,6,6,0.0000
1,policy,1,1685,7,7,0.0000
1,policy,1,1685,8,7,0.0000
1,policy,1,248,0,0,0.1682
1,policy,1,248,1,1,0.1584
1,policy,1,248,2,2,0.2083
1,policy,1,248,3,3,0.1732
1,policy,1,248,4,4,0.1732
1,policy,1,248,5,5,0.1732
1,policy,1,248,6,6,0.1682
1,policy,1,248,7,7,0.1732
1,policy,1,248,8,8,0.1799
1,policy,1,1221,0,0,0.0000
1,policy,1,1221,1,0,0.0000
1,policy,1,1221,2,1,0.0000
1,policy,1,1221,3,1,0.0000
1,policy,1,1221,4,2,0.0000
1,policy,1,1221,5,3,0.0000
1,policy,1,1221,6,4,0.0000
1,policy,1,1221,7,5,0.0000
1,policy,1,1221,8,6,0.0000
1,policy,1,132,0,0,0.1389
1,policy,1,132,1,0,0.1389
1,policy,1,132,2,0,0.1389
1,policy,1,132,3,1,0.0000
1,policy,1,132,4,2,0.0636
1,policy,1,132,5,2,0.0636
1,policy,1,132,6,3,0.0000
1,policy,1,132,7,4,0.0636
1,policy,1,132,8,5,0.0636
1,policy,1,2718,0,0,0.0000
1,policy,1,2718,1,1,0.1763
1,policy,1,2718,2,1,0.1763
1,policy,1,2718,3,2,0.4449
1,policy,1,2718,4,3,0.4473
1,policy,1,2718,5,4,0.3933
1,policy,1,2718,6,5,0.3786
1,policy,1,2718,7,6,0.3120
1,policy,1,2718,8,7,0.4284
1,policy,1,507,0,0,0.0000
1,policy,1,507,1,1,0.2895
1,policy,1,507,2,2,0.3679
1,policy,1,507,3,3,0.2201
1,policy,1,507,4,4,0.2201
1,policy,1,507,5,5,0.2201
1,policy,1,507,6,6,0.2201
1,policy,1,507,7,7,0.2201
1,policy,1,507,8,8,0.2201
1,policy,1,4786,0,0,0.0000
1,policy,1,4786,1,0,0.0000
1,policy,1,4786,2,1,0.0000
1,policy,1,4786,3,2,0.0000
1,policy,1,4786,4,3,0.0000
1,policy,1,4786,5,4,0.0000
1,policy,1,4786,6,4,0.0000
1,policy,1,4786,7,5,0.0000
1,policy,1,4786,8,5,0.0000
1,policy,1,241,0,0,0.0000
1,policy,1,241,1,1,0.0000
1,policy,1,241,2,2,0.0000
1,policy,1,241,3,3,0.0663
1,policy,1,241,4,4,0.0663
1,policy,1,241,5,5,0.0663
1,policy,1,241,6,6,0.0663
1,policy,1,241,7,7,0.0663
1,policy,1,241,8,8,0.0663
1,policy,1,2456,0,0,0.1100
1,policy,1,2456,1,1,0.2318
1,policy,1,2456,2,2,0.6505
1,policy,1,2456,3,3,0.6620
1,policy,1,2456,4,4,0.6570
1,policy,1,2456,5,5,0.5934
1,policy,1,2456,6,6,0.5984
1,policy,1,2456,7,7,0.6628
1,policy,1,2456,8,8,0.6602
1,policy,1,3202,0,0,0.0000
1,policy,1,3202,1,1,0.0000
1,policy,1,3202,2,2,0.0000
1,policy,1,3202,3,3,0.0000
1,policy,1,3202,4,4,0.0000
1,policy,1,3202,5,5,0.0000
1,policy,1,3202,6,6,0.0000
1,policy,1,3202,7,7,0.0000
1,policy,1,3202,8,8,0.0000
1,policy,1,62,0,0,0.0000
1,policy,1,62,1,1,0.0000
1,policy,1,62,2,2,0.0000
1,policy,1,62,3,3,0.0000
1,policy,1,62,4,4,0.0000
1,policy,1,62,5,5,0.0000
1,policy,1,62,6,6,0.0000
1,policy,1,62,7,7,0.0000
1,policy,1,62,8,8,0.0000
1,policy,1,3811,0,0,0.0663
1,policy,1,3811,1,1,0.1834
1,policy,1,3811,2,2,0.0636
1,policy,1,3811,3,3,0.0000
1,policy,1,3811,4,4,0.0636
1,policy,1,3811,5,5,0.0663
1,policy,1,3811,6,6,0.0694
1,policy,1,3811,7,7,0.0734
1,policy,1,3811,8,8,0.0734
1,policy,1,4901,0,0,0.0663
1,policy,1,4901,1,1,0.1100
1,policy,1,4901,2,2,0.0000
1,policy,1,4901,3,3,0.0000
1,policy,1,4901,4,4,0.0000
1,policy,1,4901,5,4,0.0000
1,policy,1,4901,6,5,0.0000
1,policy,1,4901,7,6,0.0000
1,policy,1,4901,8,7,0.0000
1,policy,1,4689,0,0,0.0000
1,policy,1,4689,1,1,0.0000
1,policy,1,4689,2,2,0.0000
1,policy,1,4689,3,3,0.0000
1,policy,1,4689,4,4,0.0000
1,policy,1,4689,5,5,0.0000
1,policy,1,4689,6,6,0.0000
1,policy,1,4689,7,7,0.0000
1,policy,1,4689,8,8,0.0000
1,policy,1,2509,0,0,0.0663
1,policy,1,2509,1,0,0.0663
1,policy,1,2509,2,0,0.0663
1,policy,1,2509,3,1,0.0000
1,policy,1,2509,4,2,0.0000
1,policy,1,2509,5,3,0.0000
1,policy,1,2509,6,4,0.0000
1,policy,1,2509,7,5,0.0000
1,policy,1,2509,8,6,0.0000
1,policy,1,5274,0,0,0.0000
1,policy,1,5274,1,0,0.0000
1,policy,1,5274,2,0,0.0000
1,policy,1,5274,3,1,0.0000
1,policy,1,5274,4,1,0.0000
1,policy,1,5274,5,2,0.0948
1,policy,1,5274,6,3,0.0948
1,policy,1,5274,7,4,0.0784
1,policy,1,5274,8,5,0.0784
1,policy,1,5586,0,0,0.1331
1,policy,1,5586,1,1,0.0000
1,policy,1,5586,2,2,0.1100
1,policy,1,5586,3,3,0.0000
1,policy,1,5586,4,4,0.0000
1,policy,1,5586,5,5,0.0000
1,policy,1,5586,6,6,0.0000
1,policy,1,5586,7,7,0.0663
1,policy,1,5586,8,8,0.0663
1,policy,1,9,0,0,0.2618
1,policy,1,9,1,1,0.1100
1,policy,1,9,2,2,0.0663
1,policy,1,9,3,3,0.0636
1,policy,1,9,4,4,0.0000
1,policy,1,9,5,5,0.0000
1,policy,1,9,6,6,0.0000
1,policy,1,9,7,7,0.0000
1,policy,1,9,8,8,0.0000
1,policy,1,863,0,0,0.1389
1,policy,1,863,1,1,0.3183
1,policy,1,863,2,1,0.3183
1,policy,1,863,3,2,0.1478
1,policy,1,863,4,3,0.1585
1,policy,1,863,5,4,0.1682
1,policy,1,863,6,5,0.1478
1,policy,1,863,7,6,0.1682
1,policy,1,863,8,7,0.0000
1,policy,1,2370,0,0,0.0000
1,policy,1,2370,1,0,0.0000
1,policy,1,2370,2,0,0.0000
1,policy,1,2370,3,1,0.0851
1,policy,1,2370,4,2,0.1732
1,policy,1,2370,5,3,0.0948
1,policy,1,2370,6,4,0.0948
1,policy,1,2370,7,5,0.1610
1,policy,1,2370,8,6,0.0948
1,policy,1,3588,0,0,0.2727
1,policy,1,3588,1,1,0.5885
1,policy,1,3588,2,2,0.4230
1,policy,1,3588,3,3,0.3758
1,policy,1,3588,4,4,0.3758
1,policy,1,3588,5,5,0.3758
1,policy,1,3588,6,6,0.3718
1,policy,1,3588,7,7,0.3758
1,policy,1,3588,8,8,0.3718
1,policy,1,2915,0,0,0.0000
1,policy,1,2915,1,1,0.0000
1,policy,1,2915,2,2,0.2201
1,policy,1,2915,3,3,0.2201
1,policy,1,2915,4,4,0.2837
1,policy,1,2915,5,5,0.2837
1,policy,1,2915,6,6,0.2837
1,policy,1,2915,7,7,0.2837
1,policy,1,2915,8,8,0.3689
1,policy,1,4407,0,0,0.1488
1,policy,1,4407,1,1,0.7722
1,policy,1,4407,2,2,0.0000
1,policy,1,4407,3,3,0.0000
1,policy,1,4407,4,4,0.0694
1,policy,1,4407,5,5,0.0734
1,policy,1,4407,6,6,0.1610
1,policy,1,4407,7,7,0.1642
1,policy,1,4407,8,8,0.1732
1,policy,1,2416,0,0,0.0000
1,policy,1,2416,1,1,0.0000
1,policy,1,2416,2,2,0.0000
1,policy,1,2416,3,3,0.0000
1,policy,1,2416,4,3,0.0000
1,policy,1,2416,5,3,0.0000
1,policy,1,2416,6,3,0.0000
1,policy,1,2416,7,3,0.0000
1,policy,1,2416,8,4,0.0000
1,policy,1,5173,0,0,0.0000
1,policy,1,5173,1,0,0.0000
1,policy,1,5173,2,0,0.0000
1,policy,1,5173,3,0,0.0000
1,policy,1,5173,4,1,0.0827
1,policy,1,5173,5,1,0.0827
1,policy,1,5173,6,1,0.0827
1,policy,1,5173,7,1,0.0827
1,policy,1,5173,8,1,0.0827
1,policy,1,4915,0,0,0.0784
1,policy,1,4915,1,0,0.0784
1,policy,1,4915,2,1,0.0000
1,policy,1,4915,3,2,0.0784
1,policy,1,4915,4,3,0.0784
1,policy,1,4915,5,4,0.0784
1,policy,1,4915,6,5,0.0734
1,policy,1,4915,7,6,0.0636
1,policy,1,4915,8,7,0.0000
1,policy,1,4446,0,0,0.1952
1,policy,1,4446,1,1,0.1396
1,policy,1,4446,2,2,0.1488
1,policy,1,4446,3,3,0.1488
1,policy,1,4446,4,4,0.2150
1,policy,1,4446,5,5,0.2064
1,policy,1,4446,6,6,0.2115
1,policy,1,4446,7,7,0.2457
1,policy,1,4446,8,8,0.3133
1,policy,1,5549,0,0,0.1834
1,policy,1,5549,1,1,0.4570
1,policy,1,5549,2,2,0.4042
1,policy,1,5549,3,3,0.3979
1,policy,1,5549,4,4,0.3890
1,policy,1,5549,5,5,0.4526
1,policy,1,5549,6,6,0.4459
1,policy,1,5549,7,7,0.4459
1,policy,1,5549,8,8,0.4459
1,policy,1,2431,0,0,0.0000
1,policy,1,2431,1,0,0.0000
1,policy,1,2431,2,0,0.0000
1,policy,1,2431,3,1,0.0000
1,policy,1,2431,4,2,0.0000
1,policy,1,2431,5,3,0.0000
1,policy,1,2431,6,4,0.0000
1,policy,1,2431,7,5,0.0000
1,policy,1,2431,8,6,0.0000
1,policy,1,4918,0,0,0.0000
1,policy,1,4918,1,0,0.0000
1,policy,1,4918,2,0,0.0000
1,policy,1,4918,3,1,0.0000
1,policy,1,4918,4,2,0.0000
1,policy,1,4918,5,2,0.0000
1,policy,1,4918,6,3,0.0000
1,policy,1,4918,7,4,0.0000
1,policy,1,4918,8,4,0.0000
1,policy,1,3343,0,0,0.0000
1,policy,1,3343,1,0,0.0000
1,policy,1,3343,2,0,0.0000
1,policy,1,3343,3,1,0.0948
1,policy,1,3343,4,2,0.1389
1,policy,1,3343,5,3,0.2201
1,policy,1,3343,6,4,0.2201
1,policy,1,3343,7,5,0.2201
1,policy,1,3343,8,5,0.2201
1,policy,1,3736,0,0,0.0734
1,policy,1,3736,1,1,0.0694
1,policy,1,3736,2,2,0.2182
1,policy,1,3736,3,3,0.2906
1,policy,1,3736,4,4,0.2867
1,policy,1,3736,5,5,0.2528
1,policy,1,3736,6,6,0.2579
1,policy,1,3736,7,7,0.2817
1,policy,1,3736,8,8,0.2867
1,policy,1,2110,0,0,0.0000
1,policy,1,2110,1,0,0.0000
1,policy,1,2110,2,0,0.0000
1,policy,1,2110,3,1,0.0000
1,policy,1,2110,4,1,0.0000
1,policy,1,2110,5,1,0.0000
1,policy,1,2110,6,2,0.0000
1,policy,1,2110,7,3,0.0000
1,policy,1,2110,8,3,0.0000
1,policy,1,3782,0,0,0.0000
1,policy,1,3782,1,0,0.0000
1,policy,1,3782,2,0,0.0000
1,policy,1,3782,3,1,0.0000
1,policy,1,3782,4,1,0.0000
1,policy,1,3782,5,1,0.0000
1,policy,1,3782,6,2,0.0000
1,policy,1,3782,7,2,0.0000
1,policy,1,3782,8,2,0.0000
1,policy,1,5362,0,0,0.0000
1,policy,1,5362,1,0,0.0000
1,policy,1,5362,2,1,0.0000
1,policy,1,5362,3,2,0.0000
1,policy,1,5362,4,3,0.0000
1,policy,1,5362,5,4,0.0000
1,policy,1,5362,6,5,0.0000
1,policy,1,5362,7,6,0.0000
1,policy,1,5362,8,7,0.0000
1,policy,1,4839,0,0,0.0731
1,policy,1,4839,1,0,0.0731
1,policy,1,4839,2,0,0.0731
1,policy,1,4839,3,1,0.1089
1,policy,1,4839,4,2,0.1596
1,policy,1,4839,5,3,0.2529
1,policy,1,4839,6,4,0.0843
1,policy,1,4839,7,4,0.0843
1,policy,1,4839,8,5,0.0000
1,policy,1,5739,0,0,0.0000
1,policy,1,5739,1,0,0.0000
1,policy,1,5739,2,1,0.0000
1,policy,1,5739,3,2,0.0000
1,policy,1,5739,4,3,0.0000
1,policy,1,5739,5,4,0.0000
1,policy,1,5739,6,5,0.0000
1,policy,1,5739,7,5,0.0000
1,policy,1,5739,8,6,0.0000
1,policy,1,4541,0,0,0.0000
1,policy,1,4541,1,0,0.0000
1,policy,1,4541,2,0,0.0000
1,policy,1,4541,3,1,0.0000
1,policy,1,4541,4,1,0.0000
1,policy,1,4541,5,1,0.0000
1,policy,1,4541,6,2,0.0000
1,policy,1,4541,7,2,0.0000
1,policy,1,4541,8,2,0.0000
1,policy,1,5964,0,0,0.0000
1,policy,1,5964,1,0,0.0000
1,policy,1,5964,2,0,0.0000
1,policy,1,5964,3,1,0.0875
1,policy,1,5964,4,2,0.0000
1,policy,1,5964,5,2,0.0000
1,policy,1,5964,6,2,0.0000
1,policy,1,5964,7,2,0.0000
1,policy,1,5964,8,3,0.0000
1,policy,1,2130,0,0,0.1763
1,policy,1,2130,1,1,0.3938
1,policy,1,2130,2,2,0.0851
1,policy,1,2130,3,3,0.0000
1,policy,1,2130,4,4,0.0000
1,policy,1,2130,5,5,0.0000
1,policy,1,2130,6,6,0.0000
1,policy,1,2130,7,7,0.0000
1,policy,1,2130,8,8,0.0000
1,policy,1,5494,0,0,0.0000
1,policy,1,5494,1,0,0.0000
1,policy,1,5494,2,0,0.0000
1,policy,1,5494,3,0,0.0000
1,policy,1,5494,4,1,0.0000
1,policy,1,5494,5,1,0.0000
1,policy,1,5494,6,1,0.0000
1,policy,1,5494,7,2,0.0000
1,policy,1,5494,8,2,0.0000
1,policy,1,1586,0,0,0.1993
1,policy,1,1586,1,1,0.4035
1,policy,1,1586,2,2,0.1389
1,policy,1,1586,3,3,0.1389
1,policy,1,1586,4,4,0.1100
1,policy,1,1586,5,5,0.1100
1,policy,1,1586,6,6,0.1737
1,policy,1,1586,7,7,0.1763
1,policy,1,1586,8,8,0.1795
1,policy,1,650,0,0,0.1447
1,policy,1,650,1,1,0.8630
1,policy,1,650,2,2,0.8701
1,policy,1,650,3,3,0.8701
1,policy,1,650,4,4,0.8701
1,policy,1,650,5,5,0.8630
1,policy,1,650,6,6,0.8604
1,policy,1,650,7,7,0.6497
1,policy,1,650,8,8,0.7183
1,policy,1,2011,0,0,0.0000
1,policy,1,2011,1,1,0.0734
1,policy,1,2011,2,2,0.2201
1,policy,1,2011,3,3,0.3597
1,policy,1,2011,4,4,0.3558
1,policy,1,2011,5,5,0.2895
1,policy,1,2011,6,6,0.3558
1,policy,1,2011,7,7,0.3531
1,policy,1,2011,8,8,0.3531
1,policy,1,5044,0,0,0.0000
1,policy,1,5044,1,0,0.0000
1,policy,1,5044,2,0,0.0000
1,policy,1,5044,3,0,0.0000
1,policy,1,5044,4,1,0.0000
1,policy,1,5044,5,1,0.0000
1,policy,1,5044,6,1,0.0000
1,policy,1,5044,7,2,0.0000
1,policy,1,5044,8,2,0.0000
1,policy,1,2227,0,0,0.0783
1,policy,1,2227,1,0,0.0783
1,policy,1,2227,2,1,0.2085
1,policy,1,2227,3,2,0.1922
1,policy,1,2227,4,3,0.1850
1,policy,1,2227,5,4,0.1922
1,policy,1,2227,6,5,0.1850
1,policy,1,2227,7,6,0.1850
1,policy,1,2227,8,7,0.1850
1,policy,1,2595,0,0,0.0000
1,policy,1,2595,1,0,0.0000
1,policy,1,2595,2,0,0.0000
1,policy,1,2595,3,1,0.0000
1,policy,1,2595,4,2,0.0000
1,policy,1,2595,5,2,0.0000
1,policy,1,2595,6,3,0.0000
1,policy,1,2595,7,4,0.0000
1,policy,1,2595,8,5,0.0000
1,policy,1,2426,0,0,0.2051
1,policy,1,2426,1,1,0.1518
1,policy,1,2426,2,1,0.1518
1,policy,1,2426,3,2,0.0000
1,policy,1,2426,4,3,0.0000
1,policy,1,2426,5,4,0.0000
1,policy,1,2426,6,5,0.0000
1,policy,1,2426,7,6,0.0000
1,policy,1,2426,8,6,0.0000
1,policy,1,3355,0,0,0.2337
1,policy,1,3355,1,1,0.3469
1,policy,1,3355,2,2,0.3909
1,policy,1,3355,3,3,0.3909
1,policy,1,3355,4,4,0.3273
1,policy,1,3355,5,5,0.4722
1,policy,1,3355,6,6,0.5416
1,policy,1,3355,7,7,0.5428
1,policy,1,3355,8,8,0.4819
1,policy,1,5088,0,0,0.0000
1,policy,1,5088,1,0,0.0000
1,policy,1,5088,2,0,0.0000
1,policy,1,5088,3,1,0.2032
1,policy,1,5088,4,1,0.2032
1,policy,1,5088,5,1,0.2032
1,policy,1,5088,6,2,0.3422
1,policy,1,5088,7,3,0.2179
1,policy,1,5088,8,3,0.2179
1,policy,1,4268,0,0,0.0663
1,policy,1,4268,1,1,0.3052
1,policy,1,4268,2,2,0.3149
1,policy,1,4268,3,3,0.3938
1,policy,1,4268,4,4,0.3301
1,policy,1,4268,5,5,0.4226
1,policy,1,4268,6,5,0.4226
1,policy,1,4268,7,6,0.4226
1,policy,1,4268,8,7,0.4226
1,policy,1,526,0,0,0.0000
1,policy,1,526,1,0,0.0000
1,policy,1,526,2,0,0.0000
1,policy,1,526,3,1,0.0000
1,policy,1,526,4,1,0.0000
1,policy,1,526,5,1,0.0000
1,policy,1,526,6,2,0.0000
1,policy,1,526,7,3,0.0000
1,policy,1,526,8,3,0.0000
1,policy,1,2291,0,0,0.0000
1,policy,1,2291,1,1,0.0000
1,policy,1,2291,2,2,0.0000
1,policy,1,2291,3,3,0.0000
1,policy,1,2291,4,4,0.0000
1,policy,1,2291,5,4,0.0000
1,policy,1,2291,6,4,0.0000
1,policy,1,2291,7,5,0.0000
1,policy,1,2291,8,5,0.0000
1,policy,1,5980,0,0,0.0000
1,policy,1,5980,1,1,0.1763
1,policy,1,5980,2,2,0.0000
1,policy,1,5980,3,3,0.0000
1,policy,1,5980,4,4,0.0000
1,policy,1,5980,5,5,0.0000
1,policy,1,5980,6,6,0.0663
1,policy,1,5980,7,7,0.0663
1,policy,1,5980,8,8,0.0636
1,policy,1,1692,0,0,0.1610
1,policy,1,1692,1,1,0.6749
1,policy,1,1692,2,2,0.4074
1,policy,1,1692,3,3,0.4669
1,policy,1,1692,4,4,0.4833
1,policy,1,1692,5,5,0.4883
1,policy,1,1692,6,6,0.4955
1,policy,1,1692,7,7,0.4955
1,policy,1,1692,8,8,0.2344
1,policy,1,4601,0,0,0.1389
1,policy,1,4601,1,1,0.0000
1,policy,1,4601,2,2,0.1100
1,policy,1,4601,3,3,0.2025
1,policy,1,4601,4,3,0.2025
1,policy,1,4601,5,3,0.2025
1,policy,1,4601,6,4,0.2083
1,policy,1,4601,7,5,0.2051
1,policy,1,4601,8,6,0.2025
1,policy,1,5264,0,0,0.0948
1,policy,1,5264,1,1,0.0000
1,policy,1,5264,2,1,0.0000
1,policy,1,5264,3,2,0.2999
1,policy,1,5264,4,3,0.2711
1,policy,1,5264,5,4,0.2614
1,policy,1,5264,6,5,0.2999
1,policy,1,5264,7,6,0.2614
1,policy,1,5264,8,7,0.2743
1,policy,1,1534,0,0,0.0000
1,policy,1,1534,1,1,0.0000
1,policy,1,1534,2,1,0.0000
1,policy,1,1534,3,2,0.0000
1,policy,1,1534,4,2,0.0000
1,policy,1,1534,5,2,0.0000
1,policy,1,1534,6,3,0.0000
1,policy,1,1534,7,4,0.0000
1,policy,1,1534,8,5,0.0000
1,policy,1,233,0,0,0.0000
1,policy,1,233,1,1,0.0000
1,policy,1,233,2,1,0.0000
1,policy,1,233,3,2,0.0000
1,policy,1,233,4,3,0.0000
1,policy,1,233,5,4,0.0000
1,policy,1,233,6,4,0.0000
1,policy,1,233,7,5,0.0000
1,policy,1,233,8,6,0.0000
1,policy,1,2988,0,0,0.0851
1,policy,1,2988,1,1,0.2489
1,policy,1,2988,2,2,0.1732
1,policy,1,2988,3,3,0.0636
1,policy,1,2988,4,4,0.0734
1,policy,1,2988,5,4,0.0734
1,policy,1,2988,6,5,0.0694
1,policy,1,2988,7,6,0.0851
1,policy,1,2988,8,7,0.0636
1,policy,1,5717,0,0,0.4937
1,policy,1,5717,1,1,0.0000
1,policy,1,5717,2,2,0.2973
1,policy,1,5717,3,3,0.1799
1,policy,1,5717,4,4,0.1834
1,policy,1,5717,5,5,0.1763
1,policy,1,5717,6,6,0.0948
1,policy,1,5717,7,7,0.0784
1,policy,1,5717,8,8,0.1370
1,policy,1,2730,0,0,0.4519
1,policy,1,2730,1,1,0.3788
1,policy,1,2730,2,2,0.3223
1,policy,1,2730,3,3,0.3273
1,policy,1,2730,4,4,0.3223
1,policy,1,2730,5,5,0.3223
1,policy,1,2730,6,6,0.2999
1,policy,1,2730,7,7,0.2686
1,policy,1,2730,8,8,0.2426
1,policy,1,5011,0,0,0.0000
1,policy,1,5011,1,0,0.0000
1,policy,1,5011,2,0,0.0000
1,policy,1,5011,3,1,0.0000
1,policy,1,5011,4,2,0.0000
1,policy,1,5011,5,2,0.0000
1,policy,1,5011,6,3,0.0000
1,policy,1,5011,7,4,0.0000
1,policy,1,5011,8,4,0.0000
1,policy,1,3894,0,0,0.0734
1,policy,1,3894,1,0,0.0734
1,policy,1,3894,2,1,0.0784
1,policy,1,3894,3,2,0.0636
1,policy,1,3894,4,3,0.1100
1,policy,1,3894,5,4,0.1389
1,policy,1,3894,6,5,0.1389
1,policy,1,3894,7,6,0.1389
1,policy,1,3894,8,7,0.2201
1,policy,1,4366,0,0,0.0851
1,policy,1,4366,1,1,0.0000
1,policy,1,4366,2,2,0.0000
1,policy,1,4366,3,3,0.0000
1,policy,1,4366,4,4,0.0000
1,policy,1,4366,5,4,0.0000
1,policy,1,4366,6,5,0.0000
1,policy,1,4366,7,6,0.0000
1,policy,1,4366,8,7,0.0000
1,policy,1,1636,0,0,0.0734
1,policy,1,1636,1,0,0.0734
1,policy,1,1636,2,0,0.0734
1,policy,1,1636,3,1,0.0948
1,policy,1,1636,4,2,0.0734
1,policy,1,1636,5,3,0.0948
1,policy,1,1636,6,4,0.0948
1,policy,1,1636,7,5,0.0948
1,policy,1,1636,8,6,0.0948
1,policy,1,5047,0,0,0.0851
1,policy,1,5047,1,1,0.1389
1,policy,1,5047,2,1,0.1389
1,policy,1,5047,3,2,0.0000
1,policy,1,5047,4,2,0.0000
1,policy,1,5047,5,2,0.0000
1,policy,1,5047,6,3,0.0636
1,policy,1,5047,7,4,0.0636
1,policy,1,5047,8,5,0.0636
1,policy,1,1527,0,0,0.0000
1,policy,1,1527,1,0,0.0000
1,policy,1,1527,2,1,0.0000
1,policy,1,1527,3,1,0.0000
1,policy,1,1527,4,2,0.0000
1,policy,1,1527,5,3,0.0000
1,policy,1,1527,6,4,0.0000
1,policy,1,1527,7,4,0.0000
1,policy,1,1527,8,5,0.0000
1,policy,1,5390,0,0,0.0000
1,policy,1,5390,1,0,0.0000
1,policy,1,5390,2,0,0.0000
1,policy,1,5390,3,1,0.0000
1,policy,1,5390,4,2,0.0000
1,policy,1,5390,5,2,0.0000
1,policy,1,5390,6,2,0.0000
1,policy,1,5390,7,3,0.0000
1,policy,1,5390,8,3,0.0000
1,policy,1,1111,0,0,0.2903
1,policy,1,1111,1,1,0.5389
1,policy,1,1111,2,2,0.3917
1,policy,1,1111,3,3,0.4608
1,policy,1,1111,4,4,0.3684
1,policy,1,1111,5,5,0.4695
1,policy,1,1111,6,6,0.4473
1,policy,1,1111,7,7,0.4531
1,policy,1,1111,8,8,0.4531
1,policy,1,3741,0,0,0.0000
1,policy,1,3741,1,1,0.1389
1,policy,1,3741,2,2,0.2083
1,policy,1,3741,3,3,0.1584
1,policy,1,3741,4,4,0.1642
1,policy,1,3741,5,5,0.1834
1,policy,1,3741,6,6,0.1884
1,policy,1,3741,7,7,0.1732
1,policy,1,3741,8,8,0.1732
1,policy,1,2778,0,0,0.0000
1,policy,1,2778,1,1,0.0000
1,policy,1,2778,2,2,0.1795
1,policy,1,2778,3,3,0.3341
1,policy,1,2778,4,4,0.3341
1,policy,1,2778,5,5,0.3188
1,policy,1,2778,6,6,0.3341
1,policy,1,2778,7,7,0.3120
1,policy,1,2778,8,8,0.1732
1,policy,1,483,0,0,0.2140
1,policy,1,483,1,0,0.2140
1,policy,1,483,2,1,0.0000
1,policy,1,483,3,2,0.0000
1,policy,1,483,4,3,0.0000
1,policy,1,483,5,4,0.0000
1,policy,1,483,6,4,0.0000
1,policy,1,483,7,5,0.0000
1,policy,1,483,8,6,0.0000
1,policy,1,706,0,0,0.1734
1,policy,1,706,1,0,0.1734
1,policy,1,706,2,0,0.1734
1,policy,1,706,3,1,0.0000
1,policy,1,706,4,2,0.0000
1,policy,1,706,5,3,0.0000
1,policy,1,706,6,4,0.0000
1,policy,1,706,7,5,0.0000
1,policy,1,706,8,6,0.0000
1,policy,1,1938,0,0,0.0851
1,policy,1,1938,1,1,0.0663
1,policy,1,1938,2,2,0.0000
1,policy,1,1938,3,3,0.0000
1,policy,1,1938,4,4,0.0000
1,policy,1,1938,5,5,0.0000
1,policy,1,1938,6,6,0.0000
1,policy,1,1938,7,7,0.0000
1,policy,1,1938,8,8,0.1428
1,policy,1,2064,0,0,0.0000
1,policy,1,2064,1,0,0.0000
1,policy,1,2064,2,0,0.0000
1,policy,1,2064,3,1,0.6131
1,policy,1,2064,4,2,0.3066
1,policy,1,2064,5,3,0.2372
1,policy,1,2064,6,4,0.3066
1,policy,1,2064,7,5,0.3066
1,policy,1,2064,8,6,0.2641
1,policy,1,5812,0,0,0.0000
1,policy,1,5812,1,1,0.3098
1,policy,1,5812,2,2,0.1732
1,policy,1,5812,3,3,0.1635
1,policy,1,5812,4,4,0.1635
1,policy,1,5812,5,5,0.1635
1,policy,1,5812,6,6,0.1585
1,policy,1,5812,7,7,0.2048
1,policy,1,5812,8,8,0.2048
1,policy,1,5552,0,0,0.0000
1,policy,1,5552,1,1,0.1389
1,policy,1,5552,2,2,0.2618
1,policy,1,5552,3,3,0.2489
1,policy,1,5552,4,4,0.2489
1,policy,1,5552,5,5,0.2337
1,policy,1,5552,6,6,0.2489
1,policy,1,5552,7,7,0.2337
1,policy,1,5552,8,8,0.2048
1,policy,1,2389,0,0,0.0000
1,policy,1,2389,1,0,0.0000
1,policy,1,2389,2,1,0.0000
1,policy,1,2389,3,2,0.0000
1,policy,1,2389,4,3,0.0000
1,policy,1,2389,5,4,0.0000
1,policy,1,2389,6,4,0.0000
1,policy,1,2389,7,5,0.0000
1,policy,1,2389,8,6,0.0000
1,policy,1,704,0,0,0.0000
1,policy,1,704,1,0,0.0000
1,policy,1,704,2,1,0.0000
1,policy,1,704,3,2,0.0000
1,policy,1,704,4,3,0.0000
1,policy,1,704,5,4,0.0000
1,policy,1,704,6,5,0.0000
1,policy,1,704,7,5,0.0000
1,policy,1,704,8,6,0.0000
1,policy,1,110,0,0,0.2048
1,policy,1,110,1,0,0.2048
1,policy,1,110,2,0,0.2048
1,policy,1,110,3,1,0.0000
1,policy,1,110,4,2,0.0000
1,policy,1,110,5,3,0.0000
1,policy,1,110,6,4,0.0000
1,policy,1,110,7,5,0.0000
1,policy,1,110,8,5,0.0000
1,policy,1,113,0,0,0.0000
1,policy,1,113,1,0,0.0000
1,policy,1,113,2,0,0.0000
1,policy,1,113,3,1,0.0000
1,policy,1,113,4,1,0.0000
1,policy,1,113,5,1,0.0000
1,policy,1,113,6,2,0.0000
1,policy,1,113,7,3,0.0000
1,policy,1,113,8,3,0.0000
1,policy,1,2754,0,0,0.0000
1,policy,1,2754,1,0,0.0000
1,policy,1,2754,2,0,0.0000
1,policy,1,2754,3,1,0.1909
1,policy,1,2754,4,1,0.1909
1,policy,1,2754,5,1,0.1909
1,policy,1,2754,6,2,0.1171
1,policy,1,2754,7,3,0.1909
1,policy,1,2754,8,3,0.1909
1,policy,1,1153,0,0,0.0000
1,policy,1,1153,1,0,0.0000
1,policy,1,1153,2,0,0.0000
1,policy,1,1153,3,1,0.0000
1,policy,1,1153,4,1,0.0000
1,policy,1,1153,5,1,0.0000
1,policy,1,1153,6,2,0.0000
1,policy,1,1153,7,3,0.0000
1,policy,1,1153,8,3,0.0000
1,policy,1,1196,0,0,0.0000
1,policy,1,1196,1,0,0.0000
1,policy,1,1196,2,0,0.0000
1,policy,1,1196,3,1,0.1564
1,policy,1,1196,4,1,0.1564
1,policy,1,1196,5,1,0.1564
1,policy,1,1196,6,2,0.1357
1,policy,1,1196,7,3,0.1413
1,policy,1,1196,8,3,0.1413
1,policy,1,5229,0,0,0.1834
1,policy,1,5229,1,1,0.0734
1,policy,1,5229,2,2,0.4153
1,policy,1,5229,3,3,0.5384
1,policy,1,5229,4,4,0.5384
1,policy,1,5229,5,5,0.5200
1,policy,1,5229,6,6,0.5174
1,policy,1,5229,7,7,0.5353
1,policy,1,5229,8,8,0.5384
1,policy,1,5984,0,0,0.2935
1,policy,1,5984,1,0,0.2935
1,policy,1,5984,2,0,0.2935
1,policy,1,5984,3,1,0.0000
1,policy,1,5984,4,2,0.0000
1,policy,1,5984,5,3,0.0000
1,policy,1,5984,6,4,0.0000
1,policy,1,5984,7,5,0.0000
1,policy,1,5984,8,5,0.0000
1,policy,1,1282,0,0,0.0000
1,policy,1,1282,1,0,0.0000
1,policy,1,1282,2,1,0.0000
1,policy,1,1282,3,2,0.0000
1,policy,1,1282,4,3,0.0000
1,policy,1,1282,5,4,0.0000
1,policy,1,1282,6,4,0.0000
1,policy,1,1282,7,5,0.0000
1,policy,1,1282,8,6,0.0000
1,policy,1,3945,0,0,0.0694
1,policy,1,3945,1,1,0.3052
1,policy,1,3945,2,2,0.3032
1,policy,1,3945,3,3,0.0663
1,policy,1,3945,4,4,0.0000
1,policy,1,3945,5,5,0.0000
1,policy,1,3945,6,6,0.0663
1,policy,1,3945,7,7,0.0734
1,policy,1,3945,8,8,0.0734
1,policy,1,3853,0,0,0.0000
1,policy,1,3853,1,1,0.0694
1,policy,1,3853,2,2,0.0784
1,policy,1,3853,3,3,0.0694
1,policy,1,3853,4,4,0.0734
1,policy,1,3853,5,5,0.0734
1,policy,1,3853,6,6,0.0734
1,policy,1,3853,7,7,0.0734
1,policy,1,3853,8,8,0.0784
1,policy,1,3762,0,0,0.0000
1,policy,1,3762,1,1,0.0000
1,policy,1,3762,2,2,0.0000
1,policy,1,3762,3,3,0.0000
1,policy,1,3762,4,4,0.0000
1,policy,1,3762,5,5,0.0000
1,policy,1,3762,6,6,0.0636
1,policy,1,3762,7,7,0.0000
1,policy,1,3762,8,8,0.0000
1,policy,1,2173,0,0,0.2935
1,policy,1,2173,1,0,0.2935
1,policy,1,2173,2,0,0.2935
1,policy,1,2173,3,1,0.0663
1,policy,1,2173,4,2,0.0636
1,policy,1,2173,5,3,0.0636
1,policy,1,2173,6,4,0.0636
1,policy,1,2173,7,5,0.0636
1,policy,1,2173,8,5,0.0636
1,policy,1,5749,0,0,0.0000
1,policy,1,5749,1,1,0.0000
1,policy,1,5749,2,2,0.0694
1,policy,1,5749,3,3,0.1100
1,policy,1,5749,4,4,0.1100
1,policy,1,5749,5,5,0.0948
1,policy,1,5749,6,6,0.1100
1,policy,1,5749,7,7,0.0948
1,policy,1,5749,8,8,0.0636
1,policy,1,3083,0,0,0.0000
1,policy,1,3083,1,1,0.0000
1,policy,1,3083,2,2,0.0000
1,policy,1,3083,3,3,0.0000
1,policy,1,3083,4,4,0.0000
1,policy,1,3083,5,4,0.0000
1,policy,1,3083,6,5,0.0000
1,policy,1,3083,7,6,0.0000
1,policy,1,3083,8,7,0.0000
1,policy,1,563,0,0,0.1447
1,policy,1,563,1,0,0.1447
1,policy,1,563,2,0,0.1447
1,policy,1,563,3,1,0.0851
1,policy,1,563,4,1,0.0851
1,policy,1,563,5,2,0.0000
1,policy,1,563,6,3,0.0000
1,policy,1,563,7,4,0.0000
1,policy,1,563,8,5,0.0000
1,policy,1,2791,0,0,0.0000
1,policy,1,2791,1,0,0.0000
1,policy,1,2791,2,1,0.2895
1,policy,1,2791,3,2,0.2935
1,policy,1,2791,4,3,0.3052
1,policy,1,2791,5,4,0.3052
1,policy,1,2791,6,5,0.3052
1,policy,1,2791,7,6,0.3052
1,policy,1,2791,8,7,0.2985
1,policy,1,1840,0,0,0.1389
1,policy,1,1840,1,1,0.0000
1,policy,1,1840,2,2,0.0000
1,policy,1,1840,3,3,0.0000
1,policy,1,1840,4,4,0.0000
1,policy,1,1840,5,5,0.0000
1,policy,1,1840,6,6,0.0000
1,policy,1,1840,7,7,0.0000
1,policy,1,1840,8,8,0.0000
1,policy,1,3750,0,0,0.1682
1,policy,1,3750,1,1,0.3996
1,policy,1,3750,2,2,0.0663
1,policy,1,3750,3,3,0.0948
1,policy,1,3750,4,4,0.1884
1,policy,1,3750,5,5,0.1732
1,policy,1,3750,6,6,0.1585
1,policy,1,3750,7,7,0.1396
1,policy,1,3750,8,8,0.1357
1,policy,1,1204,0,0,0.0000
1,policy,1,1204,1,0,0.0000
1,policy,1,1204,2,0,0.0000
1,policy,1,1204,3,1,0.0000
1,policy,1,1204,4,1,0.0000
1,policy,1,1204,5,2,0.2083
1,policy,1,1204,6,3,0.1514
1,policy,1,1204,7,4,0.1737
1,policy,1,1204,8,5,0.0948
1,policy,1,51,0,0,0.0000
1,policy,1,51,1,0,0.0000
1,policy,1,51,2,1,0.0000
1,policy,1,51,3,2,0.0734
1,policy,1,51,4,3,0.0694
1,policy,1,51,5,4,0.0784
1,policy,1,51,6,5,0.0784
1,policy,1,51,7,6,0.0784
1,policy,1,51,8,7,0.0734
1,policy,1,3728,0,0,0.3169
1,policy,1,3728,1,1,0.1389
1,policy,1,3728,2,2,0.3854
1,policy,1,3728,3,3,0.3536
1,policy,1,3728,4,4,0.3536
1,policy,1,3728,5,5,0.3594
1,policy,1,3728,6,6,0.3469
1,policy,1,3728,7,7,0.3594
1,policy,1,3728,8,8,0.4257
1,policy,1,1159,0,0,0.0000
1,policy,1,1159,1,0,0.0000
1,policy,1,1159,2,1,0.0000
1,policy,1,1159,3,2,0.0000
1,policy,1,1159,4,3,0.0000
1,policy,1,1159,5,4,0.0000
1,policy,1,1159,6,4,0.0000
1,policy,1,1159,7,5,0.0000
1,policy,1,1159,8,6,0.0000
1,policy,1,492,0,0,0.0851
1,policy,1,492,1,1,0.0000
1,policy,1,492,2,2,0.1546
1,policy,1,492,3,3,0.1514
1,policy,1,492,4,4,0.0948
1,policy,1,492,5,5,0.0948
1,policy,1,492,6,6,0.2182
1,policy,1,492,7,7,0.2298
1,policy,1,492,8,8,0.2272
1,policy,1,5657,0,0,0.0000
1,policy,1,5657,1,1,0.0734
1,policy,1,5657,2,2,0.0000
1,policy,1,5657,3,3,0.0000
1,policy,1,5657,4,4,0.0000
1,policy,1,5657,5,5,0.0000
1,policy,1,5657,6,6,0.0000
1,policy,1,5657,7,7,0.0000
1,policy,1,5657,8,8,0.0000
1,policy,1,4907,0,0,0.0000
1,policy,1,4907,1,0,0.0000
1,policy,1,4907,2,0,0.0000
1,policy,1,4907,3,1,0.0784
1,policy,1,4907,4,2,0.0851
1,policy,1,4907,5,2,0.0851
1,policy,1,4907,6,3,0.1514
1,policy,1,4907,7,4,0.1546
1,policy,1,4907,8,5,0.1546
1,policy,1,2276,0,0,0.1952
1,policy,1,2276,1,0,0.1952
1,policy,1,2276,2,0,0.1952
1,policy,1,2276,3,1,0.0000
1,policy,1,2276,4,1,0.0000
1,policy,1,2276,5,2,0.2692
1,policy,1,2276,6,3,0.3854
1,policy,1,2276,7,3,0.3854
1,policy,1,2276,8,3,0.3854
1,policy,1,4534,0,0,0.1299
1,policy,1,4534,1,1,0.4124
1,policy,1,4534,2,2,0.5305
1,policy,1,4534,3,3,0.3836
1,policy,1,4534,4,4,0.3836
1,policy,1,4534,5,5,0.4595
1,policy,1,4534,6,6,0.4666
1,policy,1,4534,7,7,0.4499
1,policy,1,4534,8,8,0.4473
1,policy,1,2798,0,0,0.0000
1,policy,1,2798,1,0,0.0000
1,policy,1,2798,2,0,0.0000
1,policy,1,2798,3,1,0.0000
1,policy,1,2798,4,1,0.0000
1,policy,1,2798,5,1,0.0000
1,policy,1,2798,6,2,0.0000
1,policy,1,2798,7,2,0.0000
1,policy,1,2798,8,2,0.0000
1,policy,1,546,0,0,0.0000
1,policy,1,546,1,1,0.0000
1,policy,1,546,2,2,0.0000
1,policy,1,546,3,3,0.0000
1,policy,1,546,4,4,0.0000
1,policy,1,546,5,5,0.0000
1,policy,1,546,6,6,0.0000
1,policy,1,546,7,7,0.0000
1,policy,1,546,8,8,0.0000
1,policy,1,2506,0,0,0.2935
1,policy,1,2506,1,1,0.5068
1,policy,1,2506,2,2,0.7382
1,policy,1,2506,3,3,0.7289
1,policy,1,2506,4,4,0.7538
1,policy,1,2506,5,5,0.7538
1,policy,1,2506,6,6,0.7538
1,policy,1,2506,7,7,0.8268
1,policy,1,2506,8,8,0.6521
1,policy,1,4837,0,0,0.0000
1,policy,1,4837,1,0,0.0000
1,policy,1,4837,2,0,0.0000
1,policy,1,4837,3,1,0.0000
1,policy,1,4837,4,2,0.0000
1,policy,1,4837,5,2,0.0000
1,policy,1,4837,6,3,0.0000
1,policy,1,4837,7,4,0.0000
1,policy,1,4837,8,4,0.0000
1,policy,1,57,0,0,0.6628
1,policy,1,57,1,1,0.7133
1,policy,1,57,2,2,0.7421
1,policy,1,57,3,3,0.7479
1,policy,1,57,4,4,0.5658
1,policy,1,57,5,5,0.5658
1,policy,1,57,6,6,0.5591
1,policy,1,57,7,7,0.5551
1,policy,1,57,8,8,0.5578
1,policy,1,5569,0,0,0.0636
1,policy,1,5569,1,1,0.4249
1,policy,1,5569,2,2,0.5392
1,policy,1,5569,3,3,0.4490
1,policy,1,5569,4,4,0.4401
1,policy,1,5569,5,5,0.4521
1,policy,1,5569,6,6,0.3936
1,policy,1,5569,7,7,0.3636
1,policy,1,5569,8,8,0.3601
1,policy,1,5534,0,0,0.0636
1,policy,1,5534,1,1,0.0000
1,policy,1,5534,2,2,0.0000
1,policy,1,5534,3,3,0.0000
1,policy,1,5534,4,4,0.0000
1,policy,1,5534,5,5,0.0000
1,policy,1,5534,6,6,0.0000
1,policy,1,5534,7,7,0.0000
1,policy,1,5534,8,8,0.0000
1,policy,1,1178,0,0,0.2201
1,policy,1,1178,1,1,0.3786
1,policy,1,1178,2,2,0.3882
1,policy,1,1178,3,3,0.3786
1,policy,1,1178,4,4,0.3786
1,policy,1,1178,5,5,0.3786
1,policy,1,1178,6,6,0.4409
1,policy,1,1178,7,7,0.4381
1,policy,1,1178,8,8,0.3843
1,policy,1,5489,0,0,0.0000
1,policy,1,5489,1,1,0.0000
1,policy,1,5489,2,2,0.0955
1,policy,1,5489,3,3,0.1171
1,policy,1,5489,4,4,0.1171
1,policy,1,5489,5,5,0.1078
1,policy,1,5489,6,6,0.1078
1,policy,1,5489,7,7,0.1171
1,policy,1,5489,8,8,0.1171
1,policy,1,2121,0,0,0.2173
1,policy,1,2121,1,1,0.0000
1,policy,1,2121,2,2,0.1370
1,policy,1,2121,3,3,0.1370
1,policy,1,2121,4,4,0.1447
1,policy,1,2121,5,5,0.1370
1,policy,1,2121,6,6,0.0694
1,policy,1,2121,7,7,0.0636
1,policy,1,2121,8,8,0.1331
1,policy,1,2735,0,0,0.0000
1,policy,1,2735,1,1,0.0663
1,policy,1,2735,2,1,0.0663
1,policy,1,2735,3,2,0.1518
1,policy,1,2735,4,3,0.1478
1,policy,1,2735,5,4,0.1478
1,policy,1,2735,6,5,0.1518
1,policy,1,2735,7,6,0.1478
1,policy,1,2735,8,6,0.1478
1,policy,1,4309,0,0,0.1389
1,policy,1,4309,1,0,0.1389
1,policy,1,4309,2,1,0.0694
1,policy,1,4309,3,2,0.1357
1,policy,1,4309,4,3,0.1370
1,policy,1,4309,5,4,0.0734
1,policy,1,4309,6,5,0.0694
1,policy,1,4309,7,6,0.0734
1,policy,1,4309,8,7,0.0694
1,policy,1,1046,0,0,0.0734
1,policy,1,1046,1,0,0.0734
1,policy,1,1046,2,1,0.1884
1,policy,1,1046,3,2,0.1642
1,policy,1,1046,4,3,0.0784
1,policy,1,1046,5,4,0.0948
1,policy,1,1046,6,5,0.0948
1,policy,1,1046,7,6,0.0948
1,policy,1,1046,8,7,0.0948
1,policy,1,5913,0,0,0.1265
1,policy,1,5913,1,1,0.0731
1,policy,1,5913,2,2,0.0000
1,policy,1,5913,3,3,0.0000
1,policy,1,5913,4,4,0.0000
1,policy,1,5913,5,5,0.0000
1,policy,1,5913,6,5,0.0000
1,policy,1,5913,7,6,0.0731
1,policy,1,5913,8,6,0.0731
1,policy,1,1208,0,0,0.0000
1,policy,1,1208,1,1,0.0784
1,policy,1,1208,2,2,0.0000
1,policy,1,1208,3,3,0.0000
1,policy,1,1208,4,4,0.0000
1,policy,1,1208,5,5,0.0000
1,policy,1,1208,6,6,0.0000
1,policy,1,1208,7,7,0.0000
1,policy,1,1208,8,8,0.0000
1,policy,1,1158,0,0,0.0000
1,policy,1,1158,1,0,0.0000
1,policy,1,1158,2,1,0.0000
1,policy,1,1158,3,2,0.0000
1,policy,1,1158,4,3,0.0000
1,policy,1,1158,5,4,0.0000
1,policy,1,1158,6,5,0.0000
1,policy,1,1158,7,6,0.0000
1,policy,1,1158,8,7,0.0000
1,policy,1,2478,0,0,0.0000
1,policy,1,2478,1,0,0.0000
1,policy,1,2478,2,0,0.0000
1,policy,1,2478,3,1,0.0000
1,policy,1,2478,4,2,0.0000
1,policy,1,2478,5,3,0.0000
1,policy,1,2478,6,4,0.0000
1,policy,1,2478,7,5,0.0000
1,policy,1,2478,8,5,0.0000
1,policy,1,4243,0,0,0.0000
1,policy,1,4243,1,0,0.0000
1,policy,1,4243,2,0,0.0000
1,policy,1,4243,3,1,0.0000
1,policy,1,4243,4,2,0.0000
1,policy,1,4243,5,3,0.0000
1,policy,1,4243,6,3,0.0000
1,policy,1,4243,7,4,0.0000
1,policy,1,4243,8,4,0.0000
1,policy,1,1346,0,0,0.2369
1,policy,1,1346,1,1,0.0000
1,policy,1,1346,2,2,0.1642
1,policy,1,1346,3,3,0.1488
1,policy,1,1346,4,4,0.2247
1,policy,1,1346,5,5,0.2221
1,policy,1,1346,6,6,0.2426
1,policy,1,1346,7,7,0.2376
1,policy,1,1346,8,8,0.2247
1,policy,1,4315,0,0,0.0000
1,policy,1,4315,1,0,0.0000
1,policy,1,4315,2,0,0.0000
1,policy,1,4315,3,1,0.0000
1,policy,1,4315,4,2,0.0000
1,policy,1,4315,5,3,0.0000
1,policy,1,4315,6,4,0.0000
1,policy,1,4315,7,5,0.0000
1,policy,1,4315,8,6,0.0000
1,policy,1,3424,0,0,0.2201
1,policy,1,3424,1,1,0.0000
1,policy,1,3424,2,2,0.4323
1,policy,1,3424,3,3,0.3590
1,policy,1,3424,4,4,0.3590
1,policy,1,3424,5,5,0.3590
1,policy,1,3424,6,6,0.3590
1,policy,1,3424,7,7,0.3590
1,policy,1,3424,8,8,0.2489
1,policy,1,1617,0,0,0.0000
1,policy,1,1617,1,1,0.0000
1,policy,1,1617,2,2,0.0000
1,policy,1,1617,3,3,0.0000
1,policy,1,1617,4,4,0.0000
1,policy,1,1617,5,4,0.0000
1,policy,1,1617,6,5,0.0000
1,policy,1,1617,7,6,0.0000
1,policy,1,1617,8,6,0.0000
1,policy,1,3664,0,0,0.0734
1,policy,1,3664,1,1,0.2837
1,policy,1,3664,2,2,0.3312
1,policy,1,3664,3,3,0.2337
1,policy,1,3664,4,4,0.2337
1,policy,1,3664,5,5,0.2240
1,policy,1,3664,6,6,0.2240
1,policy,1,3664,7,7,0.2337
1,policy,1,3664,8,8,0.2337
1,policy,1,2743,0,0,0.0000
1,policy,1,2743,1,0,0.0000
1,policy,1,2743,2,0,0.0000
1,policy,1,2743,3,1,0.0000
1,policy,1,2743,4,2,0.0000
1,policy,1,2743,5,2,0.0000
1,policy,1,2743,6,3,0.0000
1,policy,1,2743,7,4,0.0000
1,policy,1,2743,8,5,0.0000
1,policy,1,3260,0,0,0.5232
1,policy,1,3260,1,1,0.0000
1,policy,1,3260,2,2,0.0000
1,policy,1,3260,3,3,0.0663
1,policy,1,3260,4,4,0.0663
1,policy,1,3260,5,5,0.0663
1,policy,1,3260,6,6,0.0663
1,policy,1,3260,7,7,0.0636
1,policy,1,3260,8,8,0.1396
1,policy,1,1937,0,0,0.0851
1,policy,1,1937,1,1,0.2201
1,policy,1,1937,2,2,0.0851
1,policy,1,1937,3,3,0.0000
1,policy,1,1937,4,4,0.0000
1,policy,1,1937,5,5,0.0000
1,policy,1,1937,6,6,0.0000
1,policy,1,1937,7,7,0.0000
1,policy,1,1937,8,8,0.0000
1,policy,1,2799,0,0,0.1100
1,policy,1,2799,1,0,0.1100
1,policy,1,2799,2,1,0.1488
1,policy,1,2799,3,2,0.1546
1,policy,1,2799,4,3,0.1732
1,policy,1,2799,5,4,0.1635
1,policy,1,2799,6,4,0.1635
1,policy,1,2799,7,5,0.1732
1,policy,1,2799,8,6,0.1585
1,policy,1,4440,0,0,0.1301
1,policy,1,4440,1,0,0.1301
1,policy,1,4440,2,0,0.1301
1,policy,1,4440,3,1,0.1681
1,policy,1,4440,4,2,0.2685
1,policy,1,4440,5,2,0.2685
1,policy,1,4440,6,3,0.2639
1,policy,1,4440,7,4,0.2685
1,policy,1,4440,8,5,0.2913
1,policy,1,700,0,0,0.0000
1,policy,1,700,1,1,0.0000
1,policy,1,700,2,2,0.0000
1,policy,1,700,3,3,0.0000
1,policy,1,700,4,4,0.0000
1,policy,1,700,5,5,0.0000
1,policy,1,700,6,6,0.0000
1,policy,1,700,7,7,0.0000
1,policy,1,700,8,8,0.0000
1,policy,1,3,0,0,0.0000
1,policy,1,3,1,0,0.0000
1,policy,1,3,2,0,0.0000
1,policy,1,3,3,1,0.0000
1,policy,1,3,4,2,0.0000
1,policy,1,3,5,2,0.0000
1,policy,1,3,6,2,0.0000
1,policy,1,3,7,3,0.0000
1,policy,1,3,8,4,0.0000
1,policy,1,1306,0,0,0.0000
1,policy,1,1306,1,0,0.0000
1,policy,1,1306,2,0,0.0000
1,policy,1,1306,3,1,0.0000
1,policy,1,1306,4,2,0.0000
1,policy,1,1306,5,3,0.0000
1,policy,1,1306,6,4,0.0000
1,policy,1,1306,7,5,0.0000
1,policy,1,1306,8,6,0.0000
1,policy,1,2538,0,0,0.0000
1,policy,1,2538,1,0,0.0000
1,policy,1,2538,2,0,0.0000
1,policy,1,2538,3,1,0.0000
1,policy,1,2538,4,2,0.0000
1,policy,1,2538,5,3,0.0000
1,policy,1,2538,6,4,0.0000
1,policy,1,2538,7,5,0.0000
1,policy,1,2538,8,6,0.0000
1,policy,1,1167,0,0,0.0636
1,policy,1,1167,1,0,0.0636
1,policy,1,1167,2,1,0.0000
1,policy,1,1167,3,2,0.0851
1,policy,1,1167,4,3,0.0663
1,policy,1,1167,5,4,0.0000
1,policy,1,1167,6,5,0.0000
1,policy,1,1167,7,6,0.0000
1,policy,1,1167,8,7,0.0000
1,policy,1,4801,0,0,0.4518
1,policy,1,4801,1,1,0.1100
1,policy,1,4801,2,2,0.2497
1,policy,1,4801,3,3,0.3846
1,policy,1,4801,4,4,0.3635
1,policy,1,4801,5,5,0.3635
1,policy,1,4801,6,6,0.3635
1,policy,1,4801,7,7,0.3635
1,policy,1,4801,8,8,0.7163
1,policy,1,5191,0,0,0.0980
1,policy,1,5191,1,0,0.0980
1,policy,1,5191,2,1,0.0000
1,policy,1,5191,3,2,0.0000
1,policy,1,5191,4,3,0.0000
1,policy,1,5191,5,4,0.0000
1,policy,1,5191,6,4,0.0000
1,policy,1,5191,7,4,0.0000
1,policy,1,5191,8,4,0.0000
1,policy,1,3065,0,0,0.4085
1,policy,1,3065,1,0,0.4085
1,policy,1,3065,2,1,0.1389
1,policy,1,3065,3,2,0.1100
1,policy,1,3065,4,3,0.0851
1,policy,1,3065,5,4,0.1100
1,policy,1,3065,6,4,0.1100
1,policy,1,3065,7,5,0.0851
1,policy,1,3065,8,6,0.1100
1,policy,1,5800,0,0,0.3500
1,policy,1,5800,1,1,0.1100
1,policy,1,5800,2,2,0.0663
1,policy,1,5800,3,3,0.0000
1,policy,1,5800,4,4,0.0636
1,policy,1,5800,5,5,0.0663
1,policy,1,5800,6,6,0.0694
1,policy,1,5800,7,7,0.0734
1,policy,1,5800,8,8,0.0734
1,policy,1,2124,0,0,0.0734
1,policy,1,2124,1,0,0.0734
1,policy,1,2124,2,1,0.0000
1,policy,1,2124,3,2,0.0000
1,policy,1,2124,4,3,0.0000
1,policy,1,2124,5,4,0.0694
1,policy,1,2124,6,5,0.1488
1,policy,1,2124,7,6,0.1488
1,policy,1,2124,8,7,0.2863
1,policy,1,1899,0,0,0.0000
1,policy,1,1899,1,0,0.0000
1,policy,1,1899,2,0,0.0000
1,policy,1,1899,3,1,0.0000
1,policy,1,1899,4,1,0.0000
1,policy,1,1899,5,2,0.0000
1,policy,1,1899,6,3,0.0663
1,policy,1,1899,7,4,0.0636
1,policy,1,1899,8,5,0.0663
1,policy,1,1489,0,0,0.0663
1,policy,1,1489,1,1,0.4706
1,policy,1,1489,2,2,0.3827
1,policy,1,1489,3,3,0.4473
1,policy,1,1489,4,4,0.4422
1,policy,1,1489,5,5,0.3786
1,policy,1,1489,6,6,0.3719
1,policy,1,1489,7,7,0.4355
1,policy,1,1489,8,8,0.4422
1,policy,1,6028,0,0,0.0000
1,policy,1,6028,1,0,0.0000
1,policy,1,6028,2,0,0.0000
1,policy,1,6028,3,1,0.0679
1,policy,1,6028,4,2,0.0741
1,policy,1,6028,5,3,0.1483
1,policy,1,6028,6,4,0.1012
1,policy,1,6028,7,4,0.1012
1,policy,1,6028,8,4,0.1012
1,policy,1,156,0,0,0.3169
1,policy,1,156,1,1,0.0000
1,policy,1,156,2,2,0.3783
1,policy,1,156,3,3,0.4690
1,policy,1,156,4,4,0.4085
1,policy,1,156,5,5,0.4035
1,policy,1,156,6,6,0.4035
1,policy,1,156,7,7,0.3811
1,policy,1,156,8,8,0.5767
1,policy,1,1682,0,0,0.0000
1,policy,1,1682,1,0,0.0000
1,policy,1,1682,2,0,0.0000
1,policy,1,1682,3,1,0.0000
1,policy,1,1682,4,2,0.0000
1,policy,1,1682,5,3,0.0000
1,policy,1,1682,6,4,0.0000
1,policy,1,1682,7,5,0.0000
1,policy,1,1682,8,6,0.0000
1,policy,1,4936,0,0,0.0663
1,policy,1,4936,1,1,0.0000
1,policy,1,4936,2,2,0.1100
1,policy,1,4936,3,3,0.1389
1,policy,1,4936,4,4,0.1737
1,policy,1,4936,5,5,0.1795
1,policy,1,4936,6,6,0.2614
1,policy,1,4936,7,7,0.2686
1,policy,1,4936,8,8,0.2686
1,policy,1,5318,0,0,0.1732
1,policy,1,5318,1,1,0.2457
1,policy,1,5318,2,2,0.2399
1,policy,1,5318,3,3,0.2180
1,policy,1,5318,4,4,0.2180
1,policy,1,5318,5,5,0.2180
1,policy,1,5318,6,6,0.2874
1,policy,1,5318,7,7,0.2154
1,policy,1,5318,8,8,0.1518
1,policy,1,3352,0,0,0.1389
1,policy,1,3352,1,1,0.5541
1,policy,1,3352,2,2,0.1420
1,policy,1,3352,3,3,0.2247
1,policy,1,3352,4,4,0.2247
1,policy,1,3352,5,5,0.1488
1,policy,1,3352,6,6,0.1420
1,policy,1,3352,7,7,0.2150
1,policy,1,3352,8,8,0.1514
1,policy,1,757,0,0,0.0000
1,policy,1,757,1,0,0.0000
1,policy,1,757,2,0,0.0000
1,policy,1,757,3,1,0.0000
1,policy,1,757,4,2,0.0000
1,policy,1,757,5,2,0.0000
1,policy,1,757,6,2,0.0000
1,policy,1,757,7,2,0.0000
1,policy,1,757,8,3,0.0000
1,policy,1,3609,0,0,0.0000
1,policy,1,3609,1,0,0.0000
1,policy,1,3609,2,1,0.4729
1,policy,1,3609,3,2,0.5233
1,policy,1,3609,4,3,0.5303
1,policy,1,3609,5,4,0.4695
1,policy,1,3609,6,5,0.3733
1,policy,1,3609,7,6,0.3706
1,policy,1,3609,8,7,0.4272
1,policy,1,2619,0,0,0.0000
1,policy,1,2619,1,1,0.0784
1,policy,1,2619,2,2,0.2201
1,policy,1,2619,3,3,0.3052
1,policy,1,2619,4,4,0.3052
1,policy,1,2619,5,5,0.2985
1,policy,1,2619,6,6,0.2985
1,policy,1,2619,7,7,0.2985
1,policy,1,2619,8,8,0.3689
1,policy,1,5566,0,0,0.3785
1,policy,1,5566,1,1,0.2025
1,policy,1,5566,2,2,0.4690
1,policy,1,5566,3,3,0.4374
1,policy,1,5566,4,4,0.3938
1,policy,1,5566,5,5,0.3301
1,policy,1,5566,6,6,0.3964
1,policy,1,5566,7,7,0.3223
1,policy,1,5566,8,8,0.3223
1,policy,1,1045,0,0,0.0000
1,policy,1,1045,1,0,0.0000
1,policy,1,1045,2,0,0.0000
1,policy,1,1045,3,1,0.0000
1,policy,1,1045,4,2,0.0000
1,policy,1,1045,5,2,0.0000
1,policy,1,1045,6,3,0.0000
1,policy,1,1045,7,3,0.0000
1,policy,1,1045,8,4,0.0000
1,policy,1,3903,0,0,0.0784
1,policy,1,3903,1,0,0.0784
1,policy,1,3903,2,1,0.4171
1,policy,1,3903,3,2,0.4221
1,policy,1,3903,4,3,0.3967
1,policy,1,3903,5,4,0.4131
1,policy,1,3903,6,5,0.4131
1,policy,1,3903,7,6,0.4131
1,policy,1,3903,8,7,0.4171
1,policy,1,2479,0,0,0.1513
1,policy,1,2479,1,0,0.1513
1,policy,1,2479,2,0,0.1513
1,policy,1,2479,3,1,0.0000
1,policy,1,2479,4,2,0.0000
1,policy,1,2479,5,3,0.0000
1,policy,1,2479,6,4,0.0000
1,policy,1,2479,7,4,0.0000
1,policy,1,2479,8,5,0.0000
1,policy,1,2944,0,0,0.0000
1,policy,1,2944,1,1,0.2201
1,policy,1,2944,2,2,0.1389
1,policy,1,2944,3,3,0.0734
1,policy,1,2944,4,4,0.0948
1,policy,1,2944,5,4,0.0948
1,policy,1,2944,6,5,0.0948
1,policy,1,2944,7,6,0.1100
1,policy,1,2944,8,6,0.1100
1,policy,1,1468,0,0,0.0000
1,policy,1,1468,1,0,0.0000
1,policy,1,1468,2,0,0.0000
1,policy,1,1468,3,0,0.0000
1,policy,1,1468,4,1,0.0000
1,policy,1,1468,5,1,0.0000
1,policy,1,1468,6,1,0.0000
1,policy,1,1468,7,2,0.0000
1,policy,1,1468,8,2,0.0000
1,policy,1,1598,0,0,0.2201
1,policy,1,1598,1,1,0.2090
1,policy,1,1598,2,2,0.1585
1,policy,1,1598,3,3,0.2305
1,policy,1,1598,4,4,0.2208
1,policy,1,1598,5,5,0.1546
1,policy,1,1598,6,6,0.1584
1,policy,1,1598,7,7,0.1585
1,policy,1,1598,8,8,0.1585
1,policy,1,3571,0,0,0.1642
1,policy,1,3571,1,1,0.1299
1,policy,1,3571,2,2,0.0948
1,policy,1,3571,3,3,0.0694
1,policy,1,3571,4,4,0.0000
1,policy,1,3571,5,5,0.0000
1,policy,1,3571,6,6,0.0000
1,policy,1,3571,7,7,0.0000
1,policy,1,3571,8,7,0.0000
1,policy,1,4400,0,0,0.0784
1,policy,1,4400,1,1,0.1299
1,policy,1,4400,2,1,0.1299
1,policy,1,4400,3,2,0.1952
1,policy,1,4400,4,3,0.1952
1,policy,1,4400,5,4,0.1799
1,policy,1,4400,6,5,0.1952
1,policy,1,4400,7,6,0.1799
1,policy,1,4400,8,7,0.2032
1,policy,1,1622,0,0,0.1396
1,policy,1,1622,1,0,0.1396
1,policy,1,1622,2,0,0.1396
1,policy,1,1622,3,1,0.0000
1,policy,1,1622,4,2,0.0000
1,policy,1,1622,5,3,0.0000
1,policy,1,1622,6,4,0.0000
1,policy,1,1622,7,5,0.0000
1,policy,1,1622,8,6,0.0663
1,policy,1,1343,0,0,0.0000
1,policy,1,1343,1,0,0.0000
1,policy,1,1343,2,0,0.0000
1,policy,1,1343,3,1,0.0000
1,policy,1,1343,4,2,0.0000
1,policy,1,1343,5,3,0.0000
1,policy,1,1343,6,4,0.0000
1,policy,1,1343,7,4,0.0000
1,policy,1,1343,8,4,0.0000
1,policy,1,1661,0,0,0.0000
1,policy,1,1661,1,0,0.0000
1,policy,1,1661,2,1,0.0000
1,policy,1,1661,3,2,0.0000
1,policy,1,1661,4,3,0.0000
1,policy,1,1661,5,4,0.0000
1,policy,1,1661,6,5,0.0000
1,policy,1,1661,7,6,0.0000
1,policy,1,1661,8,6,0.0000
1,policy,1,5407,0,0,0.0000
1,policy,1,5407,1,1,0.0784
1,policy,1,5407,2,2,0.0851
1,policy,1,5407,3,3,0.0948
1,policy,1,5407,4,4,0.0948
1,policy,1,5407,5,5,0.1100
1,policy,1,5407,6,5,0.1100
1,policy,1,5407,7,6,0.1100
1,policy,1,5407,8,7,0.1100
1,policy,1,4406,0,0,0.2201
1,policy,1,4406,1,1,0.0000
1,policy,1,4406,2,2,0.2201
1,policy,1,4406,3,3,0.0948
1,policy,1,4406,4,4,0.0851
1,policy,1,4406,5,5,0.0784
1,policy,1,4406,6,6,0.0784
1,policy,1,4406,7,7,0.1357
1,policy,1,4406,8,8,0.1357
1,policy,1,240,0,0,0.0000
1,policy,1,240,1,1,0.0837
1,policy,1,240,2,2,0.0837
1,policy,1,240,3,3,0.0837
1,policy,1,240,4,4,0.0837
1,policy,1,240,5,5,0.0837
1,policy,1,240,6,6,0.0741
1,policy,1,240,7,7,0.0000
1,policy,1,240,8,8,0.0000
1,policy,1,1585,0,0,0.4480
1,policy,1,1585,1,1,0.5631
1,policy,1,1585,2,2,0.6025
1,policy,1,1585,3,3,0.6025
1,policy,1,1585,4,4,0.6051
1,policy,1,1585,5,5,0.6236
1,policy,1,1585,6,6,0.6988
1,policy,1,1585,7,7,0.7156
1,policy,1,1585,8,8,0.7846
1,policy,1,5695,0,0,0.0000
1,policy,1,5695,1,0,0.0000
1,policy,1,5695,2,0,0.0000
1,policy,1,5695,3,1,0.0000
1,policy,1,5695,4,2,0.0000
1,policy,1,5695,5,2,0.0000
1,policy,1,5695,6,3,0.0000
1,policy,1,5695,7,4,0.0000
1,policy,1,5695,8,4,0.0000
1,policy,1,699,0,0,0.0000
1,policy,1,699,1,0,0.0000
1,policy,1,699,2,0,0.0000
1,policy,1,699,3,1,0.2381
1,policy,1,699,4,1,0.2381
1,policy,1,699,5,1,0.2381
1,policy,1,699,6,1,0.2381
1,policy,1,699,7,2,0.2684
1,policy,1,699,8,2,0.2684
1,policy,1,2729,0,0,0.1100
1,policy,1,2729,1,1,0.0636
1,policy,1,2729,2,2,0.0000
1,policy,1,2729,3,3,0.0000
1,policy,1,2729,4,4,0.0000
1,policy,1,2729,5,5,0.0000
1,policy,1,2729,6,6,0.0000
1,policy,1,2729,7,7,0.0000
1,policy,1,2729,8,8,0.0000
1,policy,1,2984,0,0,0.0663
1,policy,1,2984,1,0,0.0663
1,policy,1,2984,2,1,0.0948
1,policy,1,2984,3,2,0.1420
1,policy,1,2984,4,3,0.0000
1,policy,1,2984,5,4,0.0000
1,policy,1,2984,6,5,0.0000
1,policy,1,2984,7,6,0.0000
1,policy,1,2984,8,7,0.0000
1,policy,1,1888,0,0,0.1834
1,policy,1,1888,1,1,0.0784
1,policy,1,1888,2,2,0.1428
1,policy,1,1888,3,3,0.1447
1,policy,1,1888,4,4,0.1396
1,policy,1,1888,5,5,0.1447
1,policy,1,1888,6,6,0.0734
1,policy,1,1888,7,7,0.1370
1,policy,1,1888,8,8,0.1420
1,policy,1,2664,0,0,0.1795
1,policy,1,2664,1,1,0.7606
1,policy,1,2664,2,2,0.4548
1,policy,1,2664,3,3,0.2743
1,policy,1,2664,4,4,0.2588
1,policy,1,2664,5,5,0.2736
1,policy,1,2664,6,6,0.2736
1,policy,1,2664,7,7,0.2588
1,policy,1,2664,8,8,0.1952
1,policy,1,5442,0,0,0.0636
1,policy,1,5442,1,1,0.0636
1,policy,1,5442,2,2,0.0851
1,policy,1,5442,3,3,0.1331
1,policy,1,5442,4,4,0.1299
1,policy,1,5442,5,5,0.1299
1,policy,1,5442,6,6,0.1299
1,policy,1,5442,7,7,0.1299
1,policy,1,5442,8,8,0.1299
1,policy,1,780,0,0,0.3149
1,policy,1,780,1,0,0.3149
1,policy,1,780,2,1,0.2992
1,policy,1,780,3,2,0.1546
1,policy,1,780,4,3,0.1420
1,policy,1,780,5,4,0.1478
1,policy,1,780,6,5,0.1642
1,policy,1,780,7,6,0.1514
1,policy,1,780,8,7,0.1795
1,policy,1,5879,0,0,0.3024
1,policy,1,5879,1,1,0.2895
1,policy,1,5879,2,2,0.2122
1,policy,1,5879,3,3,0.2758
1,policy,1,5879,4,4,0.3453
1,policy,1,5879,5,5,0.3133
1,policy,1,5879,6,6,0.3282
1,policy,1,5879,7,7,0.3527
1,policy,1,5879,8,8,0.4761
1,policy,1,2848,0,0,0.0000
1,policy,1,2848,1,1,0.6016
1,policy,1,2848,2,1,0.6016
1,policy,1,2848,3,2,0.4784
1,policy,1,2848,4,3,0.4784
1,policy,1,2848,5,3,0.4784
1,policy,1,2848,6,4,0.4784
1,policy,1,2848,7,5,0.4937
1,policy,1,2848,8,6,0.2083
1,policy,1,4669,0,0,0.0000
1,policy,1,4669,1,0,0.0000
1,policy,1,4669,2,0,0.0000
1,policy,1,4669,3,1,0.0000
1,policy,1,4669,4,2,0.0000
1,policy,1,4669,5,2,0.0000
1,policy,1,4669,6,3,0.0000
1,policy,1,4669,7,4,0.0000
1,policy,1,4669,8,5,0.0000
1,policy,1,5086,0,0,0.1952
1,policy,1,5086,1,1,0.0000
1,policy,1,5086,2,2,0.5658
1,policy,1,5086,3,3,0.5104
1,policy,1,5086,4,4,0.3964
1,policy,1,5086,5,5,0.2521
1,policy,1,5086,6,6,0.1518
1,policy,1,5086,7,7,0.1993
1,policy,1,5086,8,8,0.1993
1,policy,1,2874,0,0,0.0000
1,policy,1,2874,1,1,0.1171
1,policy,1,2874,2,2,0.0000
1,policy,1,2874,3,3,0.0000
1,policy,1,2874,4,4,0.0000
1,policy,1,2874,5,5,0.0000
1,policy,1,2874,6,6,0.0000
1,policy,1,2874,7,7,0.0000
1,policy,1,2874,8,8,0.0000
1,policy,1,1097,0,0,0.0000
1,policy,1,1097,1,1,0.0000
1,policy,1,1097,2,1,0.0000
1,policy,1,1097,3,2,0.0000
1,policy,1,1097,4,3,0.0000
1,policy,1,1097,5,4,0.0000
1,policy,1,1097,6,5,0.0000
1,policy,1,1097,7,6,0.0000
1,policy,1,1097,8,6,0.0000
1,policy,1,1958,0,0,0.0000
1,policy,1,1958,1,1,0.2201
1,policy,1,1958,2,2,0.2489
1,policy,1,1958,3,3,0.2122
1,policy,1,1958,4,4,0.2337
1,policy,1,1958,5,4,0.2337
1,policy,1,1958,6,5,0.2337
1,policy,1,1958,7,6,0.2489
1,policy,1,1958,8,6,0.2489
1,policy,1,4876,0,0,0.0000
1,policy,1,4876,1,0,0.0000
1,policy,1,4876,2,1,0.0663
1,policy,1,4876,3,2,0.0000
1,policy,1,4876,4,3,0.0000
1,policy,1,4876,5,4,0.0000
1,policy,1,4876,6,5,0.0000
1,policy,1,4876,7,6,0.0000
1,policy,1,4876,8,7,0.0000
1,policy,1,4990,0,0,0.0000
1,policy,1,4990,1,0,0.0000
1,policy,1,4990,2,0,0.0000
1,policy,1,4990,3,0,0.0000
1,policy,1,4990,4,1,0.0000
1,policy,1,4990,5,1,0.0000
1,policy,1,4990,6,2,0.0000
1,policy,1,4990,7,2,0.0000
1,policy,1,4990,8,3,0.0000
1,policy,1,4212,0,0,0.1635
1,policy,1,4212,1,1,0.3024
1,policy,1,4212,2,2,0.6785
1,policy,1,4212,3,3,0.7728
1,policy,1,4212,4,4,0.7632
1,policy,1,4212,5,5,0.6962
1,policy,1,4212,6,6,0.6962
1,policy,1,4212,7,7,0.7503
1,policy,1,4212,8,8,0.8116
1,policy,1,5412,0,0,0.1389
1,policy,1,5412,1,1,0.0734
1,policy,1,5412,2,2,0.0851
1,policy,1,5412,3,3,0.0948
1,policy,1,5412,4,4,0.0948
1,policy,1,5412,5,5,0.0851
1,policy,1,5412,6,6,0.0851
1,policy,1,5412,7,7,0.0784
1,policy,1,5412,8,8,0.0851
1,policy,1,5621,0,0,0.0000
1,policy,1,5621,1,1,0.0000
1,policy,1,5621,2,1,0.0000
1,policy,1,5621,3,2,0.4249
1,policy,1,5621,4,3,0.3341
1,policy,1,5621,5,3,0.3341
1,policy,1,5621,6,4,0.4249
1,policy,1,5621,7,5,0.3188
1,policy,1,5621,8,5,0.3188
1,policy,1,4273,0,0,0.0000
1,policy,1,4273,1,0,0.0000
1,policy,1,4273,2,0,0.0000
1,policy,1,4273,3,1,0.0948
1,policy,1,4273,4,2,0.1100
1,policy,1,4273,5,3,0.1100
1,policy,1,4273,6,4,0.1100
1,policy,1,4273,7,5,0.1100
1,policy,1,4273,8,6,0.1100
1,policy,1,1869,0,0,0.1799
1,policy,1,1869,1,1,0.3719
1,policy,1,1869,2,2,0.0851
1,policy,1,1869,3,3,0.0000
1,policy,1,1869,4,4,0.0000
1,policy,1,1869,5,5,0.0000
1,policy,1,1869,6,6,0.0000
1,policy,1,1869,7,7,0.0000
1,policy,1,1869,8,8,0.0000
1,policy,1,5970,0,0,0.2985
1,policy,1,5970,1,1,0.2935
1,policy,1,5970,2,2,0.6122
1,policy,1,5970,3,3,0.2895
1,policy,1,5970,4,4,0.2201
1,policy,1,5970,5,5,0.0948
1,policy,1,5970,6,6,0.0948
1,policy,1,5970,7,7,0.1100
1,policy,1,5970,8,8,0.0784
1,policy,1,2055,0,0,0.0000
1,policy,1,2055,1,1,0.0636
1,policy,1,2055,2,2,0.0663
1,policy,1,2055,3,3,0.1331
1,policy,1,2055,4,4,0.0694
1,policy,1,2055,5,5,0.1299
1,policy,1,2055,6,6,0.0636
1,policy,1,2055,7,7,0.0000
1,policy,1,2055,8,8,0.0000
1,policy,1,487,0,0,0.0000
1,policy,1,487,1,0,0.0000
1,policy,1,487,2,0,0.0000
1,policy,1,487,3,1,0.0000
1,policy,1,487,4,2,0.0000
1,policy,1,487,5,2,0.0000
1,policy,1,487,6,3,0.0000
1,policy,1,487,7,4,0.0000
1,policy,1,487,8,4,0.0000
1,policy,1,2399,0,0,0.0000
1,policy,1,2399,1,0,0.0000
1,policy,1,2399,2,0,0.0000
1,policy,1,2399,3,1,0.0000
1,policy,1,2399,4,2,0.0000
1,policy,1,2399,5,2,0.0000
1,policy,1,2399,6,3,0.0000
1,policy,1,2399,7,4,0.0000
1,policy,1,2399,8,5,0.0000
1,policy,1,4740,0,0,0.0000
1,policy,1,4740,1,0,0.0000
1,policy,1,4740,2,0,0.0000
1,policy,1,4740,3,1,0.0000
1,policy,1,4740,4,2,0.0000
1,policy,1,4740,5,3,0.0000
1,policy,1,4740,6,4,0.0000
1,policy,1,4740,7,4,0.0000
1,policy,1,4740,8,4,0.0000
1,policy,1,4414,0,0,0.0734
1,policy,1,4414,1,0,0.0734
1,policy,1,4414,2,1,0.0636
1,policy,1,4414,3,2,0.0663
1,policy,1,4414,4,3,0.0000
1,policy,1,4414,5,4,0.0000
1,policy,1,4414,6,5,0.0000
1,policy,1,4414,7,6,0.0000
1,policy,1,4414,8,7,0.0000
1,policy,1,1974,0,0,0.0000
1,policy,1,1974,1,1,0.2224
1,policy,1,1974,2,2,0.1917
1,policy,1,1974,3,3,0.1917
1,policy,1,1974,4,4,0.1917
1,policy,1,1974,5,5,0.1754
1,policy,1,1974,6,5,0.1754
1,policy,1,1974,7,6,0.1754
1,policy,1,1974,8,7,0.1617
1,policy,1,4126,0,0,0.0000
1,policy,1,4126,1,0,0.0000
1,policy,1,4126,2,1,0.1546
1,policy,1,4126,3,2,0.1518
1,policy,1,4126,4,3,0.0851
1,policy,1,4126,5,4,0.0851
1,policy,1,4126,6,5,0.0948
1,policy,1,4126,7,6,0.0948
1,policy,1,4126,8,7,0.0948
1,policy,1,2232,0,0,0.1100
1,policy,1,2232,1,1,0.0636
1,policy,1,2232,2,2,0.1642
1,policy,1,2232,3,3,0.1389
1,policy,1,2232,4,4,0.0948
1,policy,1,2232,5,5,0.0694
1,policy,1,2232,6,6,0.0694
1,policy,1,2232,7,7,0.0734
1,policy,1,2232,8,8,0.0694
1,policy,1,5927,0,0,0.0000
1,policy,1,5927,1,0,0.0000
1,policy,1,5927,2,1,0.0000
1,policy,1,5927,3,1,0.0000
1,policy,1,5927,4,2,0.0000
1,policy,1,5927,5,3,0.0000
1,policy,1,5927,6,4,0.0000
1,policy,1,5927,7,5,0.0000
1,policy,1,5927,8,6,0.0000
1,policy,1,3023,0,0,0.1389
1,policy,1,3023,1,1,0.3052
1,policy,1,3023,2,2,0.1952
1,policy,1,3023,3,3,0.1389
1,policy,1,3023,4,4,0.1389
1,policy,1,3023,5,5,0.2025
1,policy,1,3023,6,6,0.2025
1,policy,1,3023,7,7,0.1389
1,policy,1,3023,8,8,0.1389
1,policy,1,607,0,0,0.1100
1,policy,1,607,1,0,0.1100
1,policy,1,607,2,1,0.0000
1,policy,1,607,3,2,0.0000
1,policy,1,607,4,3,0.0000
1,policy,1,607,5,4,0.0000
1,policy,1,607,6,5,0.0000
1,policy,1,607,7,6,0.0000
1,policy,1,607,8,7,0.0000
2,policy,0,1216,0,0,0.4035
2,policy,0,1216,1,1,0.2835
2,policy,0,1216,2,2,0.0694
2,policy,0,1216,3,3,0.0694
2,policy,0,1216,4,4,0.0694
2,policy,0,1216,5,5,0.0694
2,policy,0,1216,6,6,0.0694
2,policy,0,1216,7,7,0.0694
2,policy,0,1216,8,8,0.0734
2,policy,0,2820,0,0,0.0000
2,policy,0,2820,1,0,0.0000
2,policy,0,2820,2,0,0.0000
2,policy,0,2820,3,1,0.2240
2,policy,0,2820,4,1,0.2240
2,policy,0,2820,5,1,0.2240
2,policy,0,2820,6,2,0.2173
2,policy,0,2820,7,3,0.2240
2,policy,0,2820,8,3,0.2240
2,policy,0,3017,0,0,1.0000
2,policy,0,3017,1,1,1.0000
2,policy,0,3017,2,2,0.8669
2,policy,0,3017,3,3,0.9266
2,policy,0,3017,4,4,0.9266
2,policy,0,3017,5,5,0.9266
2,policy,0,3017,6,6,0.9266
2,policy,0,3017,7,7,0.9266
2,policy,0,3017,8,8,0.9266
2,policy,0,1260,0,0,0.7728
2,policy,0,1260,1,0,0.7728
2,policy,0,1260,2,1,0.8390
2,policy,0,1260,3,2,0.7818
2,policy,0,1260,4,3,0.7936
2,policy,0,1260,5,4,0.7968
2,policy,0,1260,6,5,0.7936
2,policy,0,1260,7,6,0.7910
2,policy,0,1260,8,7,0.7910
2,policy,0,1920,0,0,0.2489
2,policy,0,1920,1,0,0.2489
2,policy,0,1920,2,1,0.3341
2,policy,0,1920,3,2,0.3341
2,policy,0,1920,4,3,0.3273
2,policy,0,1920,5,4,0.4085
2,policy,0,1920,6,5,0.4085
2,policy,0,1920,7,6,0.4085
2,policy,0,1920,8,7,0.4085
2,policy,0,693,0,0,0.0784
2,policy,0,693,1,1,0.0000
2,policy,0,693,2,2,0.0948
2,policy,0,693,3,3,0.1389
2,policy,0,693,4,4,0.1389
2,policy,0,693,5,4,0.1389
2,policy,0,693,6,5,0.1389
2,policy,0,693,7,6,0.1389
2,policy,0,693,8,6,0.1389
2,policy,0,3268,0,0,0.5400
2,policy,0,3268,1,1,0.3152
2,policy,0,3268,2,2,0.3885
2,policy,0,3268,3,3,0.3909
2,policy,0,3268,4,4,0.3859
2,policy,0,3268,5,5,0.3846
2,policy,0,3268,6,6,0.3846
2,policy,0,3268,7,7,0.3820
2,policy,0,3268,8,8,0.3820
2,policy,0,3548,0,0,0.0000
2,policy,0,3548,1,1,0.0000
2,policy,0,3548,2,2,0.0784
2,policy,0,3548,3,3,0.0784
2,policy,0,3548,4,4,0.0784
2,policy,0,3548,5,4,0.0784
2,policy,0,3548,6,5,0.0784
2,policy,0,3548,7,6,0.0784
2,policy,0,3548,8,6,0.0784
2,policy,0,2780,0,0,0.9306
2,policy,0,2780,1,1,0.7779
2,policy,0,2780,2,2,0.8553
2,policy,0,2780,3,3,0.8643
2,policy,0,2780,4,4,0.8643
2,policy,0,2780,5,5,0.9306
2,policy,0,2780,6,6,0.9266
2,policy,0,2780,7,7,0.9266
2,policy,0,2780,8,8,0.9337
2,policy,0,5328,0,0,0.9266
2,policy,0,5328,1,1,0.9149
2,policy,0,5328,2,2,0.8482
2,policy,0,5328,3,3,0.9216
2,policy,0,5328,4,4,0.9266
2,policy,0,5328,5,5,0.9266
2,policy,0,5328,6,6,0.9266
2,policy,0,5328,7,7,1.0000
2,policy,0,5328,8,8,0.8048
2,policy,0,3770,0,0,0.3660
2,policy,0,3770,1,1,0.7792
2,policy,0,3770,2,2,0.7936
2,policy,0,3770,3,3,0.7116
2,policy,0,3770,4,4,0.7116
2,policy,0,3770,5,5,0.7820
2,policy,0,3770,6,6,0.7820
2,policy,0,3770,7,7,0.7184
2,policy,0,3770,8,8,0.7084
2,policy,0,5135,0,0,0.1447
2,policy,0,5135,1,1,0.3223
2,policy,0,5135,2,2,0.4003
2,policy,0,5135,3,3,0.3977
2,policy,0,5135,4,4,0.4003
2,policy,0,5135,5,5,0.4003
2,policy,0,5135,6,6,0.4003
2,policy,0,5135,7,7,0.4003
2,policy,0,5135,8,8,0.4789
2,policy,0,781,0,0,0.0000
2,policy,0,781,1,0,0.0000
2,policy,0,781,2,0,0.0000
2,policy,0,781,3,1,0.0000
2,policy,0,781,4,1,0.0000
2,policy,0,781,5,1,0.0000
2,policy,0,781,6,2,0.0000
2,policy,0,781,7,2,0.0000
2,policy,0,781,8,2,0.0000
2,policy,0,2908,0,0,0.9364
2,policy,0,2908,1,1,1.0000
2,policy,0,2908,2,2,1.0000
2,policy,0,2908,3,3,1.0000
2,policy,0,2908,4,4,1.0000
2,policy,0,2908,5,5,1.0000
2,policy,0,2908,6,6,1.0000
2,policy,0,2908,7,7,1.0000
2,policy,0,2908,8,8,1.0000
2,policy,0,4075,0,0,0.0000
2,policy,0,4075,1,0,0.0000
2,policy,0,4075,2,0,0.0000
2,policy,0,4075,3,1,0.0000
2,policy,0,4075,4,2,0.0000
2,policy,0,4075,5,2,0.0000
2,policy,0,4075,6,2,0.0000
2,policy,0,4075,7,2,0.0000
2,policy,0,4075,8,3,0.0000
2,policy,0,3106,0,0,0.0694
2,policy,0,3106,1,0,0.0694
2,policy,0,3106,2,0,0.0694
2,policy,0,3106,3,1,0.1389
2,policy,0,3106,4,2,0.2863
2,policy,0,3106,5,2,0.2863
2,policy,0,3106,6,3,0.1389
2,policy,0,3106,7,4,0.1389
2,policy,0,3106,8,5,0.1389
2,policy,0,759,0,0,0.0694
2,policy,0,759,1,0,0.0694
2,policy,0,759,2,0,0.0694
2,policy,0,759,3,1,0.2201
2,policy,0,759,4,2,0.2201
2,policy,0,759,5,3,0.2201
2,policy,0,759,6,4,0.2201
2,policy,0,759,7,5,0.2201
2,policy,0,759,8,5,0.2201
2,policy,0,5467,0,0,0.5521
2,policy,0,5467,1,1,0.4330
2,policy,0,5467,2,2,0.6321
2,policy,0,5467,3,3,0.7015
2,policy,0,5467,4,4,0.6851
2,policy,0,5467,5,5,0.6215
2,policy,0,5467,6,6,0.6253
2,policy,0,5467,7,7,0.5494
2,policy,0,5467,8,8,0.7105
2,policy,0,5744,0,0,0.3273
2,policy,0,5744,1,0,0.3273
2,policy,0,5744,2,1,0.3733
2,policy,0,5744,3,2,0.3977
2,policy,0,5744,4,3,0.4131
2,policy,0,5744,5,4,0.4748
2,policy,0,5744,6,4,0.4748
2,policy,0,5744,7,5,0.4847
2,policy,0,5744,8,6,0.3273
2,policy,0,3129,0,0,0.1357
2,policy,0,3129,1,0,0.1357
2,policy,0,3129,2,0,0.1357
2,policy,0,3129,3,1,0.0000
2,policy,0,3129,4,2,0.0000
2,policy,0,3129,5,2,0.0000
2,policy,0,3129,6,3,0.0000
2,policy,0,3129,7,4,0.0000
2,policy,0,3129,8,4,0.0000
2,policy,0,5990,0,0,0.0000
2,policy,0,5990,1,0,0.0000
2,policy,0,5990,2,0,0.0000
2,policy,0,5990,3,1,0.0694
2,policy,0,5990,4,2,0.0636
2,policy,0,5990,5,3,0.0000
2,policy,0,5990,6,4,0.0000
2,policy,0,5990,7,5,0.0000
2,policy,0,5990,8,5,0.0000
2,policy,0,306,0,0,0.0948
2,policy,0,306,1,1,0.1952
2,policy,0,306,2,2,0.1370
2,policy,0,306,3,3,0.2743
2,policy,0,306,4,4,0.2782
2,policy,0,306,5,5,0.2743
2,policy,0,306,6,6,0.2782
2,policy,0,306,7,7,0.2743
2,policy,0,306,8,7,0.2743
2,policy,0,3832,0,0,0.7412
2,policy,0,3832,1,1,0.5389
2,policy,0,3832,2,2,0.7820
2,policy,0,3832,3,3,0.7859
2,policy,0,3832,4,4,0.7859
2,policy,0,3832,5,5,0.7885
2,policy,0,3832,6,6,0.7846
2,policy,0,3832,7,7,0.7859
2,policy,0,3832,8,8,0.7910
2,policy,0,1356,0,0,0.0000
2,policy,0,1356,1,0,0.0000
2,policy,0,1356,2,0,0.0000
2,policy,0,1356,3,1,0.0734
2,policy,0,1356,4,2,0.0000
2,policy,0,1356,5,3,0.0000
2,policy,0,1356,6,3,0.0000
2,policy,0,1356,7,4,0.0000
2,policy,0,1356,8,5,0.0000
2,policy,0,5279,0,0,0.4035
2,policy,0,5279,1,0,0.4035
2,policy,0,5279,2,1,0.3026
2,policy,0,5279,3,1,0.3026
2,policy,0,5279,4,2,0.3026
2,policy,0,5279,5,3,0.3026
2,policy,0,5279,6,4,0.3026
2,policy,0,5279,7,5,0.3026
2,policy,0,5279,8,6,0.1078
2,policy,0,3201,0,0,0.1635
2,policy,0,3201,1,0,0.1635
2,policy,0,3201,2,1,0.2394
2,policy,0,3201,3,2,0.2154
2,policy,0,3201,4,3,0.2369
2,policy,0,3201,5,4,0.2369
2,policy,0,3201,6,5,0.2090
2,policy,0,3201,7,6,0.2141
2,policy,0,3201,8,7,0.2141
2,policy,0,370,0,0,0.1357
2,policy,0,370,1,1,0.5384
2,policy,0,370,2,1,0.5384
2,policy,0,370,3,2,0.6937
2,policy,0,370,4,3,0.6332
2,policy,0,370,5,3,0.6332
2,policy,0,370,6,4,0.6840
2,policy,0,370,7,5,0.6118
2,policy,0,370,8,6,0.4383
2,policy,0,2012,0,0,0.0000
2,policy,0,2012,1,0,0.0000
2,policy,0,2012,2,1,0.0663
2,policy,0,2012,3,1,0.0663
2,policy,0,2012,4,2,0.0694
2,policy,0,2012,5,3,0.0694
2,policy,0,2012,6,4,0.0734
2,policy,0,2012,7,5,0.0784
2,policy,0,2012,8,6,0.0734
2,policy,0,3899,0,0,0.9364
2,policy,0,3899,1,1,0.8572
2,policy,0,3899,2,2,0.9337
2,policy,0,3899,3,3,0.9364
2,policy,0,3899,4,4,0.9364
2,policy,0,3899,5,5,0.9364
2,policy,0,3899,6,6,0.9364
2,policy,0,3899,7,7,0.9364
2,policy,0,3899,8,8,0.9364
2,policy,0,2979,0,0,0.3405
2,policy,0,2979,1,1,0.3188
2,policy,0,2979,2,2,0.3024
2,policy,0,2979,3,3,0.3758
2,policy,0,2979,4,4,0.3758
2,policy,0,2979,5,5,0.4394
2,policy,0,2979,6,6,0.3718
2,policy,0,2979,7,7,0.3687
2,policy,0,2979,8,8,0.3757
2,policy,0,2748,0,0,0.4473
2,policy,0,2748,1,1,0.1642
2,policy,0,2748,2,2,0.3917
2,policy,0,2748,3,3,0.4576
2,policy,0,2748,4,4,0.4616
2,policy,0,2748,5,5,0.4616
2,policy,0,2748,6,6,0.3940
2,policy,0,2748,7,7,0.3940
2,policy,0,2748,8,8,0.4647
2,policy,0,821,0,0,0.3854
2,policy,0,821,1,1,0.5072
2,policy,0,821,2,2,0.7788
2,policy,0,821,3,3,0.3854
2,policy,0,821,4,4,0.3758
2,policy,0,821,5,5,0.3758
2,policy,0,821,6,6,0.3569
2,policy,0,821,7,7,0.3165
2,policy,0,821,8,8,0.3453
2,policy,0,3891,0,0,0.9266
2,policy,0,3891,1,1,0.8512
2,policy,0,3891,2,2,0.9149
2,policy,0,3891,3,3,0.9052
2,policy,0,3891,4,4,0.9052
2,policy,0,3891,5,5,0.8390
2,policy,0,3891,6,6,0.8390
2,policy,0,3891,7,7,0.8390
2,policy,0,3891,8,8,0.8522
2,policy,0,3250,0,0,0.1389
2,policy,0,3250,1,1,0.1100
2,policy,0,3250,2,1,0.1100
2,policy,0,3250,3,2,0.0663
2,policy,0,3250,4,2,0.0663
2,policy,0,3250,5,2,0.0663
2,policy,0,3250,6,3,0.0663
2,policy,0,3250,7,4,0.0663
2,policy,0,3250,8,5,0.0636
2,policy,0,4478,0,0,0.2489
2,policy,0,4478,1,1,0.5271
2,policy,0,4478,2,2,0.5200
2,policy,0,4478,3,3,0.5068
2,policy,0,4478,4,4,0.5068
2,policy,0,4478,5,5,0.5017
2,policy,0,4478,6,6,0.5068
2,policy,0,4478,7,7,0.5036
2,policy,0,4478,8,8,0.4698
2,policy,0,2536,0,0,0.7479
2,policy,0,2536,1,1,0.7799
2,policy,0,2536,2,2,0.7799
2,policy,0,2536,3,3,0.7799
2,policy,0,2536,4,4,0.7799
2,policy,0,2536,5,5,0.8611
2,policy,0,2536,6,6,0.8611
2,policy,0,2536,7,7,0.8611
2,policy,0,2536,8,8,0.8611
2,policy,0,1250,0,0,0.0784
2,policy,0,1250,1,0,0.0784
2,policy,0,1250,2,0,0.0784
2,policy,0,1250,3,1,0.2083
2,policy,0,1250,4,2,0.2122
2,policy,0,1250,5,3,0.2173
2,policy,0,1250,6,4,0.2240
2,policy,0,1250,7,5,0.2240
2,policy,0,1250,8,5,0.2240
2,policy,0,4763,0,0,0.0000
2,policy,0,4763,1,0,0.0000
2,policy,0,4763,2,1,0.0000
2,policy,0,4763,3,1,0.0000
2,policy,0,4763,4,2,0.0000
2,policy,0,4763,5,3,0.0000
2,policy,0,4763,6,4,0.0000
2,policy,0,4763,7,4,0.0000
2,policy,0,4763,8,5,0.0000
2,policy,0,4757,0,0,0.1617
2,policy,0,4757,1,0,0.1617
2,policy,0,4757,2,0,0.1617
2,policy,0,4757,3,1,0.0000
2,policy,0,4757,4,1,0.0000
2,policy,0,4757,5,1,0.0000
2,policy,0,4757,6,1,0.0000
2,policy,0,4757,7,2,0.0000
2,policy,0,4757,8,2,0.0000
2,policy,0,5792,0,0,0.0000
2,policy,0,5792,1,0,0.0000
2,policy,0,5792,2,0,0.0000
2,policy,0,5792,3,1,0.0000
2,policy,0,5792,4,2,0.0000
2,policy,0,5792,5,3,0.0000
2,policy,0,5792,6,4,0.0000
2,policy,0,5792,7,5,0.0000
2,policy,0,5792,8,5,0.0000
2,policy,0,6025,0,0,0.3718
2,policy,0,6025,1,1,0.4085
2,policy,0,6025,2,2,0.4035
2,policy,0,6025,3,3,0.4035
2,policy,0,6025,4,4,0.4035
2,policy,0,6025,5,5,0.3964
2,policy,0,6025,6,5,0.3964
2,policy,0,6025,7,6,0.3964
2,policy,0,6025,8,7,0.3811
2,policy,0,5989,0,0,0.1389
2,policy,0,5989,1,1,0.2048
2,policy,0,5989,2,2,0.1834
2,policy,0,5989,3,3,0.1488
2,policy,0,5989,4,4,0.1514
2,policy,0,5989,5,5,0.1514
2,policy,0,5989,6,6,0.0851
2,policy,0,5989,7,7,0.0851
2,policy,0,5989,8,8,0.1514
2,policy,0,1434,0,0,0.0000
2,policy,0,1434,1,0,0.0000
2,policy,0,1434,2,0,0.0000
2,policy,0,1434,3,1,0.0000
2,policy,0,1434,4,1,0.0000
2,policy,0,1434,5,1,0.0000
2,policy,0,1434,6,2,0.1100
2,policy,0,1434,7,3,0.0948
2,policy,0,1434,8,3,0.0948
2,policy,0,4950,0,0,0.6938
2,policy,0,4950,1,1,0.8522
2,policy,0,4950,2,2,0.7695
2,policy,0,4950,3,3,0.8318
2,policy,0,4950,4,4,0.8416
2,policy,0,4950,5,5,0.8416
2,policy,0,4950,6,6,0.8416
2,policy,0,4950,7,7,0.9052
2,policy,0,4950,8,8,0.7564
2,policy,0,4781,0,0,0.0636
2,policy,0,4781,1,1,0.0636
2,policy,0,4781,2,2,0.0851
2,policy,0,4781,3,3,0.1585
2,policy,0,4781,4,4,0.1546
2,policy,0,4781,5,5,0.1546
2,policy,0,4781,6,6,0.1585
2,policy,0,4781,7,7,0.1546
2,policy,0,4781,8,8,0.3062
2,policy,0,3169,0,0,0.2782
2,policy,0,3169,1,1,0.5483
2,policy,0,3169,2,2,0.5728
2,policy,0,3169,3,3,0.5696
2,policy,0,3169,4,4,0.5696
2,policy,0,3169,5,5,0.5696
2,policy,0,3169,6,6,0.5696
2,policy,0,3169,7,7,0.5669
2,policy,0,3169,8,8,0.5669
2,policy,0,574,0,0,0.2462
2,policy,0,574,1,0,0.2462
2,policy,0,574,2,1,0.9306
2,policy,0,574,3,2,0.9337
2,policy,0,574,4,3,0.9266
2,policy,0,574,5,4,0.9266
2,policy,0,574,6,5,0.9216
2,policy,0,574,7,6,0.9216
2,policy,0,574,8,7,0.9216
2,policy,0,955,0,0,0.7020
2,policy,0,955,1,0,0.7020
2,policy,0,955,2,1,0.4085
2,policy,0,955,3,2,0.7124
2,policy,0,955,4,3,0.7133
2,policy,0,955,5,4,0.7421
2,policy,0,955,6,5,0.7386
2,policy,0,955,7,6,0.7315
2,policy,0,955,8,7,0.7952
2,policy,0,3445,0,0,0.0851
2,policy,0,3445,1,0,0.0851
2,policy,0,3445,2,0,0.0851
2,policy,0,3445,3,1,0.0000
2,policy,0,3445,4,1,0.0000
2,policy,0,3445,5,1,0.0000
2,policy,0,3445,6,2,0.0000
2,policy,0,3445,7,3,0.0000
2,policy,0,3445,8,3,0.0000
2,policy,0,585,0,0,0.3531
2,policy,0,585,1,0,0.3531
2,policy,0,585,2,0,0.3531
2,policy,0,585,3,1,0.0734
2,policy,0,585,4,2,0.0663
2,policy,0,585,5,3,0.0000
2,policy,0,585,6,4,0.0000
2,policy,0,585,7,5,0.0000
2,policy,0,585,8,5,0.0000
2,policy,0,5503,0,0,0.6189
2,policy,0,5503,1,1,0.8553
2,policy,0,5503,2,2,1.0000
2,policy,0,5503,3,3,1.0000
2,policy,0,5503,4,4,1.0000
2,policy,0,5503,5,5,1.0000
2,policy,0,5503,6,6,1.0000
2,policy,0,5503,7,7,1.0000
2,policy,0,5503,8,8,1.0000
2,policy,0,362,0,0,0.0000
2,policy,0,362,1,1,0.0000
2,policy,0,362,2,2,0.0694
2,policy,0,362,3,3,0.0694
2,policy,0,362,4,4,0.0694
2,policy,0,362,5,4,0.0694
2,policy,0,362,6,5,0.0694
2,policy,0,362,7,6,0.0694
2,policy,0,362,8,6,0.0694
2,policy,0,3332,0,0,0.6872
2,policy,0,3332,1,1,0.4252
2,policy,0,3332,2,2,0.4252
2,policy,0,3332,3,3,0.4323
2,policy,0,3332,4,4,0.4284
2,policy,0,3332,5,5,0.4252
2,policy,0,3332,6,6,0.4226
2,policy,0,3332,7,7,0.4252
2,policy,0,3332,8,8,0.4252
2,policy,0,554,0,0,0.0000
2,policy,0,554,1,0,0.0000
2,policy,0,554,2,0,0.0000
2,policy,0,554,3,1,0.0000
2,policy,0,554,4,2,0.0000
2,policy,0,554,5,2,0.0000
2,policy,0,554,6,3,0.0000
2,policy,0,554,7,4,0.0000
2,policy,0,554,8,4,0.0000
2,policy,0,3282,0,0,0.5384
2,policy,0,3282,1,1,0.7421
2,policy,0,3282,2,2,0.6749
2,policy,0,3282,3,3,0.6749
2,policy,0,3282,4,4,0.6749
2,policy,0,3282,5,5,0.6652
2,policy,0,3282,6,6,0.6620
2,policy,0,3282,7,7,0.6719
2,policy,0,3282,8,8,0.6719
2,policy,0,5925,0,0,0.2337
2,policy,0,5925,1,0,0.2337
2,policy,0,5925,2,0,0.2337
2,policy,0,5925,3,1,0.4288
2,policy,0,5925,4,2,0.4131
2,policy,0,5925,5,3,0.4288
2,policy,0,5925,6,4,0.4221
2,policy,0,5925,7,5,0.4221
2,policy,0,5925,8,6,0.4221
2,policy,0,1610,0,0,0.9266
2,policy,0,1610,1,1,0.7721
2,policy,0,1610,2,2,0.7722
2,policy,0,1610,3,3,0.7453
2,policy,0,1610,4,4,0.7453
2,policy,0,1610,5,5,0.7472
2,policy,0,1610,6,6,0.7472
2,policy,0,1610,7,7,0.7472
2,policy,0,1610,8,8,0.7165
2,policy,0,3354,0,0,0.0663
2,policy,0,3354,1,0,0.0663
2,policy,0,3354,2,0,0.0663
2,policy,0,3354,3,1,0.0734
2,policy,0,3354,4,2,0.0784
2,policy,0,3354,5,2,0.0784
2,policy,0,3354,6,3,0.1737
2,policy,0,3354,7,4,0.1100
2,policy,0,3354,8,5,0.1100
2,policy,0,1693,0,0,0.9266
2,policy,0,1693,1,1,0.9149
2,policy,0,1693,2,2,0.8482
2,policy,0,1693,3,3,0.8482
2,policy,0,1693,4,4,0.8482
2,policy,0,1693,5,5,0.8482
2,policy,0,1693,6,6,0.8482
2,policy,0,1693,7,7,0.8482
2,policy,0,1693,8,8,0.8415
2,policy,0,1856,0,0,0.1682
2,policy,0,1856,1,0,0.1682
2,policy,0,1856,2,0,0.1682
2,policy,0,1856,3,1,0.4132
2,policy,0,1856,4,2,0.4132
2,policy,0,1856,5,2,0.4132
2,policy,0,1856,6,3,0.4164
2,policy,0,1856,7,4,0.4132
2,policy,0,1856,8,4,0.4132
2,policy,0,984,0,0,0.8604
2,policy,0,984,1,1,0.9337
2,policy,0,984,2,2,0.8522
2,policy,0,984,3,3,0.7885
2,policy,0,984,4,4,0.7885
2,policy,0,984,5,5,0.7885
2,policy,0,984,6,6,0.7885
2,policy,0,984,7,7,0.7885
2,policy,0,984,8,8,0.7885
2,policy,0,2490,0,0,0.4171
2,policy,0,2490,1,0,0.4171
2,policy,0,2490,2,1,0.4288
2,policy,0,2490,3,2,0.4221
2,policy,0,2490,4,3,0.4221
2,policy,0,2490,5,4,0.5101
2,policy,0,2490,6,5,0.4944
2,policy,0,2490,7,6,0.4944
2,policy,0,2490,8,7,0.4944
2,policy,0,2395,0,0,0.2935
2,policy,0,2395,1,0,0.2935
2,policy,0,2395,2,0,0.2935
2,policy,0,2395,3,1,0.5077
2,policy,0,2395,4,2,0.5321
2,policy,0,2395,5,3,0.6178
2,policy,0,2395,6,4,0.6086
2,policy,0,2395,7,5,0.6137
2,policy,0,2395,8,5,0.6137
2,policy,0,4666,0,0,0.0948
2,policy,0,4666,1,0,0.0948
2,policy,0,4666,2,0,0.0948
2,policy,0,4666,3,1,0.1447
2,policy,0,4666,4,1,0.1447
2,policy,0,4666,5,2,0.1584
2,policy,0,4666,6,3,0.1100
2,policy,0,4666,7,4,0.0948
2,policy,0,4666,8,4,0.0948
2,policy,0,4638,0,0,0.0000
2,policy,0,4638,1,0,0.0000
2,policy,0,4638,2,1,0.0000
2,policy,0,4638,3,1,0.0000
2,policy,0,4638,4,2,0.0000
2,policy,0,4638,5,3,0.0000
2,policy,0,4638,6,3,0.0000
2,policy,0,4638,7,4,0.0000
2,policy,0,4638,8,5,0.0000
2,policy,0,1726,0,0,0.3977
2,policy,0,1726,1,1,0.8318
2,policy,0,1726,2,2,0.8643
2,policy,0,1726,3,3,0.7936
2,policy,0,1726,4,4,0.7936
2,policy,0,1726,5,5,0.7968
2,policy,0,1726,6,6,0.7968
2,policy,0,1726,7,7,0.7936
2,policy,0,1726,8,8,0.7936
2,policy,0,1544,0,0,0.1389
2,policy,0,1544,1,1,0.2992
2,policy,0,1544,2,2,0.3405
2,policy,0,1544,3,3,0.2457
2,policy,0,1544,4,4,0.2470
2,policy,0,1544,5,5,0.2521
2,policy,0,1544,6,6,0.1795
2,policy,0,1544,7,7,0.1884
2,policy,0,1544,8,8,0.1884
2,policy,0,1401,0,0,0.6311
2,policy,0,1401,1,0,0.6311
2,policy,0,1401,2,0,0.6311
2,policy,0,1401,3,1,0.2900
2,policy,0,1401,4,2,0.3562
2,policy,0,1401,5,2,0.3562
2,policy,0,1401,6,3,0.3594
2,policy,0,1401,7,4,0.3594
2,policy,0,1401,8,5,0.3594
2,policy,0,1712,0,0,0.0000
2,policy,0,1712,1,0,0.0000
2,policy,0,1712,2,1,0.0000
2,policy,0,1712,3,2,0.0000
2,policy,0,1712,4,3,0.0000
2,policy,0,1712,5,4,0.0000
2,policy,0,1712,6,4,0.0000
2,policy,0,1712,7,5,0.0000
2,policy,0,1712,8,6,0.0000
2,policy,0,1348,0,0,0.3909
2,policy,0,1348,1,0,0.3909
2,policy,0,1348,2,0,0.3909
2,policy,0,1348,3,1,0.5384
2,policy,0,1348,4,2,0.5424
2,policy,0,1348,5,3,0.6060
2,policy,0,1348,6,4,0.6060
2,policy,0,1348,7,5,0.6110
2,policy,0,1348,8,6,0.6110
2,policy,0,4769,0,0,0.2201
2,policy,0,4769,1,0,0.2201
2,policy,0,4769,2,0,0.2201
2,policy,0,4769,3,1,0.2985
2,policy,0,4769,4,1,0.2985
2,policy,0,4769,5,1,0.2985
2,policy,0,4769,6,2,0.3149
2,policy,0,4769,7,3,0.3052
2,policy,0,4769,8,3,0.3052
2,policy,0,3915,0,0,0.9266
2,policy,0,3915,1,1,0.8900
2,policy,0,3915,2,2,0.8900
2,policy,0,3915,3,3,0.8900
2,policy,0,3915,4,4,0.8900
2,policy,0,3915,5,5,0.8900
2,policy,0,3915,6,6,0.8900
2,policy,0,3915,7,7,0.8900
2,policy,0,3915,8,8,0.8900
2,policy,0,3137,0,0,0.1585
2,policy,0,3137,1,1,0.2344
2,policy,0,3137,2,2,0.1514
2,policy,0,3137,3,3,0.2221
2,policy,0,3137,4,4,0.2221
2,policy,0,3137,5,5,0.2208
2,policy,0,3137,6,6,0.2208
2,policy,0,3137,7,7,0.2208
2,policy,0,3137,8,8,0.2221
2,policy,0,3056,0,0,0.2248
2,policy,0,3056,1,0,0.2248
2,policy,0,3056,2,0,0.2248
2,policy,0,3056,3,1,0.2173
2,policy,0,3056,4,2,0.2999
2,policy,0,3056,5,3,0.4221
2,policy,0,3056,6,4,0.0851
2,policy,0,3056,7,4,0.0851
2,policy,0,3056,8,5,0.0948
2,policy,0,3344,0,0,0.1100
2,policy,0,3344,1,1,0.2837
2,policy,0,3344,2,2,0.3558
2,policy,0,3344,3,3,0.2935
2,policy,0,3344,4,4,0.2935
2,policy,0,3344,5,5,0.2935
2,policy,0,3344,6,6,0.2935
2,policy,0,3344,7,7,0.2935
2,policy,0,3344,8,8,0.2935
2,policy,0,2009,0,0,0.9052
2,policy,0,2009,1,1,0.7949
2,policy,0,2009,2,2,0.7034
2,policy,0,2009,3,3,0.7126
2,policy,0,2009,4,4,0.7058
2,policy,0,2009,5,5,0.7058
2,policy,0,2009,6,6,0.7008
2,policy,0,2009,7,7,0.7058
2,policy,0,2009,8,8,0.7058
2,policy,0,2794,0,0,0.2051
2,policy,0,2794,1,1,0.3188
2,policy,0,2794,2,2,0.3120
2,policy,0,2794,3,3,0.2999
2,policy,0,2794,4,4,0.3815
2,policy,0,2794,5,5,0.3783
2,policy,0,2794,6,6,0.3783
2,policy,0,2794,7,7,0.3757
2,policy,0,2794,8,8,0.3783
2,policy,0,5653,0,0,0.7827
2,policy,0,5653,1,0,0.7827
2,policy,0,5653,2,1,0.7752
2,policy,0,5653,3,2,0.8454
2,policy,0,5653,4,3,0.8416
2,policy,0,5653,5,4,0.7722
2,policy,0,5653,6,5,0.7624
2,policy,0,5653,7,6,0.7722
2,policy,0,5653,8,7,0.7632
2,policy,0,5615,0,0,0.4323
2,policy,0,5615,1,1,0.4669
2,policy,0,5615,2,2,0.4734
2,policy,0,5615,3,3,0.4734
2,policy,0,5615,4,4,0.4570
2,policy,0,5615,5,5,0.4570
2,policy,0,5615,6,6,0.4531
2,policy,0,5615,7,7,0.4499
2,policy,0,5615,8,8,0.3933
2,policy,0,3884,0,0,0.2934
2,policy,0,3884,1,1,0.6282
2,policy,0,3884,2,2,0.6236
2,policy,0,3884,3,3,0.6212
2,policy,0,3884,4,4,0.6212
2,policy,0,3884,5,5,0.6212
2,policy,0,3884,6,6,0.6212
2,policy,0,3884,7,7,0.6848
2,policy,0,3884,8,8,0.6875
2,policy,0,399,0,0,0.5033
2,policy,0,399,1,0,0.5033
2,policy,0,399,2,0,0.5033
2,policy,0,399,3,1,0.2201
2,policy,0,399,4,2,0.2201
2,policy,0,399,5,3,0.2201
2,policy,0,399,6,4,0.2201
2,policy,0,399,7,5,0.2201
2,policy,0,399,8,5,0.2201
2,policy,0,4972,0,0,0.2711
2,policy,0,4972,1,0,0.2711
2,policy,0,4972,2,0,0.2711
2,policy,0,4972,3,1,0.1299
2,policy,0,4972,4,2,0.1357
2,policy,0,4972,5,3,0.1428
2,policy,0,4972,6,4,0.1331
2,policy,0,4972,7,5,0.1331
2,policy,0,4972,8,5,0.1331
2,policy,0,6,0,0,0.1100
2,policy,0,6,1,0,0.1100
2,policy,0,6,2,1,0.3273
2,policy,0,6,3,2,0.3188
2,policy,0,6,4,3,0.3120
2,policy,0,6,5,4,0.3836
2,policy,0,6,6,5,0.3836
2,policy,0,6,7,6,0.3836
2,policy,0,6,8,7,0.3836
2,policy,0,4963,0,0,0.3227
2,policy,0,4963,1,1,0.6817
2,policy,0,4963,2,2,0.6118
2,policy,0,4963,3,3,0.6173
2,policy,0,4963,4,4,0.6122
2,policy,0,4963,5,5,0.6122
2,policy,0,4963,6,6,0.6083
2,policy,0,4963,7,7,0.6746
2,policy,0,4963,8,8,0.8007
2,policy,0,666,0,0,0.2895
2,policy,0,666,1,1,0.3169
2,policy,0,666,2,2,0.2330
2,policy,0,666,3,3,0.1732
2,policy,0,666,4,4,0.1732
2,policy,0,666,5,4,0.1732
2,policy,0,666,6,5,0.1884
2,policy,0,666,7,6,0.2173
2,policy,0,666,8,7,0.2173
2,policy,0,2621,0,0,0.0000
2,policy,0,2621,1,0,0.0000
2,policy,0,2621,2,0,0.0000
2,policy,0,2621,3,1,0.0000
2,policy,0,2621,4,1,0.0000
2,policy,0,2621,5,2,0.0000
2,policy,0,2621,6,3,0.0000
2,policy,0,2621,7,4,0.0000
2,policy,0,2621,8,5,0.0000
2,policy,0,465,0,0,0.4690
2,policy,0,465,1,1,0.3301
2,policy,0,465,2,1,0.3301
2,policy,0,465,3,2,0.4577
2,policy,0,465,4,3,0.4577
2,policy,0,465,5,4,0.4577
2,policy,0,465,6,5,0.4577
2,policy,0,465,7,6,0.4569
2,policy,0,465,8,7,0.4291
2,policy,0,2226,0,0,0.5174
2,policy,0,2226,1,0,0.5174
2,policy,0,2226,2,0,0.5174
2,policy,0,2226,3,1,0.4479
2,policy,0,2226,4,2,0.2934
2,policy,0,2226,5,3,0.4506
2,policy,0,2226,6,4,0.4506
2,policy,0,2226,7,5,0.4506
2,policy,0,2226,8,6,0.4506
2,policy,0,1528,0,0,0.0000
2,policy,0,1528,1,0,0.0000
2,policy,0,1528,2,1,0.0000
2,policy,0,1528,3,2,0.0000
2,policy,0,1528,4,3,0.0000
2,policy,0,1528,5,4,0.0000
2,policy,0,1528,6,5,0.0000
2,policy,0,1528,7,6,0.0000
2,policy,0,1528,8,7,0.0000
2,policy,0,247,0,0,0.2489
2,policy,0,247,1,0,0.2489
2,policy,0,247,2,0,0.2489
2,policy,0,247,3,1,0.5638
2,policy,0,247,4,2,0.5424
2,policy,0,247,5,2,0.5424
2,policy,0,247,6,3,0.5474
2,policy,0,247,7,4,0.5384
2,policy,0,247,8,5,0.5353
2,policy,0,5648,0,0,0.4932
2,policy,0,5648,1,1,0.3539
2,policy,0,5648,2,2,0.7574
2,policy,0,5648,3,3,0.2900
2,policy,0,5648,4,4,0.2832
2,policy,0,5648,5,5,0.2736
2,policy,0,5648,6,6,0.2583
2,policy,0,5648,7,7,0.2466
2,policy,0,5648,8,8,0.2466
2,policy,0,3710,0,0,0.2369
2,policy,0,3710,1,0,0.2369
2,policy,0,3710,2,1,0.3098
2,policy,0,3710,3,2,0.2466
2,policy,0,3710,4,3,0.3038
2,policy,0,3710,5,4,0.2992
2,policy,0,3710,6,5,0.2992
2,policy,0,3710,7,6,0.3032
2,policy,0,3710,8,7,0.3032
2,policy,0,4163,0,0,0.0000
2,policy,0,4163,1,0,0.0000
2,policy,0,4163,2,0,0.0000
2,policy,0,4163,3,1,0.0694
2,policy,0,4163,4,2,0.0663
2,policy,0,4163,5,3,0.0000
2,policy,0,4163,6,4,0.0000
2,policy,0,4163,7,5,0.0000
2,policy,0,4163,8,6,0.1357
2,policy,0,4625,0,0,0.6902
2,policy,0,4625,1,1,0.5868
2,policy,0,4625,2,2,0.6461
2,policy,0,4625,3,3,0.5649
2,policy,0,4625,4,4,0.5649
2,policy,0,4625,5,5,0.5649
2,policy,0,4625,6,6,0.6461
2,policy,0,4625,7,7,0.6461
2,policy,0,4625,8,8,0.6461
2,policy,0,1121,0,0,0.3601
2,policy,0,1121,1,1,0.5885
2,policy,0,1121,2,2,0.5101
2,policy,0,1121,3,3,0.6178
2,policy,0,1121,4,4,0.6178
2,policy,0,1121,5,5,0.5541
2,policy,0,1121,6,6,0.5541
2,policy,0,1121,7,7,0.6178
2,policy,0,1121,8,8,0.6178
2,policy,0,4026,0,0,0.1389
2,policy,0,4026,1,1,0.3933
2,policy,0,4026,2,2,0.3747
2,policy,0,4026,3,3,0.3843
2,policy,0,4026,4,4,0.3882
2,policy,0,4026,5,5,0.3811
2,policy,0,4026,6,6,0.3811
2,policy,0,4026,7,7,0.3811
2,policy,0,4026,8,8,0.3715
2,policy,0,1685,0,0,0.2529
2,policy,0,1685,1,1,0.1089
2,policy,0,1685,2,2,0.0901
2,policy,0,1685,3,3,0.0901
2,policy,0,1685,4,4,0.0901
2,policy,0,1685,5,4,0.0901
2,policy,0,1685,6,5,0.0901
2,policy,0,1685,7,6,0.0901
2,policy,0,1685,8,6,0.0901
2,policy,0,248,0,0,0.2122
2,policy,0,248,1,1,0.4729
2,policy,0,248,2,2,0.5416
2,policy,0,248,3,3,0.5010
2,policy,0,248,4,4,0.5010
2,policy,0,248,5,5,0.5010
2,policy,0,248,6,6,0.4722
2,policy,0,248,7,7,0.4722
2,policy,0,248,8,8,0.3859
2,policy,0,1221,0,0,0.1585
2,policy,0,1221,1,0,0.1585
2,policy,0,1221,2,1,0.0000
2,policy,0,1221,3,2,0.0000
2,policy,0,1221,4,3,0.0000
2,policy,0,1221,5,4,0.0000
2,policy,0,1221,6,5,0.0000
2,policy,0,1221,7,6,0.0000
2,policy,0,1221,8,7,0.0000
2,policy,0,132,0,0,0.1682
2,policy,0,132,1,0,0.1682
2,policy,0,132,2,0,0.1682
2,policy,0,132,3,1,0.0636
2,policy,0,132,4,2,0.0663
2,policy,0,132,5,3,0.0663
2,policy,0,132,6,4,0.0663
2,policy,0,132,7,5,0.0663
2,policy,0,132,8,6,0.0663
2,policy,0,2718,0,0,0.3183
2,policy,0,2718,1,1,0.1795
2,policy,0,2718,2,1,0.1795
2,policy,0,2718,3,2,0.1357
2,policy,0,2718,4,3,0.1357
2,policy,0,2718,5,4,0.1357
2,policy,0,2718,6,5,0.1357
2,policy,0,2718,7,6,0.1396
2,policy,0,2718,8,7,0.1331
2,policy,0,507,0,0,0.3254
2,policy,0,507,1,1,0.5022
2,policy,0,507,2,2,0.4171
2,policy,0,507,3,3,0.4171
2,policy,0,507,4,4,0.4171
2,policy,0,507,5,5,0.4171
2,policy,0,507,6,6,0.4171
2,policy,0,507,7,7,0.4171
2,policy,0,507,8,8,0.4131
2,policy,0,4786,0,0,0.3026
2,policy,0,4786,1,0,0.3026
2,policy,0,4786,2,1,0.3937
2,policy,0,4786,3,2,0.3026
2,policy,0,4786,4,3,0.3026
2,policy,0,4786,5,4,0.3026
2,policy,0,4786,6,5,0.3026
2,policy,0,4786,7,6,0.3026
2,policy,0,4786,8,7,0.3026
2,policy,0,241,0,0,0.0851
2,policy,0,241,1,1,0.0851
2,policy,0,241,2,2,0.1100
2,policy,0,241,3,3,0.1100
2,policy,0,241,4,4,0.1100
2,policy,0,241,5,5,0.1100
2,policy,0,241,6,6,0.1100
2,policy,0,241,7,7,0.1100
2,policy,0,241,8,8,0.1389
2,policy,0,2456,0,0,0.7631
2,policy,0,2456,1,1,0.8415
2,policy,0,2456,2,2,0.7917
2,policy,0,2456,3,3,0.8553
2,policy,0,2456,4,4,0.8553
2,policy,0,2456,5,5,0.8553
2,policy,0,2456,6,6,0.8553
2,policy,0,2456,7,7,0.8553
2,policy,0,2456,8,8,0.8553
2,policy,0,3202,0,0,0.3715
2,policy,0,3202,1,1,0.2201
2,policy,0,3202,2,2,0.3882
2,policy,0,3202,3,3,0.3882
2,policy,0,3202,4,4,0.3747
2,policy,0,3202,5,5,0.3747
2,policy,0,3202,6,6,0.3996
2,policy,0,3202,7,7,0.2494
2,policy,0,3202,8,8,0.2494
2,policy,0,62,0,0,0.0784
2,policy,0,62,1,0,0.0784
2,policy,0,62,2,1,0.0734
2,policy,0,62,3,1,0.0734
2,policy,0,62,4,2,0.0784
2,policy,0,62,5,3,0.0784
2,policy,0,62,6,4,0.0784
2,policy,0,62,7,5,0.0784
2,policy,0,62,8,6,0.0784
2,policy,0,3811,0,0,0.4260
2,policy,0,3811,1,1,0.6429
2,policy,0,3811,2,2,0.6399
2,policy,0,3811,3,3,0.6529
2,policy,0,3811,4,4,0.6497
2,policy,0,3811,5,5,0.6458
2,policy,0,3811,6,6,0.6431
2,policy,0,3811,7,7,0.6458
2,policy,0,3811,8,8,0.7094
2,policy,0,4901,0,0,0.1389
2,policy,0,4901,1,1,0.1100
2,policy,0,4901,2,2,0.1396
2,policy,0,4901,3,3,0.2985
2,policy,0,4901,4,4,0.2985
2,policy,0,4901,5,5,0.2985
2,policy,0,4901,6,5,0.2985
2,policy,0,4901,7,6,0.2122
2,policy,0,4901,8,7,0.2122
2,policy,0,4689,0,0,0.2173
2,policy,0,4689,1,1,0.3301
2,policy,0,4689,2,2,0.3301
2,policy,0,4689,3,3,0.4284
2,policy,0,4689,4,4,0.4284
2,policy,0,4689,5,5,0.4226
2,policy,0,4689,6,6,0.4226
2,policy,0,4689,7,7,0.4284
2,policy,0,4689,8,8,0.4284
2,policy,0,2509,0,0,0.2025
2,policy,0,2509,1,0,0.2025
2,policy,0,2509,2,1,0.2711
2,policy,0,2509,3,2,0.3125
2,policy,0,2509,4,3,0.2337
2,policy,0,2509,5,4,0.2489
2,policy,0,2509,6,4,0.2489
2,policy,0,2509,7,5,0.2337
2,policy,0,2509,8,6,0.2489
2,policy,0,5274,0,0,0.1514
2,policy,0,5274,1,0,0.1514
2,policy,0,5274,2,0,0.1514
2,policy,0,5274,3,1,0.0636
2,policy,0,5274,4,1,0.0636
2,policy,0,5274,5,2,0.2240
2,policy,0,5274,6,3,0.2240
2,policy,0,5274,7,4,0.2240
2,policy,0,5274,8,5,0.2240
2,policy,0,5586,0,0,0.0000
2,policy,0,5586,1,1,0.0000
2,policy,0,5586,2,2,0.0784
2,policy,0,5586,3,3,0.0784
2,policy,0,5586,4,4,0.0784
2,policy,0,5586,5,5,0.0784
2,policy,0,5586,6,6,0.0784
2,policy,0,5586,7,7,0.0784
2,policy,0,5586,8,8,0.0784
2,policy,0,9,0,0,0.5266
2,policy,0,9,1,1,0.5774
2,policy,0,9,2,2,0.6067
2,policy,0,9,3,3,0.6785
2,policy,0,9,4,4,0.7624
2,policy,0,9,5,5,0.7695
2,policy,0,9,6,5,0.7695
2,policy,0,9,7,6,0.7792
2,policy,0,9,8,7,0.7695
2,policy,0,863,0,0,0.2247
2,policy,0,863,1,0,0.2247
2,policy,0,863,2,0,0.2247
2,policy,0,863,3,1,0.2934
2,policy,0,863,4,2,0.2934
2,policy,0,863,5,3,0.1993
2,policy,0,863,6,4,0.2154
2,policy,0,863,7,5,0.2154
2,policy,0,863,8,6,0.1428
2,policy,0,2370,0,0,0.0000
2,policy,0,2370,1,0,0.0000
2,policy,0,2370,2,0,0.0000
2,policy,0,2370,3,1,0.0000
2,policy,0,2370,4,2,0.0000
2,policy,0,2370,5,3,0.0000
2,policy,0,2370,6,4,0.0000
2,policy,0,2370,7,5,0.0000
2,policy,0,2370,8,6,0.0000
2,policy,0,3588,0,0,0.6311
2,policy,0,3588,1,1,0.8486
2,policy,0,3588,2,2,0.7936
2,policy,0,3588,3,3,0.7184
2,policy,0,3588,4,4,0.7184
2,policy,0,3588,5,5,0.7820
2,policy,0,3588,6,6,0.7820
2,policy,0,3588,7,7,0.7184
2,policy,0,3588,8,8,0.7184
2,policy,0,2915,0,0,0.0000
2,policy,0,2915,1,1,0.1682
2,policy,0,2915,2,2,0.3715
2,policy,0,2915,3,3,0.4284
2,policy,0,2915,4,4,0.4323
2,policy,0,2915,5,5,0.4374
2,policy,0,2915,6,6,0.4284
2,policy,0,2915,7,7,0.4374
2,policy,0,2915,8,8,0.2201
2,policy,0,4407,0,0,0.4865
2,policy,0,4407,1,1,0.4417
2,policy,0,4407,2,2,0.4915
2,policy,0,4407,3,3,0.4955
2,policy,0,4407,4,4,0.4858
2,policy,0,4407,5,5,0.5494
2,policy,0,4407,6,6,0.5494
2,policy,0,4407,7,7,0.5521
2,policy,0,4407,8,8,0.5552
2,policy,0,2416,0,0,0.0000
2,policy,0,2416,1,1,0.0000
2,policy,0,2416,2,2,0.0000
2,policy,0,2416,3,3,0.0000
2,policy,0,2416,4,3,0.0000
2,policy,0,2416,5,4,0.0000
2,policy,0,2416,6,4,0.0000
2,policy,0,2416,7,4,0.0000
2,policy,0,2416,8,5,0.0000
2,policy,0,5173,0,0,0.0000
2,policy,0,5173,1,0,0.0000
2,policy,0,5173,2,0,0.0000
2,policy,0,5173,3,0,0.0000
2,policy,0,5173,4,1,0.1175
2,policy,0,5173,5,1,0.1175
2,policy,0,5173,6,1,0.1175
2,policy,0,5173,7,1,0.1175
2,policy,0,5173,8,2,0.1175
2,policy,0,4915,0,0,0.0000
2,policy,0,4915,1,0,0.0000
2,policy,0,4915,2,1,0.0000
2,policy,0,4915,3,2,0.0000
2,policy,0,4915,4,3,0.0000
2,policy,0,4915,5,4,0.0000
2,policy,0,4915,6,5,0.0000
2,policy,0,4915,7,6,0.0000
2,policy,0,4915,8,7,0.0000
2,policy,0,4446,0,0,0.4627
2,policy,0,4446,1,1,0.5638
2,policy,0,4446,2,2,0.6332
2,policy,0,4446,3,3,0.6422
2,policy,0,4446,4,4,0.6489
2,policy,0,4446,5,5,0.7126
2,policy,0,4446,6,6,0.6489
2,policy,0,4446,7,7,0.6489
2,policy,0,4446,8,8,0.7126
2,policy,0,5549,0,0,0.8486
2,policy,0,5549,1,1,0.9149
2,policy,0,5549,2,2,0.9052
2,policy,0,5549,3,3,0.9052
2,policy,0,5549,4,4,0.9052
2,policy,0,5549,5,5,0.9052
2,policy,0,5549,6,6,0.8900
2,policy,0,5549,7,7,0.8900
2,policy,0,5549,8,8,0.8611
2,policy,0,2431,0,0,0.3747
2,policy,0,2431,1,0,0.3747
2,policy,0,2431,2,0,0.3747
2,policy,0,2431,3,1,0.5384
2,policy,0,2431,4,2,0.5232
2,policy,0,2431,5,3,0.5424
2,policy,0,2431,6,4,0.5424
2,policy,0,2431,7,5,0.5384
2,policy,0,2431,8,6,0.5384
2,policy,0,4918,0,0,0.2934
2,policy,0,4918,1,0,0.2934
2,policy,0,4918,2,0,0.2934
2,policy,0,4918,3,1,0.1389
2,policy,0,4918,4,2,0.1389
2,policy,0,4918,5,3,0.1389
2,policy,0,4918,6,4,0.3341
2,policy,0,4918,7,4,0.3341
2,policy,0,4918,8,5,0.3341
2,policy,0,3343,0,0,0.5389
2,policy,0,3343,1,1,0.5919
2,policy,0,3343,2,2,0.5541
2,policy,0,3343,3,3,0.4920
2,policy,0,3343,4,4,0.4323
2,policy,0,3343,5,5,0.4323
2,policy,0,3343,6,6,0.4226
2,policy,0,3343,7,7,0.3590
2,policy,0,3343,8,7,0.3590
2,policy,0,3736,0,0,0.5716
2,policy,0,3736,1,1,0.5077
2,policy,0,3736,2,2,0.6722
2,policy,0,3736,3,3,0.6628
2,policy,0,3736,4,4,0.6628
2,policy,0,3736,5,5,0.6628
2,policy,0,3736,6,6,0.6313
2,policy,0,3736,7,7,0.6340
2,policy,0,3736,8,8,0.6976
2,policy,0,2110,0,0,0.0000
2,policy,0,2110,1,0,0.0000
2,policy,0,2110,2,0,0.0000
2,policy,0,2110,3,1,0.0000
2,policy,0,2110,4,1,0.0000
2,policy,0,2110,5,1,0.0000
2,policy,0,2110,6,2,0.0000
2,policy,0,2110,7,3,0.0000
2,policy,0,2110,8,3,0.0000
2,policy,0,3782,0,0,0.2749
2,policy,0,3782,1,0,0.2749
2,policy,0,3782,2,0,0.2749
2,policy,0,3782,3,1,0.2749
2,policy,0,3782,4,1,0.2749
2,policy,0,3782,5,1,0.2749
2,policy,0,3782,6,2,0.2749
2,policy,0,3782,7,3,0.2749
2,policy,0,3782,8,3,0.2749
2,policy,0,5362,0,0,0.4419
2,policy,0,5362,1,0,0.4419
2,policy,0,5362,2,1,0.7163
2,policy,0,5362,3,2,0.7163
2,policy,0,5362,4,3,0.7163
2,policy,0,5362,5,4,0.7975
2,policy,0,5362,6,5,0.7975
2,policy,0,5362,7,6,0.7975
2,policy,0,5362,8,7,0.7975
2,policy,0,4839,0,0,0.1370
2,policy,0,4839,1,1,0.3418
2,policy,0,4839,2,1,0.3418
2,policy,0,4839,3,2,0.2884
2,policy,0,4839,4,3,0.2141
2,policy,0,4839,5,4,0.2141
2,policy,0,4839,6,5,0.2141
2,policy,0,4839,7,6,0.2154
2,policy,0,4839,8,7,0.2141
2,policy,0,5739,0,0,0.2651
2,policy,0,5739,1,0,0.2651
2,policy,0,5739,2,1,0.0867
2,policy,0,5739,3,2,0.1622
2,policy,0,5739,4,3,0.0795
2,policy,0,5739,5,4,0.0795
2,policy,0,5739,6,5,0.0827
2,policy,0,5739,7,6,0.0827
2,policy,0,5739,8,7,0.0795
2,policy,0,4541,0,0,0.2529
2,policy,0,4541,1,1,0.1596
2,policy,0,4541,2,1,0.1596
2,policy,0,4541,3,2,0.0843
2,policy,0,4541,4,2,0.0843
2,policy,0,4541,5,2,0.0843
2,policy,0,4541,6,3,0.1887
2,policy,0,4541,7,4,0.1887
2,policy,0,4541,8,5,0.0901
2,policy,0,5964,0,0,0.3026
2,policy,0,5964,1,0,0.3026
2,policy,0,5964,2,0,0.3026
2,policy,0,5964,3,0,0.3026
2,policy,0,5964,4,1,0.0000
2,policy,0,5964,5,1,0.0000
2,policy,0,5964,6,1,0.0000
2,policy,0,5964,7,1,0.0000
2,policy,0,5964,8,2,0.0000
2,policy,0,2130,0,0,0.9306
2,policy,0,2130,1,1,0.9337
2,policy,0,2130,2,2,0.8572
2,policy,0,2130,3,3,0.7859
2,policy,0,2130,4,4,0.7859
2,policy,0,2130,5,5,0.7859
2,policy,0,2130,6,6,0.7859
2,policy,0,2130,7,7,0.7859
2,policy,0,2130,8,8,0.7859
2,policy,0,5494,0,0,0.3052
2,policy,0,5494,1,0,0.3052
2,policy,0,5494,2,0,0.3052
2,policy,0,5494,3,1,0.3301
2,policy,0,5494,4,2,0.3301
2,policy,0,5494,5,3,0.3301
2,policy,0,5494,6,4,0.3301
2,policy,0,5494,7,4,0.3301
2,policy,0,5494,8,4,0.3301
2,policy,0,1586,0,0,0.4986
2,policy,0,1586,1,1,0.6118
2,policy,0,1586,2,2,0.5045
2,policy,0,1586,3,3,0.5045
2,policy,0,1586,4,4,0.4506
2,policy,0,1586,5,5,0.4506
2,policy,0,1586,6,6,0.4595
2,policy,0,1586,7,7,0.4595
2,policy,0,1586,8,8,0.4663
2,policy,0,650,0,0,0.8416
2,policy,0,650,1,1,0.9266
2,policy,0,650,2,2,0.9306
2,policy,0,650,3,3,1.0000
2,policy,0,650,4,4,1.0000
2,policy,0,650,5,5,1.0000
2,policy,0,650,6,6,1.0000
2,policy,0,650,7,7,1.0000
2,policy,0,650,8,8,0.9364
2,policy,0,2011,0,0,0.3689
2,policy,0,2011,1,1,0.6313
2,policy,0,2011,2,2,0.6570
2,policy,0,2011,3,3,0.5861
2,policy,0,2011,4,4,0.5861
2,policy,0,2011,5,5,0.5984
2,policy,0,2011,6,6,0.6620
2,policy,0,2011,7,7,0.5887
2,policy,0,2011,8,8,0.5599
2,policy,0,6007,0,0,0.2489
2,policy,0,6007,1,0,0.2489
2,policy,0,6007,2,0,0.2489
2,policy,0,6007,3,1,0.4085
2,policy,0,6007,4,2,0.3183
2,policy,0,6007,5,3,0.4085
2,policy,0,6007,6,4,0.4035
2,policy,0,6007,7,5,0.4035
2,policy,0,6007,8,6,0.4035
2,policy,0,5044,0,0,0.0000
2,policy,0,5044,1,1,0.0000
2,policy,0,5044,2,1,0.0000
2,policy,0,5044,3,2,0.0901
2,policy,0,5044,4,2,0.0901
2,policy,0,5044,5,2,0.0901
2,policy,0,5044,6,2,0.0901
2,policy,0,5044,7,2,0.0901
2,policy,0,5044,8,3,0.0979
2,policy,0,2227,0,0,0.2867
2,policy,0,2227,1,0,0.2867
2,policy,0,2227,2,1,0.5479
2,policy,0,2227,3,2,0.5518
2,policy,0,2227,4,3,0.4616
2,policy,0,2227,5,4,0.4260
2,policy,0,2227,6,5,0.4260
2,policy,0,2227,7,6,0.4896
2,policy,0,2227,8,7,0.5252
2,policy,0,2595,0,0,0.0000
2,policy,0,2595,1,0,0.0000
2,policy,0,2595,2,0,0.0000
2,policy,0,2595,3,1,0.0000
2,policy,0,2595,4,2,0.0734
2,policy,0,2595,5,2,0.0734
2,policy,0,2595,6,3,0.0636
2,policy,0,2595,7,4,0.0663
2,policy,0,2595,8,5,0.0663
2,policy,0,2426,0,0,0.1389
2,policy,0,2426,1,0,0.1389
2,policy,0,2426,2,1,0.1389
2,policy,0,2426,3,2,0.1331
2,policy,0,2426,4,3,0.1357
2,policy,0,2426,5,4,0.1331
2,policy,0,2426,6,5,0.1370
2,policy,0,2426,7,6,0.1396
2,policy,0,2426,8,7,0.1993
2,policy,0,3355,0,0,0.5887
2,policy,0,3355,1,1,0.7631
2,policy,0,3355,2,2,0.7084
2,policy,0,3355,3,3,0.7084
2,policy,0,3355,4,4,0.7084
2,policy,0,3355,5,5,0.6898
2,policy,0,3355,6,6,0.6898
2,policy,0,3355,7,7,0.6831
2,policy,0,3355,8,8,0.6805
2,policy,0,5088,0,0,0.0000
2,policy,0,5088,1,0,0.0000
2,policy,0,5088,2,0,0.0000
2,policy,0,5088,3,1,0.0000
2,policy,0,5088,4,1,0.0000
2,policy,0,5088,5,1,0.0000
2,policy,0,5088,6,2,0.0784
2,policy,0,5088,7,3,0.0636
2,policy,0,5088,8,3,0.0636
2,policy,0,4268,0,0,0.3031
2,policy,0,4268,1,1,0.3936
2,policy,0,4268,2,2,0.3273
2,policy,0,4268,3,3,0.3183
2,policy,0,4268,4,4,0.3183
2,policy,0,4268,5,5,0.2489
2,policy,0,4268,6,6,0.2489
2,policy,0,4268,7,7,0.2489
2,policy,0,4268,8,8,0.2337
2,policy,0,526,0,0,0.0948
2,policy,0,526,1,0,0.0948
2,policy,0,526,2,0,0.0948
2,policy,0,526,3,1,0.0000
2,policy,0,526,4,1,0.0000
2,policy,0,526,5,1,0.0000
2,policy,0,526,6,2,0.0000
2,policy,0,526,7,3,0.0000
2,policy,0,526,8,3,0.0000
2,policy,0,2291,0,0,0.0000
2,policy,0,2291,1,0,0.0000
2,policy,0,2291,2,0,0.0000
2,policy,0,2291,3,1,0.2622
2,policy,0,2291,4,2,0.2622
2,policy,0,2291,5,3,0.2622
2,policy,0,2291,6,4,0.2692
2,policy,0,2291,7,5,0.2692
2,policy,0,2291,8,5,0.2692
2,policy,0,5980,0,0,0.0000
2,policy,0,5980,1,1,0.1389
2,policy,0,5980,2,2,0.2083
2,policy,0,5980,3,3,0.2173
2,policy,0,5980,4,4,0.2809
2,policy,0,5980,5,5,0.2809
2,policy,0,5980,6,6,0.2809
2,policy,0,5980,7,7,0.2809
2,policy,0,5980,8,7,0.2809
2,policy,0,1692,0,0,0.3726
2,policy,0,1692,1,1,0.3503
2,policy,0,1692,2,2,0.3733
2,policy,0,1692,3,3,0.5115
2,policy,0,1692,4,4,0.5115
2,policy,0,1692,5,5,0.5115
2,policy,0,1692,6,6,0.5115
2,policy,0,1692,7,7,0.5115
2,policy,0,1692,8,8,0.3718
2,policy,0,4601,0,0,0.0000
2,policy,0,4601,1,1,0.0000
2,policy,0,4601,2,2,0.1389
2,policy,0,4601,3,3,0.1389
2,policy,0,4601,4,4,0.1389
2,policy,0,4601,5,4,0.1389
2,policy,0,4601,6,5,0.1389
2,policy,0,4601,7,6,0.1389
2,policy,0,4601,8,6,0.1389
2,policy,0,5264,0,0,0.3621
2,policy,0,5264,1,1,0.7008
2,policy,0,5264,2,2,0.5104
2,policy,0,5264,3,3,0.5984
2,policy,0,5264,4,4,0.5984
2,policy,0,5264,5,5,0.5907
2,policy,0,5264,6,6,0.6652
2,policy,0,5264,7,7,0.6570
2,policy,0,5264,8,8,0.7218
2,policy,0,1534,0,0,0.0000
2,policy,0,1534,1,1,0.0000
2,policy,0,1534,2,2,0.0000
2,policy,0,1534,3,3,0.0000
2,policy,0,1534,4,3,0.0000
2,policy,0,1534,5,3,0.0000
2,policy,0,1534,6,4,0.0000
2,policy,0,1534,7,5,0.0000
2,policy,0,1534,8,6,0.0000
2,policy,0,233,0,0,0.2048
2,policy,0,233,1,1,0.0784
2,policy,0,233,2,2,0.0663
2,policy,0,233,3,3,0.0663
2,policy,0,233,4,4,0.0663
2,policy,0,233,5,4,0.0663
2,policy,0,233,6,5,0.0694
2,policy,0,233,7,6,0.0694
2,policy,0,233,8,6,0.0694
2,policy,0,2988,0,0,0.1518
2,policy,0,2988,1,0,0.1518
2,policy,0,2988,2,0,0.1518
2,policy,0,2988,3,1,0.2083
2,policy,0,2988,4,2,0.2025
2,policy,0,2988,5,3,0.2083
2,policy,0,2988,6,4,0.2025
2,policy,0,2988,7,5,0.2025
2,policy,0,2988,8,6,0.3421
2,policy,0,5717,0,0,0.5143
2,policy,0,5717,1,1,0.5638
2,policy,0,5717,2,2,0.7059
2,policy,0,5717,3,3,0.7695
2,policy,0,5717,4,4,0.7792
2,policy,0,5717,5,5,0.7818
2,policy,0,5717,6,6,0.7846
2,policy,0,5717,7,7,0.7820
2,policy,0,5717,8,8,0.7820
2,policy,0,2730,0,0,0.4789
2,policy,0,2730,1,1,0.4944
2,policy,0,2730,2,2,0.4815
2,policy,0,2730,3,3,0.4545
2,policy,0,2730,4,4,0.4545
2,policy,0,2730,5,5,0.4315
2,policy,0,2730,6,6,0.4315
2,policy,0,2730,7,7,0.4265
2,policy,0,2730,8,8,0.4233
2,policy,0,5011,0,0,0.0000
2,policy,0,5011,1,0,0.0000
2,policy,0,5011,2,0,0.0000
2,policy,0,5011,3,0,0.0000
2,policy,0,5011,4,1,0.0000
2,policy,0,5011,5,1,0.0000
2,policy,0,5011,6,1,0.0000
2,policy,0,5011,7,2,0.0000
2,policy,0,5011,8,3,0.0000
2,policy,0,3894,0,0,0.0734
2,policy,0,3894,1,0,0.0734
2,policy,0,3894,2,0,0.0734
2,policy,0,3894,3,1,0.0000
2,policy,0,3894,4,2,0.0000
2,policy,0,3894,5,3,0.0734
2,policy,0,3894,6,4,0.0000
2,policy,0,3894,7,5,0.0000
2,policy,0,3894,8,5,0.0000
2,policy,0,4366,0,0,0.1488
2,policy,0,4366,1,1,0.0734
2,policy,0,4366,2,2,0.0000
2,policy,0,4366,3,3,0.0000
2,policy,0,4366,4,4,0.0000
2,policy,0,4366,5,4,0.0000
2,policy,0,4366,6,5,0.0000
2,policy,0,4366,7,6,0.0000
2,policy,0,4366,8,7,0.0000
2,policy,0,1636,0,0,0.0734
2,policy,0,1636,1,1,0.0784
2,policy,0,1636,2,2,0.0851
2,policy,0,1636,3,3,0.0948
2,policy,0,1636,4,4,0.0948
2,policy,0,1636,5,5,0.0948
2,policy,0,1636,6,6,0.1100
2,policy,0,1636,7,7,0.1100
2,policy,0,1636,8,8,0.1389
2,policy,0,5047,0,0,0.0000
2,policy,0,5047,1,1,0.1357
2,policy,0,5047,2,2,0.0000
2,policy,0,5047,3,3,0.0000
2,policy,0,5047,4,4,0.0000
2,policy,0,5047,5,5,0.0000
2,policy,0,5047,6,6,0.0000
2,policy,0,5047,7,7,0.0000
2,policy,0,5047,8,8,0.0000
2,policy,0,1527,0,0,0.6489
2,policy,0,1527,1,1,0.6083
2,policy,0,1527,2,2,0.4374
2,policy,0,1527,3,3,0.5010
2,policy,0,1527,4,4,0.5010
2,policy,0,1527,5,5,0.5010
2,policy,0,1527,6,6,0.4722
2,policy,0,1527,7,7,0.4722
2,policy,0,1527,8,8,0.4698
2,policy,0,5390,0,0,0.0000
2,policy,0,5390,1,0,0.0000
2,policy,0,5390,2,0,0.0000
2,policy,0,5390,3,1,0.0000
2,policy,0,5390,4,1,0.0000
2,policy,0,5390,5,2,0.0000
2,policy,0,5390,6,3,0.0000
2,policy,0,5390,7,4,0.0000
2,policy,0,5390,8,4,0.0000
2,policy,0,1111,0,0,0.9364
2,policy,0,1111,1,1,0.8553
2,policy,0,1111,2,2,1.0000
2,policy,0,1111,3,3,0.9337
2,policy,0,1111,4,4,0.9306
2,policy,0,1111,5,5,0.9306
2,policy,0,1111,6,6,0.9306
2,policy,0,1111,7,7,0.9306
2,policy,0,1111,8,8,0.9306
2,policy,0,3741,0,0,0.3854
2,policy,0,3741,1,1,0.7152
2,policy,0,3741,2,2,0.5389
2,policy,0,3741,3,3,0.5271
2,policy,0,3741,4,4,0.5271
2,policy,0,3741,5,5,0.5271
2,policy,0,3741,6,6,0.5321
2,policy,0,3741,7,7,0.5271
2,policy,0,3741,8,8,0.5232
2,policy,0,2778,0,0,0.0000
2,policy,0,2778,1,1,0.1299
2,policy,0,2778,2,2,0.2466
2,policy,0,2778,3,3,0.2521
2,policy,0,2778,4,4,0.3878
2,policy,0,2778,5,5,0.3215
2,policy,0,2778,6,6,0.3975
2,policy,0,2778,7,7,0.3183
2,policy,0,2778,8,7,0.3183
2,policy,0,483,0,0,0.0734
2,policy,0,483,1,0,0.0734
2,policy,0,483,2,1,0.2935
2,policy,0,483,3,2,0.2895
2,policy,0,483,4,3,0.2122
2,policy,0,483,5,4,0.1834
2,policy,0,483,6,4,0.1834
2,policy,0,483,7,5,0.1834
2,policy,0,483,8,6,0.2935
2,policy,0,706,0,0,0.1518
2,policy,0,706,1,0,0.1518
2,policy,0,706,2,0,0.1518
2,policy,0,706,3,1,0.1389
2,policy,0,706,4,2,0.2201
2,policy,0,706,5,3,0.1389
2,policy,0,706,6,4,0.1389
2,policy,0,706,7,5,0.1389
2,policy,0,706,8,6,0.2025
2,policy,0,1938,0,0,0.2867
2,policy,0,1938,1,1,0.4885
2,policy,0,1938,2,2,0.4983
2,policy,0,1938,3,3,0.6033
2,policy,0,1938,4,4,0.6064
2,policy,0,1938,5,5,0.5927
2,policy,0,1938,6,6,0.5927
2,policy,0,1938,7,7,0.5927
2,policy,0,1938,8,8,0.5115
2,policy,0,2064,0,0,0.6547
2,policy,0,2064,1,0,0.6547
2,policy,0,2064,2,0,0.6547
2,policy,0,2064,3,1,0.2489
2,policy,0,2064,4,2,0.3964
2,policy,0,2064,5,2,0.3964
2,policy,0,2064,6,3,0.3183
2,policy,0,2064,7,4,0.3223
2,policy,0,2064,8,5,0.3223
2,policy,0,5812,0,0,0.0636
2,policy,0,5812,1,1,0.3341
2,policy,0,5812,2,2,0.3470
2,policy,0,5812,3,3,0.3282
2,policy,0,5812,4,4,0.3322
2,policy,0,5812,5,5,0.3372
2,policy,0,5812,6,6,0.3398
2,policy,0,5812,7,7,0.3372
2,policy,0,5812,8,8,0.2686
2,policy,0,5552,0,0,0.4932
2,policy,0,5552,1,1,0.3854
2,policy,0,5552,2,2,0.4697
2,policy,0,5552,3,3,0.4545
2,policy,0,5552,4,4,0.5181
2,policy,0,5552,5,5,0.5278
2,policy,0,5552,6,6,0.5211
2,policy,0,5552,7,7,0.5211
2,policy,0,5552,8,8,0.5677
2,policy,0,2389,0,0,0.0000
2,policy,0,2389,1,0,0.0000
2,policy,0,2389,2,1,0.0000
2,policy,0,2389,3,2,0.0000
2,policy,0,2389,4,3,0.0000
2,policy,0,2389,5,4,0.0000
2,policy,0,2389,6,4,0.0000
2,policy,0,2389,7,5,0.0000
2,policy,0,2389,8,6,0.0000
2,policy,0,704,0,0,0.2837
2,policy,0,704,1,1,0.1370
2,policy,0,704,2,2,0.0784
2,policy,0,704,3,3,0.0784
2,policy,0,704,4,4,0.0784
2,policy,0,704,5,5,0.1420
2,policy,0,704,6,6,0.1447
2,policy,0,704,7,7,0.1478
2,policy,0,704,8,8,0.1518
2,policy,0,110,0,0,0.1488
2,policy,0,110,1,0,0.1488
2,policy,0,110,2,0,0.1488
2,policy,0,110,3,1,0.0948
2,policy,0,110,4,2,0.0948
2,policy,0,110,5,3,0.0851
2,policy,0,110,6,4,0.0851
2,policy,0,110,7,5,0.0851
2,policy,0,110,8,5,0.0851
2,policy,0,113,0,0,0.2201
2,policy,0,113,1,0,0.2201
2,policy,0,113,2,0,0.2201
2,policy,0,113,3,1,0.2201
2,policy,0,113,4,2,0.2201
2,policy,0,113,5,3,0.2201
2,policy,0,113,6,3,0.2201
2,policy,0,113,7,3,0.2201
2,policy,0,113,8,4,0.2201
2,policy,0,2754,0,0,0.1389
2,policy,0,2754,1,0,0.1389
2,policy,0,2754,2,0,0.1389
2,policy,0,2754,3,0,0.1389
2,policy,0,2754,4,1,0.1389
2,policy,0,2754,5,1,0.1389
2,policy,0,2754,6,1,0.1389
2,policy,0,2754,7,1,0.1389
2,policy,0,2754,8,1,0.1389
2,policy,0,1153,0,0,0.0000
2,policy,0,1153,1,1,0.0000
2,policy,0,1153,2,1,0.0000
2,policy,0,1153,3,2,0.0000
2,policy,0,1153,4,2,0.0000
2,policy,0,1153,5,2,0.0000
2,policy,0,1153,6,3,0.0000
2,policy,0,1153,7,4,0.0000
2,policy,0,1153,8,5,0.0000
2,policy,0,1196,0,0,0.0000
2,policy,0,1196,1,1,0.0000
2,policy,0,1196,2,1,0.0000
2,policy,0,1196,3,2,0.2224
2,policy,0,1196,4,2,0.2224
2,policy,0,1196,5,2,0.2224
2,policy,0,1196,6,3,0.1850
2,policy,0,1196,7,4,0.1850
2,policy,0,1196,8,5,0.1754
2,policy,0,5229,0,0,0.2533
2,policy,0,5229,1,0,0.2533
2,policy,0,5229,2,1,0.0948
2,policy,0,5229,3,2,0.1682
2,policy,0,5229,4,3,0.2426
2,policy,0,5229,5,4,0.2533
2,policy,0,5229,6,5,0.2533
2,policy,0,5229,7,6,0.3062
2,policy,0,5229,8,7,0.2980
2,policy,0,5984,0,0,0.1635
2,policy,0,5984,1,0,0.1635
2,policy,0,5984,2,0,0.1635
2,policy,0,5984,3,1,0.2051
2,policy,0,5984,4,2,0.2173
2,policy,0,5984,5,3,0.2122
2,policy,0,5984,6,4,0.2122
2,policy,0,5984,7,4,0.2122
2,policy,0,5984,8,4,0.2122
2,policy,0,1282,0,0,0.0000
2,policy,0,1282,1,0,0.0000
2,policy,0,1282,2,0,0.0000
2,policy,0,1282,3,1,0.0636
2,policy,0,1282,4,2,0.0784
2,policy,0,1282,5,2,0.0784
2,policy,0,1282,6,3,0.0663
2,policy,0,1282,7,4,0.0694
2,policy,0,1282,8,5,0.0694
2,policy,0,3945,0,0,0.7799
2,policy,0,3945,1,1,0.5997
2,policy,0,3945,2,2,0.6118
2,policy,0,3945,3,3,0.5482
2,policy,0,3945,4,4,0.5455
2,policy,0,3945,5,5,0.5482
2,policy,0,3945,6,6,0.5455
2,policy,0,3945,7,7,0.5455
2,policy,0,3945,8,8,0.5743
2,policy,0,3853,0,0,0.0784
2,policy,0,3853,1,1,0.0000
2,policy,0,3853,2,2,0.1100
2,policy,0,3853,3,3,0.0948
2,policy,0,3853,4,4,0.0784
2,policy,0,3853,5,5,0.0784
2,policy,0,3853,6,6,0.1635
2,policy,0,3853,7,7,0.1635
2,policy,0,3853,8,7,0.1635
2,policy,0,3762,0,0,0.5010
2,policy,0,3762,1,0,0.5010
2,policy,0,3762,2,1,0.6168
2,policy,0,3762,3,2,0.7084
2,policy,0,3762,4,3,0.6937
2,policy,0,3762,5,4,0.6937
2,policy,0,3762,6,5,0.7058
2,policy,0,3762,7,6,0.7058
2,policy,0,3762,8,7,0.7058
2,policy,0,2173,0,0,0.1732
2,policy,0,2173,1,1,0.5619
2,policy,0,2173,2,2,0.4986
2,policy,0,2173,3,3,0.4537
2,policy,0,2173,4,4,0.5353
2,policy,0,2173,5,5,0.5384
2,policy,0,2173,6,6,0.5424
2,policy,0,2173,7,7,0.5424
2,policy,0,2173,8,8,0.5474
2,policy,0,5749,0,0,0.0636
2,policy,0,5749,1,1,0.0663
2,policy,0,5749,2,2,0.0851
2,policy,0,5749,3,3,0.1584
2,policy,0,5749,4,4,0.1642
2,policy,0,5749,5,5,0.1584
2,policy,0,5749,6,6,0.2247
2,policy,0,5749,7,7,0.1584
2,policy,0,5749,8,8,0.0948
2,policy,0,3083,0,0,0.0000
2,policy,0,3083,1,0,0.0000
2,policy,0,3083,2,0,0.0000
2,policy,0,3083,3,1,0.0734
2,policy,0,3083,4,2,0.0784
2,policy,0,3083,5,2,0.0784
2,policy,0,3083,6,3,0.0784
2,policy,0,3083,7,4,0.0784
2,policy,0,3083,8,4,0.0784
2,policy,0,563,0,0,0.1732
2,policy,0,563,1,1,0.0694
2,policy,0,563,2,2,0.0000
2,policy,0,563,3,3,0.0694
2,policy,0,563,4,4,0.1357
2,policy,0,563,5,4,0.1357
2,policy,0,563,6,5,0.1331
2,policy,0,563,7,5,0.1331
2,policy,0,563,8,5,0.1331
2,policy,0,2791,0,0,0.3445
2,policy,0,2791,1,1,0.2048
2,policy,0,2791,2,2,0.2618
2,policy,0,2791,3,3,0.2369
2,policy,0,2791,4,4,0.2369
2,policy,0,2791,5,5,0.2369
2,policy,0,2791,6,6,0.2369
2,policy,0,2791,7,7,0.2369
2,policy,0,2791,8,8,0.3005
2,policy,0,1840,0,0,0.5017
2,policy,0,1840,1,1,0.0784
2,policy,0,1840,2,2,0.1585
2,policy,0,1840,3,3,0.1682
2,policy,0,1840,4,4,0.1682
2,policy,0,1840,5,5,0.1682
2,policy,0,1840,6,6,0.1834
2,policy,0,1840,7,7,0.1834
2,policy,0,1840,8,8,0.2122
2,policy,0,3750,0,0,0.5342
2,policy,0,3750,1,1,0.4164
2,policy,0,3750,2,2,0.4328
2,policy,0,3750,3,3,0.4518
2,policy,0,3750,4,4,0.4477
2,policy,0,3750,5,5,0.4477
2,policy,0,3750,6,6,0.3764
2,policy,0,3750,7,7,0.3764
2,policy,0,3750,8,8,0.3764
2,policy,0,1204,0,0,0.0000
2,policy,0,1204,1,0,0.0000
2,policy,0,1204,2,0,0.0000
2,policy,0,1204,3,1,0.0636
2,policy,0,1204,4,1,0.0636
2,policy,0,1204,5,2,0.0734
2,policy,0,1204,6,3,0.0663
2,policy,0,1204,7,3,0.0663
2,policy,0,1204,8,4,0.0663
2,policy,0,51,0,0,0.2895
2,policy,0,51,1,0,0.2895
2,policy,0,51,2,0,0.2895
2,policy,0,51,3,1,0.0000
2,policy,0,51,4,2,0.0000
2,policy,0,51,5,3,0.0000
2,policy,0,51,6,4,0.0000
2,policy,0,51,7,5,0.0000
2,policy,0,51,8,6,0.0000
2,policy,0,3728,0,0,0.9052
2,policy,0,3728,1,1,0.6683
2,policy,0,3728,2,2,0.7722
2,policy,0,3728,3,3,0.8166
2,policy,0,3728,4,4,0.8166
2,policy,0,3728,5,5,0.8205
2,policy,0,3728,6,6,0.7917
2,policy,0,3728,7,7,0.7917
2,policy,0,3728,8,8,0.7105
2,policy,0,1159,0,0,0.1732
2,policy,0,1159,1,0,0.1732
2,policy,0,1159,2,1,0.0734
2,policy,0,1159,3,2,0.0000
2,policy,0,1159,4,3,0.0000
2,policy,0,1159,5,4,0.0636
2,policy,0,1159,6,4,0.0636
2,policy,0,1159,7,5,0.0000
2,policy,0,1159,8,6,0.0636
2,policy,0,492,0,0,0.3792
2,policy,0,492,1,0,0.3792
2,policy,0,492,2,1,0.2122
2,policy,0,492,3,2,0.4883
2,policy,0,492,4,3,0.4915
2,policy,0,492,5,4,0.5455
2,policy,0,492,6,5,0.5423
2,policy,0,492,7,6,0.4787
2,policy,0,492,8,7,0.4819
2,policy,0,5657,0,0,0.2337
2,policy,0,5657,1,1,0.2489
2,policy,0,5657,2,2,0.2489
2,policy,0,5657,3,3,0.2489
2,policy,0,5657,4,4,0.2240
2,policy,0,5657,5,5,0.2240
2,policy,0,5657,6,6,0.2173
2,policy,0,5657,7,7,0.2173
2,policy,0,5657,8,8,0.2173
2,policy,0,4907,0,0,0.0851
2,policy,0,4907,1,1,0.3070
2,policy,0,4907,2,2,0.1799
2,policy,0,4907,3,3,0.2305
2,policy,0,4907,4,4,0.2305
2,policy,0,4907,5,4,0.2305
2,policy,0,4907,6,5,0.2305
2,policy,0,4907,7,6,0.1642
2,policy,0,4907,8,7,0.1642
2,policy,0,2276,0,0,0.0795
2,policy,0,2276,1,0,0.0795
2,policy,0,2276,2,0,0.0795
2,policy,0,2276,3,1,0.0000
2,policy,0,2276,4,2,0.0000
2,policy,0,2276,5,2,0.0000
2,policy,0,2276,6,2,0.0000
2,policy,0,2276,7,2,0.0000
2,policy,0,2276,8,2,0.0000
2,policy,0,4534,0,0,0.2743
2,policy,0,4534,1,1,0.3529
2,policy,0,4534,2,2,0.5368
2,policy,0,4534,3,3,0.5368
2,policy,0,4534,4,4,0.5368
2,policy,0,4534,5,5,0.5400
2,policy,0,4534,6,6,0.5400
2,policy,0,4534,7,7,0.5368
2,policy,0,4534,8,8,0.5368
2,policy,0,2798,0,0,0.0731
2,policy,0,2798,1,0,0.0731
2,policy,0,2798,2,0,0.0731
2,policy,0,2798,3,1,0.0000
2,policy,0,2798,4,2,0.0000
2,policy,0,2798,5,2,0.0000
2,policy,0,2798,6,3,0.0000
2,policy,0,2798,7,4,0.0000
2,policy,0,2798,8,5,0.0000
2,policy,0,276,0,0,0.1632
2,policy,0,276,1,0,0.1632
2,policy,0,276,2,1,0.3528
2,policy,0,276,3,2,0.2906
2,policy,0,276,4,3,0.2723
2,policy,0,276,5,4,0.2834
2,policy,0,276,6,4,0.2834
2,policy,0,276,7,5,0.2723
2,policy,0,276,8,6,0.2927
2,policy,0,546,0,0,0.2785
2,policy,0,546,1,1,0.5631
2,policy,0,546,2,2,0.5420
2,policy,0,546,3,3,0.5452
2,policy,0,546,4,4,0.5452
2,policy,0,546,5,5,0.5452
2,policy,0,546,6,6,0.5811
2,policy,0,546,7,7,0.5225
2,policy,0,546,8,8,0.5225
2,policy,0,2506,0,0,0.8482
2,policy,0,2506,1,1,0.9149
2,policy,0,2506,2,2,1.0000
2,policy,0,2506,3,3,1.0000
2,policy,0,2506,4,4,0.9337
2,policy,0,2506,5,5,0.9337
2,policy,0,2506,6,6,0.9306
2,policy,0,2506,7,7,0.9216
2,policy,0,2506,8,8,0.9337
2,policy,0,4837,0,0,0.0000
2,policy,0,4837,1,0,0.0000
2,policy,0,4837,2,0,0.0000
2,policy,0,4837,3,1,0.0000
2,policy,0,4837,4,1,0.0000
2,policy,0,4837,5,2,0.1389
2,policy,0,4837,6,3,0.1389
2,policy,0,4837,7,4,0.1389
2,policy,0,4837,8,5,0.1389
2,policy,0,57,0,0,0.8572
2,policy,0,57,1,1,0.7917
2,policy,0,57,2,2,0.8390
2,policy,0,57,3,3,0.8572
2,policy,0,57,4,4,0.8604
2,policy,0,57,5,5,0.9216
2,policy,0,57,6,6,0.7975
2,policy,0,57,7,7,0.8611
2,policy,0,57,8,8,0.7975
2,policy,0,5569,0,0,0.4452
2,policy,0,5569,1,1,0.6902
2,policy,0,5569,2,2,0.7917
2,policy,0,5569,3,3,0.8358
2,policy,0,5569,4,4,0.8454
2,policy,0,5569,5,5,0.8522
2,policy,0,5569,6,6,0.8572
2,policy,0,5569,7,7,0.8522
2,policy,0,5569,8,8,0.8482
2,policy,0,5534,0,0,0.5455
2,policy,0,5534,1,1,0.2848
2,policy,0,5534,2,2,0.2992
2,policy,0,5534,3,3,0.3241
2,policy,0,5534,4,4,0.3241
2,policy,0,5534,5,5,0.3693
2,policy,0,5534,6,6,0.3693
2,policy,0,5534,7,7,0.3783
2,policy,0,5534,8,8,0.4663
2,policy,0,1178,0,0,0.4737
2,policy,0,1178,1,1,0.5619
2,policy,0,1178,2,2,0.5580
2,policy,0,1178,3,3,0.5357
2,policy,0,1178,4,4,0.5428
2,policy,0,1178,5,5,0.4669
2,policy,0,1178,6,6,0.5811
2,policy,0,1178,7,7,0.5861
2,policy,0,1178,8,8,0.5861
2,policy,0,5489,0,0,0.3922
2,policy,0,5489,1,0,0.3922
2,policy,0,5489,2,1,0.3469
2,policy,0,5489,3,2,0.2832
2,policy,0,5489,4,3,0.3430
2,policy,0,5489,5,4,0.3527
2,policy,0,5489,6,5,0.3495
2,policy,0,5489,7,6,0.3527
2,policy,0,5489,8,7,0.3527
2,policy,0,2121,0,0,0.7695
2,policy,0,2121,1,1,0.6524
2,policy,0,2121,2,2,0.7728
2,policy,0,2121,3,3,0.7721
2,policy,0,2121,4,4,0.7702
2,policy,0,2121,5,5,0.7752
2,policy,0,2121,6,6,0.7721
2,policy,0,2121,7,7,0.7721
2,policy,0,2121,8,8,0.7779
2,policy,0,2735,0,0,0.2436
2,policy,0,2735,1,1,0.1585
2,policy,0,2735,2,2,0.1884
2,policy,0,2735,3,3,0.2173
2,policy,0,2735,4,4,0.2122
2,policy,0,2735,5,5,0.2122
2,policy,0,2735,6,6,0.2122
2,policy,0,2735,7,7,0.2122
2,policy,0,2735,8,8,0.2083
2,policy,0,4309,0,0,0.7606
2,policy,0,4309,1,1,0.6033
2,policy,0,4309,2,2,0.4139
2,policy,0,4309,3,3,0.4459
2,policy,0,4309,4,4,0.3822
2,policy,0,4309,5,5,0.3975
2,policy,0,4309,6,6,0.3975
2,policy,0,4309,7,7,0.3975
2,policy,0,4309,8,8,0.4459
2,policy,0,1046,0,0,0.2900
2,policy,0,1046,1,0,0.2900
2,policy,0,1046,2,1,0.5068
2,policy,0,1046,3,2,0.4986
2,policy,0,1046,4,3,0.5068
2,policy,0,1046,5,4,0.5068
2,policy,0,1046,6,5,0.5107
2,policy,0,1046,7,6,0.5107
2,policy,0,1046,8,7,0.5107
2,policy,0,5913,0,0,0.0000
2,policy,0,5913,1,1,0.0000
2,policy,0,5913,2,2,0.0000
2,policy,0,5913,3,3,0.0000
2,policy,0,5913,4,4,0.0000
2,policy,0,5913,5,5,0.0000
2,policy,0,5913,6,6,0.0000
2,policy,0,5913,7,7,0.0000
2,policy,0,5913,8,7,0.0000
2,policy,0,1208,0,0,0.3437
2,policy,0,1208,1,1,0.4690
2,policy,0,1208,2,2,0.5384
2,policy,0,1208,3,3,0.5200
2,policy,0,1208,4,4,0.5232
2,policy,0,1208,5,5,0.5232
2,policy,0,1208,6,6,0.5232
2,policy,0,1208,7,7,0.5232
2,policy,0,1208,8,8,0.4912
2,policy,0,1158,0,0,0.2201
2,policy,0,1158,1,0,0.2201
2,policy,0,1158,2,1,0.2489
2,policy,0,1158,3,2,0.2489
2,policy,0,1158,4,3,0.2173
2,policy,0,1158,5,4,0.2985
2,policy,0,1158,6,5,0.2985
2,policy,0,1158,7,6,0.2985
2,policy,0,1158,8,7,0.2985
2,policy,0,2478,0,0,0.0851
2,policy,0,2478,1,0,0.0851
2,policy,0,2478,2,1,0.0000
2,policy,0,2478,3,1,0.0000
2,policy,0,2478,4,2,0.0000
2,policy,0,2478,5,3,0.0000
2,policy,0,2478,6,4,0.0000
2,policy,0,2478,7,5,0.0000
2,policy,0,2478,8,6,0.0000
2,policy,0,4243,0,0,0.0000
2,policy,0,4243,1,1,0.0000
2,policy,0,4243,2,1,0.0000
2,policy,0,4243,3,2,0.0000
2,policy,0,4243,4,2,0.0000
2,policy,0,4243,5,2,0.0000
2,policy,0,4243,6,2,0.0000
2,policy,0,4243,7,2,0.0000
2,policy,0,4243,8,3,0.0000
2,policy,0,1346,0,0,0.2201
2,policy,0,1346,1,1,0.2985
2,policy,0,1346,2,2,0.4479
2,policy,0,1346,3,3,0.4506
2,policy,0,1346,4,4,0.1884
2,policy,0,1346,5,5,0.2173
2,policy,0,1346,6,6,0.1585
2,policy,0,1346,7,7,0.1585
2,policy,0,1346,8,8,0.1635
2,policy,0,4315,0,0,0.3786
2,policy,0,4315,1,0,0.3786
2,policy,0,4315,2,0,0.3786
2,policy,0,4315,3,1,0.2240
2,policy,0,4315,4,2,0.2985
2,policy,0,4315,5,3,0.2240
2,policy,0,4315,6,4,0.2240
2,policy,0,4315,7,5,0.2240
2,policy,0,4315,8,6,0.2240
2,policy,0,3424,0,0,0.9364
2,policy,0,3424,1,1,0.7421
2,policy,0,3424,2,2,0.7859
2,policy,0,3424,3,3,0.8553
2,policy,0,3424,4,4,0.8512
2,policy,0,3424,5,5,0.8390
2,policy,0,3424,6,6,0.8365
2,policy,0,3424,7,7,0.7574
2,policy,0,3424,8,7,0.7574
2,policy,0,1617,0,0,0.2064
2,policy,0,1617,1,1,0.5869
2,policy,0,1617,2,2,0.1514
2,policy,0,1617,3,3,0.1610
2,policy,0,1617,4,4,0.1682
2,policy,0,1617,5,4,0.1682
2,policy,0,1617,6,5,0.1642
2,policy,0,1617,7,6,0.2394
2,policy,0,1617,8,6,0.2394
2,policy,0,3664,0,0,0.1585
2,policy,0,3664,1,1,0.6333
2,policy,0,3664,2,2,0.6422
2,policy,0,3664,3,3,0.6236
2,policy,0,3664,4,4,0.6275
2,policy,0,3664,5,5,0.6372
2,policy,0,3664,6,6,0.6372
2,policy,0,3664,7,7,0.6275
2,policy,0,3664,8,8,0.6083
2,policy,0,2743,0,0,0.0000
2,policy,0,2743,1,1,0.0000
2,policy,0,2743,2,2,0.0916
2,policy,0,2743,3,3,0.0916
2,policy,0,2743,4,4,0.0916
2,policy,0,2743,5,4,0.0916
2,policy,0,2743,6,5,0.0916
2,policy,0,2743,7,6,0.0916
2,policy,0,2743,8,7,0.0916
2,policy,0,3260,0,0,0.6988
2,policy,0,3260,1,1,0.7820
2,policy,0,3260,2,2,0.9149
2,policy,0,3260,3,3,0.9052
2,policy,0,3260,4,4,0.8900
2,policy,0,3260,5,5,0.8900
2,policy,0,3260,6,6,0.8263
2,policy,0,3260,7,7,0.8263
2,policy,0,3260,8,8,0.8237
2,policy,0,1937,0,0,0.4221
2,policy,0,1937,1,0,0.4221
2,policy,0,1937,2,1,0.6300
2,policy,0,1937,3,2,0.6372
2,policy,0,1937,4,3,0.6204
2,policy,0,1937,5,4,0.6372
2,policy,0,1937,6,5,0.6422
2,policy,0,1937,7,6,0.6422
2,policy,0,1937,8,7,0.6422
2,policy,0,2799,0,0,0.2368
2,policy,0,2799,1,0,0.2368
2,policy,0,2799,2,1,0.0734
2,policy,0,2799,3,2,0.0636
2,policy,0,2799,4,3,0.0636
2,policy,0,2799,5,4,0.0663
2,policy,0,2799,6,5,0.0000
2,policy,0,2799,7,6,0.0000
2,policy,0,2799,8,7,0.0000
2,policy,0,4440,0,0,0.1208
2,policy,0,4440,1,0,0.1208
2,policy,0,4440,2,0,0.1208
2,policy,0,4440,3,1,0.0000
2,policy,0,4440,4,2,0.1021
2,policy,0,4440,5,2,0.1021
2,policy,0,4440,6,3,0.1070
2,policy,0,4440,7,4,0.1131
2,policy,0,4440,8,5,0.1070
2,policy,0,700,0,0,0.1514
2,policy,0,700,1,1,0.0948
2,policy,0,700,2,2,0.3689
2,policy,0,700,3,3,0.0000
2,policy,0,700,4,4,0.0000
2,policy,0,700,5,5,0.0000
2,policy,0,700,6,6,0.0000
2,policy,0,700,7,7,0.0000
2,policy,0,700,8,8,0.0000
2,policy,0,3,0,0,0.1265
2,policy,0,3,1,0,0.1265
2,policy,0,3,2,0,0.1265
2,policy,0,3,3,1,0.1089
2,policy,0,3,4,2,0.1089
2,policy,0,3,5,3,0.1089
2,policy,0,3,6,4,0.1089
2,policy,0,3,7,5,0.1089
2,policy,0,3,8,5,0.1089
2,policy,0,1306,0,0,0.2201
2,policy,0,1306,1,0,0.2201
2,policy,0,1306,2,0,0.2201
2,policy,0,1306,3,1,0.1952
2,policy,0,1306,4,2,0.1952
2,policy,0,1306,5,3,0.2240
2,policy,0,1306,6,4,0.2240
2,policy,0,1306,7,5,0.2240
2,policy,0,1306,8,6,0.2240
2,policy,0,2538,0,0,0.0734
2,policy,0,2538,1,0,0.0734
2,policy,0,2538,2,0,0.0734
2,policy,0,2538,3,1,0.3811
2,policy,0,2538,4,2,0.2835
2,policy,0,2538,5,2,0.2835
2,policy,0,2538,6,3,0.2903
2,policy,0,2538,7,4,0.2785
2,policy,0,2538,8,5,0.2745
2,policy,0,1167,0,0,0.0851
2,policy,0,1167,1,0,0.0851
2,policy,0,1167,2,1,0.1100
2,policy,0,1167,3,2,0.1799
2,policy,0,1167,4,3,0.1732
2,policy,0,1167,5,4,0.1795
2,policy,0,1167,6,5,0.1763
2,policy,0,1167,7,6,0.1737
2,policy,0,1167,8,7,0.1100
2,policy,0,4801,0,0,1.0000
2,policy,0,4801,1,1,0.7792
2,policy,0,4801,2,2,0.9149
2,policy,0,4801,3,3,0.8900
2,policy,0,4801,4,4,0.8900
2,policy,0,4801,5,5,0.8900
2,policy,0,4801,6,6,0.8237
2,policy,0,4801,7,7,0.8237
2,policy,0,4801,8,8,0.9306
2,policy,0,5191,0,0,0.1063
2,policy,0,5191,1,0,0.1063
2,policy,0,5191,2,0,0.1063
2,policy,0,5191,3,1,0.0000
2,policy,0,5191,4,2,0.0000
2,policy,0,5191,5,3,0.0000
2,policy,0,5191,6,3,0.0000
2,policy,0,5191,7,3,0.0000
2,policy,0,5191,8,3,0.0000
2,policy,0,3065,0,0,0.0851
2,policy,0,3065,1,1,0.1610
2,policy,0,3065,2,2,0.1518
2,policy,0,3065,3,3,0.1518
2,policy,0,3065,4,4,0.1518
2,policy,0,3065,5,4,0.1518
2,policy,0,3065,6,5,0.2154
2,policy,0,3065,7,6,0.2180
2,policy,0,3065,8,7,0.2180
2,policy,0,5800,0,0,0.8900
2,policy,0,5800,1,1,0.7601
2,policy,0,5800,2,2,0.6809
2,policy,0,5800,3,3,0.7058
2,policy,0,5800,4,4,0.7058
2,policy,0,5800,5,5,0.7058
2,policy,0,5800,6,6,0.7084
2,policy,0,5800,7,7,0.7084
2,policy,0,5800,8,8,0.7116
2,policy,0,2124,0,0,0.2201
2,policy,0,2124,1,1,0.2980
2,policy,0,2124,2,2,0.1357
2,policy,0,2124,3,3,0.1357
2,policy,0,2124,4,4,0.1357
2,policy,0,2124,5,5,0.1331
2,policy,0,2124,6,6,0.1370
2,policy,0,2124,7,7,0.1396
2,policy,0,2124,8,8,0.1396
2,policy,0,1899,0,0,0.0000
2,policy,0,1899,1,0,0.0000
2,policy,0,1899,2,0,0.0000
2,policy,0,1899,3,1,0.0000
2,policy,0,1899,4,2,0.0000
2,policy,0,1899,5,3,0.0000
2,policy,0,1899,6,4,0.0000
2,policy,0,1899,7,4,0.0000
2,policy,0,1899,8,4,0.0000
2,policy,0,1489,0,0,0.3757
2,policy,0,1489,1,1,0.6840
2,policy,0,1489,2,2,0.7721
2,policy,0,1489,3,3,0.6785
2,policy,0,1489,4,4,0.6785
2,policy,0,1489,5,5,0.6902
2,policy,0,1489,6,6,0.6902
2,policy,0,1489,7,7,0.6870
2,policy,0,1489,8,8,0.6746
2,policy,0,6028,0,0,0.0734
2,policy,0,6028,1,0,0.0734
2,policy,0,6028,2,0,0.0734
2,policy,0,6028,3,1,0.0000
2,policy,0,6028,4,2,0.0000
2,policy,0,6028,5,3,0.0000
2,policy,0,6028,6,4,0.0000
2,policy,0,6028,7,4,0.0000
2,policy,0,6028,8,4,0.0000
2,policy,0,156,0,0,0.7314
2,policy,0,156,1,1,0.6678
2,policy,0,156,2,2,0.8201
2,policy,0,156,3,3,0.8201
2,policy,0,156,4,4,0.8201
2,policy,0,156,5,5,0.8166
2,policy,0,156,6,6,0.8166
2,policy,0,156,7,7,0.8166
2,policy,0,156,8,8,0.8205
2,policy,0,1682,0,0,0.3301
2,policy,0,1682,1,1,0.2895
2,policy,0,1682,2,2,0.2201
2,policy,0,1682,3,3,0.2201
2,policy,0,1682,4,4,0.2201
2,policy,0,1682,5,5,0.2201
2,policy,0,1682,6,6,0.2201
2,policy,0,1682,7,7,0.2201
2,policy,0,1682,8,7,0.2201
2,policy,0,4936,0,0,0.4480
2,policy,0,4936,1,0,0.4480
2,policy,0,4936,2,0,0.4480
2,policy,0,4936,3,1,0.4690
2,policy,0,4936,4,2,0.4690
2,policy,0,4936,5,3,0.6083
2,policy,0,4936,6,4,0.5868
2,policy,0,4936,7,5,0.5868
2,policy,0,4936,8,6,0.4690
2,policy,0,5318,0,0,0.4690
2,policy,0,5318,1,1,0.7156
2,policy,0,5318,2,2,0.5965
2,policy,0,5318,3,3,0.5107
2,policy,0,5318,4,4,0.5107
2,policy,0,5318,5,5,0.5811
2,policy,0,5318,6,6,0.5861
2,policy,0,5318,7,7,0.5175
2,policy,0,5318,8,8,0.5232
2,policy,0,3352,0,0,0.8580
2,policy,0,3352,1,1,0.8630
2,policy,0,3352,2,2,0.8390
2,policy,0,3352,3,3,0.8390
2,policy,0,3352,4,4,0.8390
2,policy,0,3352,5,5,0.8416
2,policy,0,3352,6,6,0.8416
2,policy,0,3352,7,7,0.8390
2,policy,0,3352,8,8,0.8358
2,policy,0,757,0,0,0.1299
2,policy,0,757,1,0,0.1299
2,policy,0,757,2,0,0.1299
2,policy,0,757,3,1,0.0000
2,policy,0,757,4,1,0.0000
2,policy,0,757,5,2,0.2122
2,policy,0,757,6,3,0.2154
2,policy,0,757,7,4,0.2470
2,policy,0,757,8,4,0.2470
2,policy,0,3609,0,0,0.3562
2,policy,0,3609,1,1,0.3601
2,policy,0,3609,2,2,0.7163
2,policy,0,3609,3,3,0.7137
2,policy,0,3609,4,4,0.7137
2,policy,0,3609,5,5,0.7163
2,policy,0,3609,6,6,0.7163
2,policy,0,3609,7,7,0.7137
2,policy,0,3609,8,8,0.7137
2,policy,0,2619,0,0,0.7183
2,policy,0,2619,1,1,0.7015
2,policy,0,2619,2,2,0.6157
2,policy,0,2619,3,3,0.6118
2,policy,0,2619,4,4,0.6118
2,policy,0,2619,5,5,0.6118
2,policy,0,2619,6,6,0.6067
2,policy,0,2619,7,7,0.6067
2,policy,0,2619,8,8,0.6067
2,policy,0,5566,0,0,0.1100
2,policy,0,5566,1,1,0.1737
2,policy,0,5566,2,2,0.1610
2,policy,0,5566,3,3,0.1642
2,policy,0,5566,4,4,0.1795
2,policy,0,5566,5,5,0.1795
2,policy,0,5566,6,6,0.1795
2,policy,0,5566,7,7,0.1795
2,policy,0,5566,8,8,0.1795
2,policy,0,1045,0,0,0.1184
2,policy,0,1045,1,0,0.1184
2,policy,0,1045,2,0,0.1184
2,policy,0,1045,3,1,0.1891
2,policy,0,1045,4,2,0.1891
2,policy,0,1045,5,2,0.1891
2,policy,0,1045,6,3,0.1931
2,policy,0,1045,7,3,0.1931
2,policy,0,1045,8,4,0.1931
2,policy,0,3903,0,0,0.2466
2,policy,0,3903,1,0,0.2466
2,policy,0,3903,2,1,0.4577
2,policy,0,3903,3,2,0.4480
2,policy,0,3903,4,3,0.4480
2,policy,0,3903,5,4,0.3764
2,policy,0,3903,6,5,0.3693
2,policy,0,3903,7,6,0.3693
2,policy,0,3903,8,7,0.3693
2,policy,0,2479,0,0,0.0000
2,policy,0,2479,1,0,0.0000
2,policy,0,2479,2,0,0.0000
2,policy,0,2479,3,1,0.0000
2,policy,0,2479,4,2,0.0000
2,policy,0,2479,5,3,0.0000
2,policy,0,2479,6,4,0.0000
2,policy,0,2479,7,5,0.0000
2,policy,0,2479,8,6,0.0000
2,policy,0,2944,0,0,0.2272
2,policy,0,2944,1,0,0.2272
2,policy,0,2944,2,0,0.2272
2,policy,0,2944,3,1,0.3152
2,policy,0,2944,4,1,0.3152
2,policy,0,2944,5,1,0.3152
2,policy,0,2944,6,2,0.2489
2,policy,0,2944,7,3,0.3223
2,policy,0,2944,8,3,0.3223
2,policy,0,1468,0,0,0.0000
2,policy,0,1468,1,0,0.0000
2,policy,0,1468,2,0,0.0000
2,policy,0,1468,3,0,0.0000
2,policy,0,1468,4,1,0.1737
2,policy,0,1468,5,1,0.1737
2,policy,0,1468,6,1,0.1737
2,policy,0,1468,7,2,0.1100
2,policy,0,1468,8,2,0.1100
2,policy,0,1598,0,0,0.4666
2,policy,0,1598,1,1,0.5581
2,policy,0,1598,2,2,0.7020
2,policy,0,1598,3,3,0.7156
2,policy,0,1598,4,4,0.7223
2,policy,0,1598,5,5,0.7273
2,policy,0,1598,6,6,0.7273
2,policy,0,1598,7,7,0.7273
2,policy,0,1598,8,8,0.7223
2,policy,0,3571,0,0,0.2201
2,policy,0,3571,1,1,0.2201
2,policy,0,3571,2,2,0.2201
2,policy,0,3571,3,3,0.2201
2,policy,0,3571,4,4,0.2201
2,policy,0,3571,5,4,0.2201
2,policy,0,3571,6,5,0.2201
2,policy,0,3571,7,6,0.2201
2,policy,0,3571,8,6,0.2201
2,policy,0,4400,0,0,0.2687
2,policy,0,4400,1,1,0.0948
2,policy,0,4400,2,2,0.2330
2,policy,0,4400,3,3,0.2279
2,policy,0,4400,4,4,0.2279
2,policy,0,4400,5,5,0.2279
2,policy,0,4400,6,6,0.2279
2,policy,0,4400,7,7,0.2279
2,policy,0,4400,8,8,0.2083
2,policy,0,1622,0,0,0.2201
2,policy,0,1622,1,1,0.1799
2,policy,0,1622,2,2,0.0734
2,policy,0,1622,3,3,0.0784
2,policy,0,1622,4,4,0.0734
2,policy,0,1622,5,5,0.0734
2,policy,0,1622,6,6,0.0734
2,policy,0,1622,7,7,0.0734
2,policy,0,1622,8,8,0.0734
2,policy,0,1343,0,0,0.2457
2,policy,0,1343,1,1,0.2318
2,policy,0,1343,2,2,0.1331
2,policy,0,1343,3,3,0.0694
2,policy,0,1343,4,4,0.0694
2,policy,0,1343,5,4,0.0694
2,policy,0,1343,6,5,0.0663
2,policy,0,1343,7,6,0.0636
2,policy,0,1343,8,6,0.0636
2,policy,0,1661,0,0,0.3895
2,policy,0,1661,1,0,0.3895
2,policy,0,1661,2,0,0.3895
2,policy,0,1661,3,1,0.2350
2,policy,0,1661,4,2,0.3092
2,policy,0,1661,5,2,0.3092
2,policy,0,1661,6,2,0.3092
2,policy,0,1661,7,3,0.3134
2,policy,0,1661,8,4,0.3188
2,policy,0,5407,0,0,0.1389
2,policy,0,5407,1,1,0.2837
2,policy,0,5407,2,2,0.2201
2,policy,0,5407,3,3,0.2201
2,policy,0,5407,4,4,0.2201
2,policy,0,5407,5,5,0.2201
2,policy,0,5407,6,6,0.2201
2,policy,0,5407,7,7,0.2201
2,policy,0,5407,8,8,0.2201
2,policy,0,4406,0,0,0.4570
2,policy,0,4406,1,1,0.3715
2,policy,0,4406,2,2,0.6055
2,policy,0,4406,3,3,0.2248
2,policy,0,4406,4,4,0.1478
2,policy,0,4406,5,5,0.1428
2,policy,0,4406,6,6,0.1357
2,policy,0,4406,7,7,0.1299
2,policy,0,4406,8,8,0.1299
2,policy,0,240,0,0,0.1546
2,policy,0,240,1,1,0.3062
2,policy,0,240,2,2,0.2462
2,policy,0,240,3,3,0.2298
2,policy,0,240,4,4,0.2298
2,policy,0,240,5,5,0.2180
2,policy,0,240,6,6,0.2154
2,policy,0,240,7,7,0.1993
2,policy,0,240,8,8,0.1993
2,policy,0,1585,0,0,0.9149
2,policy,0,1585,1,1,0.9149
2,policy,0,1585,2,2,0.9216
2,policy,0,1585,3,3,0.9216
2,policy,0,1585,4,4,0.9306
2,policy,0,1585,5,5,0.9337
2,policy,0,1585,6,6,0.9337
2,policy,0,1585,7,7,0.9337
2,policy,0,1585,8,8,0.9364
2,policy,0,5695,0,0,0.0694
2,policy,0,5695,1,0,0.0694
2,policy,0,5695,2,0,0.0694
2,policy,0,5695,3,1,0.2025
2,policy,0,5695,4,2,0.2122
2,policy,0,5695,5,2,0.2122
2,policy,0,5695,6,3,0.2025
2,policy,0,5695,7,4,0.2051
2,policy,0,5695,8,4,0.2051
2,policy,0,699,0,0,0.0694
2,policy,0,699,1,0,0.0694
2,policy,0,699,2,0,0.0694
2,policy,0,699,3,1,0.0851
2,policy,0,699,4,2,0.0851
2,policy,0,699,5,2,0.0851
2,policy,0,699,6,2,0.0851
2,policy,0,699,7,3,0.0851
2,policy,0,699,8,3,0.0851
2,policy,0,2729,0,0,0.5591
2,policy,0,2729,1,1,0.8512
2,policy,0,2729,2,2,0.7479
2,policy,0,2729,3,3,0.7632
2,policy,0,2729,4,4,0.7479
2,policy,0,2729,5,5,0.7479
2,policy,0,2729,6,6,0.7479
2,policy,0,2729,7,7,0.7479
2,policy,0,2729,8,8,0.7479
2,policy,0,2984,0,0,0.3220
2,policy,0,2984,1,1,0.8486
2,policy,0,2984,2,2,0.7779
2,policy,0,2984,3,3,0.7846
2,policy,0,2984,4,4,0.7846
2,policy,0,2984,5,5,0.8415
2,policy,0,2984,6,6,0.8415
2,policy,0,2984,7,7,0.7779
2,policy,0,2984,8,8,0.7728
2,policy,0,1888,0,0,0.8604
2,policy,0,1888,1,1,0.6805
2,policy,0,1888,2,2,0.6086
2,policy,0,1888,3,3,0.6236
2,policy,0,1888,4,4,0.6236
2,policy,0,1888,5,5,0.6168
2,policy,0,1888,6,6,0.6168
2,policy,0,1888,7,7,0.6236
2,policy,0,1888,8,8,0.6236
2,policy,0,2664,0,0,0.4858
2,policy,0,2664,1,1,0.8318
2,policy,0,2664,2,2,0.7975
2,policy,0,2664,3,3,0.7917
2,policy,0,2664,4,4,0.7949
2,policy,0,2664,5,5,0.7949
2,policy,0,2664,6,6,0.7949
2,policy,0,2664,7,7,0.7949
2,policy,0,2664,8,8,0.7917
2,policy,0,5442,0,0,0.4417
2,policy,0,5442,1,1,0.5022
2,policy,0,5442,2,2,0.5619
2,policy,0,5442,3,3,0.5072
2,policy,0,5442,4,4,0.5072
2,policy,0,5442,5,5,0.5022
2,policy,0,5442,6,6,0.5022
2,policy,0,5442,7,7,0.5072
2,policy,0,5442,8,8,0.5072
2,policy,0,780,0,0,0.2272
2,policy,0,780,1,0,0.2272
2,policy,0,780,2,1,0.6372
2,policy,0,780,3,2,0.6173
2,policy,0,780,4,3,0.6173
2,policy,0,780,5,4,0.6173
2,policy,0,780,6,5,0.6173
2,policy,0,780,7,6,0.6173
2,policy,0,780,8,7,0.6173
2,policy,0,5879,0,0,0.6653
2,policy,0,5879,1,1,0.6867
2,policy,0,5879,2,2,0.8701
2,policy,0,5879,3,3,0.8365
2,policy,0,5879,4,4,0.8415
2,policy,0,5879,5,5,0.7846
2,policy,0,5879,6,6,0.7702
2,policy,0,5879,7,7,0.7820
2,policy,0,5879,8,8,0.8482
2,policy,0,2848,0,0,0.5638
2,policy,0,2848,1,1,0.4983
2,policy,0,2848,2,1,0.4983
2,policy,0,2848,3,2,0.3938
2,policy,0,2848,4,2,0.3938
2,policy,0,2848,5,2,0.3938
2,policy,0,2848,6,3,0.3938
2,policy,0,2848,7,4,0.3301
2,policy,0,2848,8,5,0.3964
2,policy,0,4669,0,0,0.1834
2,policy,0,4669,1,0,0.1834
2,policy,0,4669,2,0,0.1834
2,policy,0,4669,3,1,0.0000
2,policy,0,4669,4,2,0.0000
2,policy,0,4669,5,3,0.0000
2,policy,0,4669,6,4,0.0000
2,policy,0,4669,7,5,0.0000
2,policy,0,4669,8,5,0.0000
2,policy,0,5086,0,0,0.8512
2,policy,0,5086,1,1,0.6898
2,policy,0,5086,2,2,0.9306
2,policy,0,5086,3,3,0.8611
2,policy,0,5086,4,4,0.8611
2,policy,0,5086,5,5,0.8611
2,policy,0,5086,6,6,0.8611
2,policy,0,5086,7,7,0.8611
2,policy,0,5086,8,8,0.8611
2,policy,0,2874,0,0,0.2173
2,policy,0,2874,1,1,0.5795
2,policy,0,2874,2,2,0.5068
2,policy,0,2874,3,3,0.5010
2,policy,0,2874,4,4,0.5010
2,policy,0,2874,5,5,0.4959
2,policy,0,2874,6,6,0.4946
2,policy,0,2874,7,7,0.4920
2,policy,0,2874,8,8,0.4920
2,policy,0,1097,0,0,0.0000
2,policy,0,1097,1,1,0.0000
2,policy,0,1097,2,2,0.0734
2,policy,0,1097,3,3,0.1447
2,policy,0,1097,4,4,0.1420
2,policy,0,1097,5,4,0.1420
2,policy,0,1097,6,5,0.1447
2,policy,0,1097,7,6,0.1447
2,policy,0,1097,8,6,0.1447
2,policy,0,1958,0,0,0.4920
2,policy,0,1958,1,1,0.3149
2,policy,0,1958,2,2,0.4323
2,policy,0,1958,3,3,0.4284
2,policy,0,1958,4,4,0.4284
2,policy,0,1958,5,5,0.4284
2,policy,0,1958,6,6,0.4323
2,policy,0,1958,7,6,0.4323
2,policy,0,1958,8,6,0.4323
2,policy,0,4876,0,0,0.4584
2,policy,0,4876,1,0,0.4584
2,policy,0,4876,2,1,0.2999
2,policy,0,4876,3,2,0.3972
2,policy,0,4876,4,3,0.2782
2,policy,0,4876,5,4,0.2711
2,policy,0,4876,6,4,0.2711
2,policy,0,4876,7,5,0.2711
2,policy,0,4876,8,6,0.2048
2,policy,0,4990,0,0,0.1461
2,policy,0,4990,1,0,0.1461
2,policy,0,4990,2,0,0.1461
2,policy,0,4990,3,0,0.1461
2,policy,0,4990,4,1,0.0000
2,policy,0,4990,5,2,0.0000
2,policy,0,4990,6,3,0.0000
2,policy,0,4990,7,4,0.0000
2,policy,0,4990,8,5,0.0000
2,policy,0,4212,0,0,0.6379
2,policy,0,4212,1,1,0.8630
2,policy,0,4212,2,2,0.9337
2,policy,0,4212,3,3,0.9337
2,policy,0,4212,4,4,0.9337
2,policy,0,4212,5,5,0.9337
2,policy,0,4212,6,6,0.9337
2,policy,0,4212,7,7,0.9337
2,policy,0,4212,8,8,0.9337
2,policy,0,5412,0,0,0.5299
2,policy,0,5412,1,1,0.1610
2,policy,0,5412,2,2,0.5033
2,policy,0,5412,3,3,0.5767
2,policy,0,5412,4,4,0.5670
2,policy,0,5412,5,5,0.5599
2,policy,0,5412,6,6,0.5696
2,policy,0,5412,7,7,0.4937
2,policy,0,5412,8,8,0.7702
2,policy,0,5621,0,0,0.0000
2,policy,0,5621,1,1,0.0000
2,policy,0,5621,2,1,0.0000
2,policy,0,5621,3,2,0.0000
2,policy,0,5621,4,3,0.0000
2,policy,0,5621,5,4,0.0000
2,policy,0,5621,6,5,0.0000
2,policy,0,5621,7,6,0.0000
2,policy,0,5621,8,6,0.0000
2,policy,0,4273,0,0,0.0948
2,policy,0,4273,1,1,0.0694
2,policy,0,4273,2,2,0.0000
2,policy,0,4273,3,3,0.0000
2,policy,0,4273,4,4,0.0000
2,policy,0,4273,5,5,0.0000
2,policy,0,4273,6,6,0.0000
2,policy,0,4273,7,7,0.0000
2,policy,0,4273,8,8,0.0000
2,policy,0,1869,0,0,0.3052
2,policy,0,1869,1,1,0.5239
2,policy,0,1869,2,2,0.6294
2,policy,0,1869,3,3,0.5837
2,policy,0,1869,4,4,0.5887
2,policy,0,1869,5,5,0.6555
2,policy,0,1869,6,6,0.6555
2,policy,0,1869,7,7,0.5887
2,policy,0,1869,8,8,0.5887
2,policy,0,5970,0,0,0.3820
2,policy,0,5970,1,1,0.4296
2,policy,0,5970,2,2,0.4604
2,policy,0,5970,3,3,0.4986
2,policy,0,5970,4,4,0.4323
2,policy,0,5970,5,5,0.4323
2,policy,0,5970,6,6,0.4323
2,policy,0,5970,7,7,0.4323
2,policy,0,5970,8,8,0.4323
2,policy,0,2055,0,0,0.7020
2,policy,0,2055,1,1,0.8701
2,policy,0,2055,2,2,0.8669
2,policy,0,2055,3,3,0.9306
2,policy,0,2055,4,4,0.9306
2,policy,0,2055,5,5,0.9266
2,policy,0,2055,6,6,0.8701
2,policy,0,2055,7,7,0.8604
2,policy,0,2055,8,8,0.8630
2,policy,0,487,0,0,0.1596
2,policy,0,487,1,0,0.1596
2,policy,0,487,2,0,0.1596
2,policy,0,487,3,1,0.1596
2,policy,0,487,4,2,0.1596
2,policy,0,487,5,2,0.1596
2,policy,0,487,6,3,0.1596
2,policy,0,487,7,4,0.1596
2,policy,0,487,8,5,0.1596
2,policy,0,2399,0,0,0.3223
2,policy,0,2399,1,0,0.3223
2,policy,0,2399,2,0,0.3223
2,policy,0,2399,3,1,0.4537
2,policy,0,2399,4,2,0.4537
2,policy,0,2399,5,3,0.4690
2,policy,0,2399,6,4,0.4690
2,policy,0,2399,7,5,0.4690
2,policy,0,2399,8,6,0.4249
2,policy,0,4740,0,0,0.0663
2,policy,0,4740,1,0,0.0663
2,policy,0,4740,2,0,0.0663
2,policy,0,4740,3,1,0.4479
2,policy,0,4740,4,2,0.4577
2,policy,0,4740,5,3,0.3786
2,policy,0,4740,6,4,0.4531
2,policy,0,4740,7,5,0.4570
2,policy,0,4740,8,5,0.4570
2,policy,0,4414,0,0,0.5763
2,policy,0,4414,1,0,0.5763
2,policy,0,4414,2,1,0.8900
2,policy,0,4414,3,2,0.9052
2,policy,0,4414,4,3,0.9149
2,policy,0,4414,5,4,0.9149
2,policy,0,4414,6,5,0.9149
2,policy,0,4414,7,6,0.9149
2,policy,0,4414,8,7,0.9149
2,policy,0,1974,0,0,0.2201
2,policy,0,1974,1,1,0.0000
2,policy,0,1974,2,2,0.0000
2,policy,0,1974,3,3,0.0000
2,policy,0,1974,4,4,0.0000
2,policy,0,1974,5,4,0.0000
2,policy,0,1974,6,5,0.0000
2,policy,0,1974,7,6,0.0000
2,policy,0,1974,8,7,0.0000
2,policy,0,4126,0,0,0.2025
2,policy,0,4126,1,0,0.2025
2,policy,0,4126,2,1,0.4537
2,policy,0,4126,3,2,0.4441
2,policy,0,4126,4,3,0.4000
2,policy,0,4126,5,4,0.4153
2,policy,0,4126,6,5,0.4153
2,policy,0,4126,7,6,0.4153
2,policy,0,4126,8,7,0.4441
2,policy,0,2232,0,0,0.3689
2,policy,0,2232,1,1,0.4506
2,policy,0,2232,2,2,0.4374
2,policy,0,2232,3,3,0.1370
2,policy,0,2232,4,4,0.0694
2,policy,0,2232,5,5,0.1331
2,policy,0,2232,6,5,0.1331
2,policy,0,2232,7,6,0.1331
2,policy,0,2232,8,7,0.0694
2,policy,0,5927,0,0,0.0000
2,policy,0,5927,1,1,0.0000
2,policy,0,5927,2,1,0.0000
2,policy,0,5927,3,2,0.0000
2,policy,0,5927,4,3,0.0000
2,policy,0,5927,5,3,0.0000
2,policy,0,5927,6,4,0.0000
2,policy,0,5927,7,5,0.0000
2,policy,0,5927,8,5,0.0000
2,policy,0,3023,0,0,0.2903
2,policy,0,3023,1,1,0.6898
2,policy,0,3023,2,2,0.6204
2,policy,0,3023,3,3,0.6051
2,policy,0,3023,4,4,0.6051
2,policy,0,3023,5,5,0.6051
2,policy,0,3023,6,6,0.6204
2,policy,0,3023,7,7,0.6204
2,policy,0,3023,8,8,0.6137
2,policy,0,607,0,0,0.0000
2,policy,0,607,1,1,0.0000
2,policy,0,607,2,2,0.0851
2,policy,0,607,3,3,0.0851
2,policy,0,607,4,4,0.0851
2,policy,0,607,5,5,0.0851
2,policy,0,607,6,6,0.0851
2,policy,0,607,7,7,0.0851
2,policy,0,607,8,8,0.0851
2,policy,1,1216,0,0,0.0000
2,policy,1,1216,1,1,0.0000
2,policy,1,1216,2,2,0.0000
2,policy,1,1216,3,3,0.0000
2,policy,1,1216,4,4,0.0000
2,policy,1,1216,5,5,0.0000
2,policy,1,1216,6,6,0.0000
2,policy,1,1216,7,7,0.0000
2,policy,1,1216,8,8,0.0000
2,policy,1,2820,0,0,0.2021
2,policy,1,2820,1,0,0.2021
2,policy,1,2820,2,0,0.2021
2,policy,1,2820,3,1,0.0000
2,policy,1,2820,4,1,0.0000
2,policy,1,2820,5,1,0.0000
2,policy,1,2820,6,2,0.0000
2,policy,1,2820,7,3,0.0000
2,policy,1,2820,8,3,0.0000
2,policy,1,3017,0,0,0.5299
2,policy,1,3017,1,1,0.5469
2,policy,1,3017,2,2,0.5578
2,policy,1,3017,3,3,0.4171
2,policy,1,3017,4,4,0.4171
2,policy,1,3017,5,5,0.4857
2,policy,1,3017,6,6,0.4819
2,policy,1,3017,7,7,0.4608
2,policy,1,3017,8,8,0.4584
2,policy,1,1260,0,0,0.0636
2,policy,1,1260,1,0,0.0636
2,policy,1,1260,2,1,0.0948
2,policy,1,1260,3,2,0.0851
2,policy,1,1260,4,3,0.0948
2,policy,1,1260,5,4,0.0851
2,policy,1,1260,6,5,0.0784
2,policy,1,1260,7,6,0.0784
2,policy,1,1260,8,7,0.0784
2,policy,1,1920,0,0,0.0979
2,policy,1,1920,1,0,0.0979
2,policy,1,1920,2,1,0.0000
2,policy,1,1920,3,2,0.0000
2,policy,1,1920,4,3,0.0000
2,policy,1,1920,5,4,0.0000
2,policy,1,1920,6,5,0.0000
2,policy,1,1920,7,6,0.0000
2,policy,1,1920,8,7,0.0000
2,policy,1,693,0,0,0.0000
2,policy,1,693,1,1,0.0000
2,policy,1,693,2,2,0.2863
2,policy,1,693,3,3,0.2201
2,policy,1,693,4,4,0.2201
2,policy,1,693,5,4,0.2201
2,policy,1,693,6,5,0.2201
2,policy,1,693,7,6,0.2201
2,policy,1,693,8,6,0.2201
2,policy,1,3268,0,0,0.0795
2,policy,1,3268,1,1,0.0000
2,policy,1,3268,2,2,0.0000
2,policy,1,3268,3,3,0.0000
2,policy,1,3268,4,4,0.0000
2,policy,1,3268,5,5,0.0000
2,policy,1,3268,6,6,0.0000
2,policy,1,3268,7,7,0.0000
2,policy,1,3268,8,8,0.0000
2,policy,1,3548,0,0,0.0000
2,policy,1,3548,1,1,0.0000
2,policy,1,3548,2,2,0.0000
2,policy,1,3548,3,3,0.0000
2,policy,1,3548,4,4,0.0000
2,policy,1,3548,5,4,0.0000
2,policy,1,3548,6,5,0.0000
2,policy,1,3548,7,6,0.0000
2,policy,1,3548,8,6,0.0000
2,policy,1,2780,0,0,0.0694
2,policy,1,2780,1,1,0.1331
2,policy,1,2780,2,2,0.1331
2,policy,1,2780,3,3,0.0694
2,policy,1,2780,4,4,0.0694
2,policy,1,2780,5,5,0.0694
2,policy,1,2780,6,6,0.0694
2,policy,1,2780,7,7,0.0694
2,policy,1,2780,8,8,0.0694
2,policy,1,5328,0,0,0.2992
2,policy,1,5328,1,1,0.1795
2,policy,1,5328,2,2,0.6110
2,policy,1,5328,3,3,0.6489
2,policy,1,5328,4,4,0.6489
2,policy,1,5328,5,5,0.6372
2,policy,1,5328,6,6,0.6300
2,policy,1,5328,7,7,0.5541
2,policy,1,5328,8,8,0.7721
2,policy,1,3770,0,0,0.0694
2,policy,1,3770,1,1,0.5384
2,policy,1,3770,2,2,0.2150
2,policy,1,3770,3,3,0.0851
2,policy,1,3770,4,4,0.0851
2,policy,1,3770,5,5,0.1447
2,policy,1,3770,6,6,0.1447
2,policy,1,3770,7,7,0.0784
2,policy,1,3770,8,8,0.0851
2,policy,1,5135,0,0,0.2837
2,policy,1,5135,1,1,0.2201
2,policy,1,5135,2,2,0.1420
2,policy,1,5135,3,3,0.0694
2,policy,1,5135,4,4,0.1331
2,policy,1,5135,5,5,0.1357
2,policy,1,5135,6,6,0.1331
2,policy,1,5135,7,7,0.1396
2,policy,1,5135,8,8,0.1428
2,policy,1,781,0,0,0.0000
2,policy,1,781,1,0,0.0000
2,policy,1,781,2,0,0.0000
2,policy,1,781,3,1,0.0000
2,policy,1,781,4,1,0.0000
2,policy,1,781,5,1,0.0000
2,policy,1,781,6,2,0.0000
2,policy,1,781,7,2,0.0000
2,policy,1,781,8,2,0.0000
2,policy,1,2908,0,0,0.8701
2,policy,1,2908,1,1,0.9364
2,policy,1,2908,2,2,0.9306
2,policy,1,2908,3,3,0.9364
2,policy,1,2908,4,4,0.9306
2,policy,1,2908,5,5,0.9266
2,policy,1,2908,6,6,0.9216
2,policy,1,2908,7,7,0.9149
2,policy,1,2908,8,8,0.9149
2,policy,1,4075,0,0,0.0000
2,policy,1,4075,1,0,0.0000
2,policy,1,4075,2,0,0.0000
2,policy,1,4075,3,1,0.0000
2,policy,1,4075,4,2,0.0000
2,policy,1,4075,5,2,0.0000
2,policy,1,4075,6,2,0.0000
2,policy,1,4075,7,2,0.0000
2,policy,1,4075,8,3,0.0000
2,policy,1,3106,0,0,0.0000
2,policy,1,3106,1,0,0.0000
2,policy,1,3106,2,0,0.0000
2,policy,1,3106,3,1,0.0979
2,policy,1,3106,4,2,0.1063
2,policy,1,3106,5,2,0.1063
2,policy,1,3106,6,3,0.1063
2,policy,1,3106,7,4,0.1063
2,policy,1,3106,8,5,0.0979
2,policy,1,759,0,0,0.0000
2,policy,1,759,1,0,0.0000
2,policy,1,759,2,0,0.0000
2,policy,1,759,3,1,0.0784
2,policy,1,759,4,2,0.0734
2,policy,1,759,5,3,0.0784
2,policy,1,759,6,4,0.0694
2,policy,1,759,7,5,0.0694
2,policy,1,759,8,5,0.0694
2,policy,1,5467,0,0,0.0784
2,policy,1,5467,1,1,0.0694
2,policy,1,5467,2,2,0.2489
2,policy,1,5467,3,3,0.3301
2,policy,1,5467,4,4,0.3052
2,policy,1,5467,5,5,0.2895
2,policy,1,5467,6,6,0.2837
2,policy,1,5467,7,7,0.2201
2,policy,1,5467,8,8,0.3996
2,policy,1,5744,0,0,0.0000
2,policy,1,5744,1,0,0.0000
2,policy,1,5744,2,1,0.0000
2,policy,1,5744,3,2,0.0000
2,policy,1,5744,4,3,0.0000
2,policy,1,5744,5,4,0.0000
2,policy,1,5744,6,4,0.0000
2,policy,1,5744,7,5,0.0000
2,policy,1,5744,8,6,0.0000
2,policy,1,3129,0,0,0.0000
2,policy,1,3129,1,0,0.0000
2,policy,1,3129,2,0,0.0000
2,policy,1,3129,3,1,0.0000
2,policy,1,3129,4,2,0.0000
2,policy,1,3129,5,2,0.0000
2,policy,1,3129,6,3,0.0000
2,policy,1,3129,7,4,0.0000
2,policy,1,3129,8,4,0.0000
2,policy,1,5990,0,0,0.0851
2,policy,1,5990,1,0,0.0851
2,policy,1,5990,2,0,0.0851
2,policy,1,5990,3,1,0.1100
2,policy,1,5990,4,2,0.1100
2,policy,1,5990,5,3,0.0784
2,policy,1,5990,6,4,0.0948
2,policy,1,5990,7,5,0.0948
2,policy,1,5990,8,5,0.0948
2,policy,1,306,0,0,0.0694
2,policy,1,306,1,1,0.3977
2,policy,1,306,2,2,0.3470
2,policy,1,306,3,3,0.3539
2,policy,1,306,4,4,0.3471
2,policy,1,306,5,5,0.3539
2,policy,1,306,6,6,0.3610
2,policy,1,306,7,7,0.3706
2,policy,1,306,8,7,0.3706
2,policy,1,3832,0,0,0.0734
2,policy,1,3832,1,1,0.1642
2,policy,1,3832,2,2,0.0636
2,policy,1,3832,3,3,0.0636
2,policy,1,3832,4,4,0.0636
2,policy,1,3832,5,5,0.0000
2,policy,1,3832,6,6,0.0000
2,policy,1,3832,7,7,0.0000
2,policy,1,3832,8,8,0.0636
2,policy,1,1356,0,0,0.0000
2,policy,1,1356,1,0,0.0000
2,policy,1,1356,2,0,0.0000
2,policy,1,1356,3,1,0.0000
2,policy,1,1356,4,2,0.0000
2,policy,1,1356,5,3,0.0000
2,policy,1,1356,6,3,0.0000
2,policy,1,1356,7,4,0.0000
2,policy,1,1356,8,5,0.0000
2,policy,1,5279,0,0,0.0000
2,policy,1,5279,1,0,0.0000
2,policy,1,5279,2,1,0.0000
2,policy,1,5279,3,1,0.0000
2,policy,1,5279,4,2,0.0000
2,policy,1,5279,5,3,0.0000
2,policy,1,5279,6,4,0.0000
2,policy,1,5279,7,5,0.0000
2,policy,1,5279,8,6,0.0000
2,policy,1,3201,0,0,0.2122
2,policy,1,3201,1,0,0.2122
2,policy,1,3201,2,1,0.3909
2,policy,1,3201,3,2,0.2782
2,policy,1,3201,4,3,0.2832
2,policy,1,3201,5,4,0.2782
2,policy,1,3201,6,5,0.2685
2,policy,1,3201,7,6,0.2743
2,policy,1,3201,8,7,0.2743
2,policy,1,370,0,0,0.0000
2,policy,1,370,1,1,0.0000
2,policy,1,370,2,1,0.0000
2,policy,1,370,3,2,0.0000
2,policy,1,370,4,3,0.0000
2,policy,1,370,5,3,0.0000
2,policy,1,370,6,4,0.0000
2,policy,1,370,7,5,0.0000
2,policy,1,370,8,6,0.0000
2,policy,1,2012,0,0,0.0663
2,policy,1,2012,1,0,0.0663
2,policy,1,2012,2,1,0.0000
2,policy,1,2012,3,1,0.0000
2,policy,1,2012,4,2,0.0694
2,policy,1,2012,5,3,0.0636
2,policy,1,2012,6,4,0.0636
2,policy,1,2012,7,5,0.0000
2,policy,1,2012,8,6,0.0000
2,policy,1,3899,0,0,0.0948
2,policy,1,3899,1,1,0.2305
2,policy,1,3899,2,2,0.6176
2,policy,1,3899,3,3,0.7218
2,policy,1,3899,4,4,0.7218
2,policy,1,3899,5,5,0.5959
2,policy,1,3899,6,6,0.5959
2,policy,1,3899,7,7,0.6621
2,policy,1,3899,8,8,0.6582
2,policy,1,2979,0,0,0.0000
2,policy,1,2979,1,1,0.0000
2,policy,1,2979,2,2,0.0000
2,policy,1,2979,3,3,0.0000
2,policy,1,2979,4,4,0.0000
2,policy,1,2979,5,5,0.0000
2,policy,1,2979,6,6,0.0000
2,policy,1,2979,7,7,0.0000
2,policy,1,2979,8,8,0.0000
2,policy,1,2748,0,0,0.0000
2,policy,1,2748,1,1,0.0000
2,policy,1,2748,2,2,0.1012
2,policy,1,2748,3,3,0.1012
2,policy,1,2748,4,4,0.0837
2,policy,1,2748,5,5,0.0708
2,policy,1,2748,6,6,0.0000
2,policy,1,2748,7,7,0.0000
2,policy,1,2748,8,8,0.2350
2,policy,1,821,0,0,0.4374
2,policy,1,821,1,1,0.3188
2,policy,1,821,2,2,0.2935
2,policy,1,821,3,3,0.0000
2,policy,1,821,4,4,0.0000
2,policy,1,821,5,5,0.0636
2,policy,1,821,6,6,0.0784
2,policy,1,821,7,7,0.1584
2,policy,1,821,8,8,0.1488
2,policy,1,3891,0,0,0.3621
2,policy,1,3891,1,1,0.3594
2,policy,1,3891,2,2,0.3815
2,policy,1,3891,3,3,0.3718
2,policy,1,3891,4,4,0.3718
2,policy,1,3891,5,5,0.3718
2,policy,1,3891,6,6,0.3668
2,policy,1,3891,7,7,0.3529
2,policy,1,3891,8,8,0.2745
2,policy,1,3250,0,0,0.0000
2,policy,1,3250,1,1,0.0000
2,policy,1,3250,2,1,0.0000
2,policy,1,3250,3,2,0.0851
2,policy,1,3250,4,2,0.0851
2,policy,1,3250,5,2,0.0851
2,policy,1,3250,6,3,0.0851
2,policy,1,3250,7,4,0.0948
2,policy,1,3250,8,5,0.0948
2,policy,1,4478,0,0,0.0000
2,policy,1,4478,1,1,0.0948
2,policy,1,4478,2,2,0.1100
2,policy,1,4478,3,3,0.1100
2,policy,1,4478,4,4,0.1100
2,policy,1,4478,5,5,0.1100
2,policy,1,4478,6,6,0.1100
2,policy,1,4478,7,7,0.0948
2,policy,1,4478,8,8,0.0784
2,policy,1,2536,0,0,0.4229
2,policy,1,2536,1,1,0.2489
2,policy,1,2536,2,2,0.2489
2,policy,1,2536,3,3,0.3183
2,policy,1,2536,4,4,0.3846
2,policy,1,2536,5,5,0.4604
2,policy,1,2536,6,6,0.4794
2,policy,1,2536,7,7,0.4857
2,policy,1,2536,8,8,0.4794
2,policy,1,1250,0,0,0.2140
2,policy,1,1250,1,0,0.2140
2,policy,1,1250,2,0,0.2140
2,policy,1,1250,3,1,0.0000
2,policy,1,1250,4,2,0.0000
2,policy,1,1250,5,3,0.0000
2,policy,1,1250,6,4,0.0000
2,policy,1,1250,7,5,0.0000
2,policy,1,1250,8,5,0.0000
2,policy,1,4763,0,0,0.0000
2,policy,1,4763,1,0,0.0000
2,policy,1,4763,2,1,0.0000
2,policy,1,4763,3,1,0.0000
2,policy,1,4763,4,2,0.0000
2,policy,1,4763,5,3,0.0000
2,policy,1,4763,6,4,0.0000
2,policy,1,4763,7,4,0.0000
2,policy,1,4763,8,5,0.0000
2,policy,1,4757,0,0,0.0980
2,policy,1,4757,1,0,0.0980
2,policy,1,4757,2,0,0.0980
2,policy,1,4757,3,1,0.0000
2,policy,1,4757,4,1,0.0000
2,policy,1,4757,5,1,0.0000
2,policy,1,4757,6,1,0.0000
2,policy,1,4757,7,2,0.0000
2,policy,1,4757,8,2,0.0000
2,policy,1,5792,0,0,0.0663
2,policy,1,5792,1,0,0.0663
2,policy,1,5792,2,0,0.0663
2,policy,1,5792,3,1,0.0000
2,policy,1,5792,4,2,0.0000
2,policy,1,5792,5,3,0.0000
2,policy,1,5792,6,4,0.0000
2,policy,1,5792,7,5,0.0000
2,policy,1,5792,8,5,0.0000
2,policy,1,6025,0,0,0.0851
2,policy,1,6025,1,1,0.0000
2,policy,1,6025,2,2,0.0000
2,policy,1,6025,3,3,0.0000
2,policy,1,6025,4,4,0.0000
2,policy,1,6025,5,5,0.0000
2,policy,1,6025,6,5,0.0000
2,policy,1,6025,7,6,0.0694
2,policy,1,6025,8,7,0.0784
2,policy,1,5989,0,0,0.1389
2,policy,1,5989,1,1,0.1100
2,policy,1,5989,2,2,0.0000
2,policy,1,5989,3,3,0.0000
2,policy,1,5989,4,4,0.0000
2,policy,1,5989,5,5,0.0000
2,policy,1,5989,6,6,0.0000
2,policy,1,5989,7,7,0.0000
2,policy,1,5989,8,8,0.0000
2,policy,1,1434,0,0,0.0000
2,policy,1,1434,1,0,0.0000
2,policy,1,1434,2,0,0.0000
2,policy,1,1434,3,1,0.0000
2,policy,1,1434,4,1,0.0000
2,policy,1,1434,5,1,0.0000
2,policy,1,1434,6,2,0.0000
2,policy,1,1434,7,3,0.0000
2,policy,1,1434,8,3,0.0000
2,policy,1,4950,0,0,0.2687
2,policy,1,4950,1,1,0.2497
2,policy,1,4950,2,2,0.3503
2,policy,1,4950,3,3,0.3317
2,policy,1,4950,4,4,0.4320
2,policy,1,4950,5,5,0.4320
2,policy,1,4950,6,6,0.4270
2,policy,1,4950,7,7,0.4616
2,policy,1,4950,8,8,0.3301
2,policy,1,4781,0,0,0.0000
2,policy,1,4781,1,1,0.0734
2,policy,1,4781,2,2,0.2201
2,policy,1,4781,3,3,0.2201
2,policy,1,4781,4,4,0.2201
2,policy,1,4781,5,5,0.2201
2,policy,1,4781,6,6,0.2201
2,policy,1,4781,7,7,0.2201
2,policy,1,4781,8,8,0.2201
2,policy,1,3169,0,0,0.0000
2,policy,1,3169,1,1,0.0000
2,policy,1,3169,2,2,0.0000
2,policy,1,3169,3,3,0.0000
2,policy,1,3169,4,4,0.0000
2,policy,1,3169,5,5,0.0000
2,policy,1,3169,6,6,0.0000
2,policy,1,3169,7,7,0.0000
2,policy,1,3169,8,8,0.0000
2,policy,1,574,0,0,0.0000
2,policy,1,574,1,0,0.0000
2,policy,1,574,2,1,0.2686
2,policy,1,574,3,2,0.2494
2,policy,1,574,4,3,0.2646
2,policy,1,574,5,4,0.2686
2,policy,1,574,6,5,0.2618
2,policy,1,574,7,6,0.2579
2,policy,1,574,8,7,0.2376
2,policy,1,955,0,0,0.0000
2,policy,1,955,1,0,0.0000
2,policy,1,955,2,1,0.0000
2,policy,1,955,3,2,0.0000
2,policy,1,955,4,3,0.0000
2,policy,1,955,5,4,0.0000
2,policy,1,955,6,5,0.0000
2,policy,1,955,7,6,0.0000
2,policy,1,955,8,7,0.0000
2,policy,1,3445,0,0,0.0000
2,policy,1,3445,1,0,0.0000
2,policy,1,3445,2,0,0.0000
2,policy,1,3445,3,1,0.0000
2,policy,1,3445,4,1,0.0000
2,policy,1,3445,5,1,0.0000
2,policy,1,3445,6,2,0.0000
2,policy,1,3445,7,3,0.0000
2,policy,1,3445,8,3,0.0000
2,policy,1,585,0,0,0.0827
2,policy,1,585,1,0,0.0827
2,policy,1,585,2,0,0.0827
2,policy,1,585,3,1,0.0000
2,policy,1,585,4,2,0.0000
2,policy,1,585,5,3,0.0000
2,policy,1,585,6,4,0.0000
2,policy,1,585,7,5,0.0000
2,policy,1,585,8,5,0.0000
2,policy,1,5503,0,0,0.3633
2,policy,1,5503,1,1,0.5989
2,policy,1,5503,2,2,0.5045
2,policy,1,5503,3,3,0.3165
2,policy,1,5503,4,4,0.2528
2,policy,1,5503,5,5,0.3675
2,policy,1,5503,6,6,0.2942
2,policy,1,5503,7,7,0.2305
2,policy,1,5503,8,8,0.2247
2,policy,1,362,0,0,0.0000
2,policy,1,362,1,1,0.0000
2,policy,1,362,2,2,0.0000
2,policy,1,362,3,3,0.0000
2,policy,1,362,4,4,0.0000
2,policy,1,362,5,4,0.0000
2,policy,1,362,6,5,0.0000
2,policy,1,362,7,6,0.0000
2,policy,1,362,8,6,0.0000
2,policy,1,3332,0,0,0.0000
2,policy,1,3332,1,1,0.1584
2,policy,1,3332,2,2,0.2305
2,policy,1,3332,3,3,0.1518
2,policy,1,3332,4,4,0.2154
2,policy,1,3332,5,5,0.2180
2,policy,1,3332,6,6,0.2212
2,policy,1,3332,7,7,0.2212
2,policy,1,3332,8,8,0.2154
2,policy,1,554,0,0,0.0000
2,policy,1,554,1,0,0.0000
2,policy,1,554,2,0,0.0000
2,policy,1,554,3,1,0.0000
2,policy,1,554,4,2,0.0000
2,policy,1,554,5,2,0.0000
2,policy,1,554,6,3,0.0000
2,policy,1,554,7,4,0.0000
2,policy,1,554,8,4,0.0000
2,policy,1,3282,0,0,0.0636
2,policy,1,3282,1,1,0.3786
2,policy,1,3282,2,2,0.3882
2,policy,1,3282,3,3,0.4035
2,policy,1,3282,4,4,0.4035
2,policy,1,3282,5,5,0.4323
2,policy,1,3282,6,6,0.4323
2,policy,1,3282,7,7,0.2122
2,policy,1,3282,8,8,0.2122
2,policy,1,5925,0,0,0.0000
2,policy,1,5925,1,0,0.0000
2,policy,1,5925,2,0,0.0000
2,policy,1,5925,3,1,0.2201
2,policy,1,5925,4,2,0.2985
2,policy,1,5925,5,3,0.2201
2,policy,1,5925,6,4,0.2201
2,policy,1,5925,7,5,0.2863
2,policy,1,5925,8,6,0.2201
2,policy,1,1610,0,0,0.0694
2,policy,1,1610,1,1,0.4304
2,policy,1,1610,2,2,0.1299
2,policy,1,1610,3,3,0.0694
2,policy,1,1610,4,4,0.0694
2,policy,1,1610,5,5,0.0663
2,policy,1,1610,6,6,0.0694
2,policy,1,1610,7,7,0.0636
2,policy,1,1610,8,8,0.0000
2,policy,1,3354,0,0,0.0000
2,policy,1,3354,1,0,0.0000
2,policy,1,3354,2,0,0.0000
2,policy,1,3354,3,1,0.0000
2,policy,1,3354,4,2,0.0000
2,policy,1,3354,5,2,0.0000
2,policy,1,3354,6,3,0.0000
2,policy,1,3354,7,4,0.0000
2,policy,1,3354,8,5,0.0000
2,policy,1,1693,0,0,0.1795
2,policy,1,1693,1,1,0.4819
2,policy,1,1693,2,2,0.3747
2,policy,1,1693,3,3,0.4422
2,policy,1,1693,4,4,0.3719
2,policy,1,1693,5,5,0.3719
2,policy,1,1693,6,6,0.3719
2,policy,1,1693,7,7,0.2985
2,policy,1,1693,8,8,0.3052
2,policy,1,1856,0,0,0.0000
2,policy,1,1856,1,0,0.0000
2,policy,1,1856,2,0,0.0000
2,policy,1,1856,3,1,0.0000
2,policy,1,1856,4,2,0.0000
2,policy,1,1856,5,2,0.0000
2,policy,1,1856,6,3,0.0000
2,policy,1,1856,7,4,0.0000
2,policy,1,1856,8,4,0.0000
2,policy,1,984,0,0,0.2337
2,policy,1,984,1,1,0.0000
2,policy,1,984,2,2,0.0000
2,policy,1,984,3,3,0.0636
2,policy,1,984,4,4,0.0000
2,policy,1,984,5,5,0.0000
2,policy,1,984,6,6,0.0000
2,policy,1,984,7,7,0.0000
2,policy,1,984,8,8,0.0000
2,policy,1,2490,0,0,0.0948
2,policy,1,2490,1,0,0.0948
2,policy,1,2490,2,1,0.0948
2,policy,1,2490,3,2,0.0948
2,policy,1,2490,4,3,0.0948
2,policy,1,2490,5,4,0.0948
2,policy,1,2490,6,5,0.0948
2,policy,1,2490,7,6,0.0948
2,policy,1,2490,8,7,0.0948
2,policy,1,2395,0,0,0.0000
2,policy,1,2395,1,0,0.0000
2,policy,1,2395,2,0,0.0000
2,policy,1,2395,3,1,0.0000
2,policy,1,2395,4,2,0.0000
2,policy,1,2395,5,3,0.0000
2,policy,1,2395,6,4,0.0000
2,policy,1,2395,7,5,0.0000
2,policy,1,2395,8,5,0.0000
2,policy,1,4666,0,0,0.0000
2,policy,1,4666,1,0,0.0000
2,policy,1,4666,2,0,0.0000
2,policy,1,4666,3,1,0.0734
2,policy,1,4666,4,1,0.0734
2,policy,1,4666,5,2,0.0851
2,policy,1,4666,6,3,0.0663
2,policy,1,4666,7,4,0.0694
2,policy,1,4666,8,4,0.0694
2,policy,1,4638,0,0,0.0000
2,policy,1,4638,1,0,0.0000
2,policy,1,4638,2,1,0.0000
2,policy,1,4638,3,1,0.0000
2,policy,1,4638,4,2,0.0000
2,policy,1,4638,5,3,0.0000
2,policy,1,4638,6,3,0.0000
2,policy,1,4638,7,4,0.0000
2,policy,1,4638,8,5,0.0000
2,policy,1,1726,0,0,0.4636
2,policy,1,1726,1,1,0.5934
2,policy,1,1726,2,2,0.5861
2,policy,1,1726,3,3,0.2686
2,policy,1,1726,4,4,0.2494
2,policy,1,1726,5,5,0.3317
2,policy,1,1726,6,6,0.3398
2,policy,1,1726,7,7,0.1799
2,policy,1,1726,8,8,0.1799
2,policy,1,1544,0,0,0.1428
2,policy,1,1544,1,1,0.0000
2,policy,1,1544,2,2,0.0784
2,policy,1,1544,3,3,0.1420
2,policy,1,1544,4,4,0.0636
2,policy,1,1544,5,5,0.0636
2,policy,1,1544,6,6,0.0636
2,policy,1,1544,7,7,0.0636
2,policy,1,1544,8,8,0.0784
2,policy,1,1401,0,0,0.0000
2,policy,1,1401,1,0,0.0000
2,policy,1,1401,2,0,0.0000
2,policy,1,1401,3,1,0.0000
2,policy,1,1401,4,2,0.0000
2,policy,1,1401,5,2,0.0000
2,policy,1,1401,6,3,0.0000
2,policy,1,1401,7,4,0.0000
2,policy,1,1401,8,5,0.0000
2,policy,1,1712,0,0,0.0000
2,policy,1,1712,1,0,0.0000
2,policy,1,1712,2,1,0.0000
2,policy,1,1712,3,2,0.0000
2,policy,1,1712,4,3,0.0000
2,policy,1,1712,5,4,0.0000
2,policy,1,1712,6,4,0.0000
2,policy,1,1712,7,5,0.0000
2,policy,1,1712,8,6,0.0000
2,policy,1,1348,0,0,0.0000
2,policy,1,1348,1,0,0.0000
2,policy,1,1348,2,0,0.0000
2,policy,1,1348,3,1,0.0000
2,policy,1,1348,4,2,0.0000
2,policy,1,1348,5,3,0.0000
2,policy,1,1348,6,4,0.0000
2,policy,1,1348,7,5,0.0000
2,policy,1,1348,8,6,0.0000
2,policy,1,4769,0,0,0.0000
2,policy,1,4769,1,0,0.0000
2,policy,1,4769,2,0,0.0000
2,policy,1,4769,3,1,0.0000
2,policy,1,4769,4,1,0.0000
2,policy,1,4769,5,1,0.0000
2,policy,1,4769,6,2,0.0000
2,policy,1,4769,7,3,0.0000
2,policy,1,4769,8,3,0.0000
2,policy,1,3915,0,0,0.0784
2,policy,1,3915,1,1,0.3571
2,policy,1,3915,2,2,0.3130
2,policy,1,3915,3,3,0.3195
2,policy,1,3915,4,4,0.3832
2,policy,1,3915,5,5,0.3890
2,policy,1,3915,6,6,0.3890
2,policy,1,3915,7,7,0.4042
2,policy,1,3915,8,8,0.4967
2,policy,1,3137,0,0,0.0851
2,policy,1,3137,1,1,0.0000
2,policy,1,3137,2,2,0.0000
2,policy,1,3137,3,3,0.2090
2,policy,1,3137,4,4,0.2090
2,policy,1,3137,5,5,0.1370
2,policy,1,3137,6,6,0.1370
2,policy,1,3137,7,7,0.1396
2,policy,1,3137,8,8,0.1396
2,policy,1,3056,0,0,0.0000
2,policy,1,3056,1,0,0.0000
2,policy,1,3056,2,0,0.0000
2,policy,1,3056,3,1,0.0000
2,policy,1,3056,4,2,0.0000
2,policy,1,3056,5,3,0.0000
2,policy,1,3056,6,4,0.0000
2,policy,1,3056,7,4,0.0000
2,policy,1,3056,8,5,0.0000
2,policy,1,3344,0,0,0.1682
2,policy,1,3344,1,1,0.0734
2,policy,1,3344,2,2,0.2614
2,policy,1,3344,3,3,0.3183
2,policy,1,3344,4,4,0.3152
2,policy,1,3344,5,5,0.2999
2,policy,1,3344,6,6,0.3070
2,policy,1,3344,7,7,0.3152
2,policy,1,3344,8,8,0.3152
2,policy,1,2009,0,0,0.0000
2,policy,1,2009,1,1,0.2048
2,policy,1,2009,2,2,0.0851
2,policy,1,2009,3,3,0.1370
2,policy,1,2009,4,4,0.0734
2,policy,1,2009,5,5,0.0784
2,policy,1,2009,6,6,0.0784
2,policy,1,2009,7,7,0.0784
2,policy,1,2009,8,8,0.1370
2,policy,1,2794,0,0,0.0000
2,policy,1,2794,1,1,0.2201
2,policy,1,2794,2,2,0.2201
2,policy,1,2794,3,3,0.2863
2,policy,1,2794,4,4,0.1100
2,policy,1,2794,5,5,0.1100
2,policy,1,2794,6,6,0.1100
2,policy,1,2794,7,7,0.1737
2,policy,1,2794,8,8,0.1100
2,policy,1,5653,0,0,0.3125
2,policy,1,5653,1,0,0.3125
2,policy,1,5653,2,1,0.2837
2,policy,1,5653,3,2,0.2201
2,policy,1,5653,4,3,0.2051
2,policy,1,5653,5,4,0.2025
2,policy,1,5653,6,5,0.1389
2,policy,1,5653,7,6,0.1389
2,policy,1,5653,8,7,0.2025
2,policy,1,5615,0,0,0.0000
2,policy,1,5615,1,1,0.0000
2,policy,1,5615,2,2,0.1389
2,policy,1,5615,3,3,0.0851
2,policy,1,5615,4,4,0.0734
2,policy,1,5615,5,5,0.0694
2,policy,1,5615,6,6,0.0000
2,policy,1,5615,7,7,0.0000
2,policy,1,5615,8,8,0.0000
2,policy,1,3884,0,0,0.0948
2,policy,1,3884,1,1,0.3052
2,policy,1,3884,2,2,0.3149
2,policy,1,3884,3,3,0.3938
2,policy,1,3884,4,4,0.3938
2,policy,1,3884,5,5,0.4252
2,policy,1,3884,6,6,0.4252
2,policy,1,3884,7,7,0.4252
2,policy,1,3884,8,8,0.4252
2,policy,1,399,0,0,0.0000
2,policy,1,399,1,0,0.0000
2,policy,1,399,2,0,0.0000
2,policy,1,399,3,1,0.0000
2,policy,1,399,4,2,0.0000
2,policy,1,399,5,3,0.0000
2,policy,1,399,6,4,0.0000
2,policy,1,399,7,5,0.0000
2,policy,1,399,8,5,0.0000
2,policy,1,4972,0,0,0.0851
2,policy,1,4972,1,0,0.0851
2,policy,1,4972,2,0,0.0851
2,policy,1,4972,3,1,0.2985
2,policy,1,4972,4,2,0.2083
2,policy,1,4972,5,3,0.1642
2,policy,1,4972,6,4,0.2083
2,policy,1,4972,7,5,0.2083
2,policy,1,4972,8,5,0.2083
2,policy,1,6,0,0,0.0000
2,policy,1,6,1,0,0.0000
2,policy,1,6,2,1,0.1480
2,policy,1,6,3,2,0.1564
2,policy,1,6,4,3,0.1815
2,policy,1,6,5,4,0.1815
2,policy,1,6,6,5,0.1815
2,policy,1,6,7,6,0.1815
2,policy,1,6,8,7,0.1672
2,policy,1,4963,0,0,0.1389
2,policy,1,4963,1,1,0.0000
2,policy,1,4963,2,2,0.0000
2,policy,1,4963,3,3,0.0000
2,policy,1,4963,4,4,0.0000
2,policy,1,4963,5,5,0.0000
2,policy,1,4963,6,6,0.0000
2,policy,1,4963,7,7,0.0000
2,policy,1,4963,8,8,0.3380
2,policy,1,666,0,0,0.0000
2,policy,1,666,1,1,0.0000
2,policy,1,666,2,2,0.0000
2,policy,1,666,3,3,0.0000
2,policy,1,666,4,4,0.0000
2,policy,1,666,5,4,0.0000
2,policy,1,666,6,5,0.0000
2,policy,1,666,7,6,0.0000
2,policy,1,666,8,7,0.0000
2,policy,1,2621,0,0,0.1100
2,policy,1,2621,1,0,0.1100
2,policy,1,2621,2,0,0.1100
2,policy,1,2621,3,1,0.0000
2,policy,1,2621,4,1,0.0000
2,policy,1,2621,5,2,0.0000
2,policy,1,2621,6,3,0.0000
2,policy,1,2621,7,4,0.0000
2,policy,1,2621,8,5,0.0000
2,policy,1,465,0,0,0.1370
2,policy,1,465,1,1,0.2816
2,policy,1,465,2,1,0.2816
2,policy,1,465,3,2,0.4787
2,policy,1,465,4,3,0.4634
2,policy,1,465,5,4,0.4378
2,policy,1,465,6,5,0.4787
2,policy,1,465,7,6,0.4346
2,policy,1,465,8,7,0.2934
2,policy,1,2226,0,0,0.0000
2,policy,1,2226,1,0,0.0000
2,policy,1,2226,2,0,0.0000
2,policy,1,2226,3,1,0.0000
2,policy,1,2226,4,2,0.0000
2,policy,1,2226,5,3,0.0000
2,policy,1,2226,6,4,0.0000
2,policy,1,2226,7,5,0.0000
2,policy,1,2226,8,6,0.0000
2,policy,1,1528,0,0,0.0000
2,policy,1,1528,1,0,0.0000
2,policy,1,1528,2,1,0.0000
2,policy,1,1528,3,2,0.0000
2,policy,1,1528,4,3,0.0000
2,policy,1,1528,5,4,0.0000
2,policy,1,1528,6,5,0.0000
2,policy,1,1528,7,6,0.0000
2,policy,1,1528,8,7,0.0000
2,policy,1,247,0,0,0.0000
2,policy,1,247,1,0,0.0000
2,policy,1,247,2,0,0.0000
2,policy,1,247,3,1,0.0000
2,policy,1,247,4,2,0.0000
2,policy,1,247,5,2,0.0000
2,policy,1,247,6,3,0.0000
2,policy,1,247,7,4,0.0000
2,policy,1,247,8,5,0.0000
2,policy,1,5648,0,0,0.0851
2,policy,1,5648,1,1,0.3719
2,policy,1,5648,2,2,0.1447
2,policy,1,5648,3,3,0.0000
2,policy,1,5648,4,4,0.1331
2,policy,1,5648,5,5,0.2305
2,policy,1,5648,6,6,0.2305
2,policy,1,5648,7,7,0.3273
2,policy,1,5648,8,8,0.3223
2,policy,1,3710,0,0,0.0000
2,policy,1,3710,1,0,0.0000
2,policy,1,3710,2,1,0.0784
2,policy,1,3710,3,2,0.0694
2,policy,1,3710,4,3,0.0000
2,policy,1,3710,5,4,0.0000
2,policy,1,3710,6,5,0.0000
2,policy,1,3710,7,6,0.0000
2,policy,1,3710,8,7,0.0000
2,policy,1,4163,0,0,0.0000
2,policy,1,4163,1,0,0.0000
2,policy,1,4163,2,0,0.0000
2,policy,1,4163,3,1,0.0000
2,policy,1,4163,4,2,0.0000
2,policy,1,4163,5,3,0.0000
2,policy,1,4163,6,4,0.0000
2,policy,1,4163,7,5,0.0000
2,policy,1,4163,8,6,0.0000
2,policy,1,4625,0,0,0.1795
2,policy,1,4625,1,1,0.2051
2,policy,1,4625,2,2,0.3479
2,policy,1,4625,3,3,0.3850
2,policy,1,4625,4,4,0.3783
2,policy,1,4625,5,5,0.3783
2,policy,1,4625,6,6,0.3660
2,policy,1,4625,7,7,0.3024
2,policy,1,4625,8,8,0.3120
2,policy,1,1121,0,0,0.0000
2,policy,1,1121,1,1,0.1635
2,policy,1,1121,2,2,0.0000
2,policy,1,1121,3,3,0.0000
2,policy,1,1121,4,4,0.0000
2,policy,1,1121,5,5,0.0000
2,policy,1,1121,6,6,0.0000
2,policy,1,1121,7,7,0.0000
2,policy,1,1121,8,8,0.0000
2,policy,1,4026,0,0,0.0663
2,policy,1,4026,1,1,0.1100
2,policy,1,4026,2,2,0.1389
2,policy,1,4026,3,3,0.2025
2,policy,1,4026,4,4,0.1389
2,policy,1,4026,5,5,0.2025
2,policy,1,4026,6,6,0.1389
2,policy,1,4026,7,7,0.2025
2,policy,1,4026,8,8,0.2122
2,policy,1,1685,0,0,0.0000
2,policy,1,1685,1,1,0.0000
2,policy,1,1685,2,2,0.0000
2,policy,1,1685,3,3,0.0000
2,policy,1,1685,4,4,0.0000
2,policy,1,1685,5,4,0.0000
2,policy,1,1685,6,5,0.0000
2,policy,1,1685,7,6,0.0000
2,policy,1,1685,8,6,0.0000
2,policy,1,248,0,0,0.0784
2,policy,1,248,1,1,0.0948
2,policy,1,248,2,2,0.2115
2,policy,1,248,3,3,0.1610
2,policy,1,248,4,4,0.1682
2,policy,1,248,5,5,0.1732
2,policy,1,248,6,6,0.1732
2,policy,1,248,7,7,0.1799
2,policy,1,248,8,8,0.1799
2,policy,1,1221,0,0,0.0000
2,policy,1,1221,1,0,0.0000
2,policy,1,1221,2,1,0.0000
2,policy,1,1221,3,2,0.0000
2,policy,1,1221,4,3,0.0000
2,policy,1,1221,5,4,0.0000
2,policy,1,1221,6,5,0.0000
2,policy,1,1221,7,6,0.0000
2,policy,1,1221,8,7,0.0000
2,policy,1,132,0,0,0.1389
2,policy,1,132,1,0,0.1389
2,policy,1,132,2,0,0.1389
2,policy,1,132,3,1,0.0000
2,policy,1,132,4,2,0.0663
2,policy,1,132,5,3,0.0000
2,policy,1,132,6,4,0.0000
2,policy,1,132,7,5,0.0000
2,policy,1,132,8,6,0.0000
2,policy,1,2718,0,0,0.0000
2,policy,1,2718,1,1,0.1357
2,policy,1,2718,2,1,0.1357
2,policy,1,2718,3,2,0.2426
2,policy,1,2718,4,3,0.2462
2,policy,1,2718,5,4,0.2436
2,policy,1,2718,6,5,0.1732
2,policy,1,2718,7,6,0.1799
2,policy,1,2718,8,7,0.2935
2,policy,1,507,0,0,0.0000
2,policy,1,507,1,1,0.0000
2,policy,1,507,2,2,0.0000
2,policy,1,507,3,3,0.0000
2,policy,1,507,4,4,0.0000
2,policy,1,507,5,5,0.0000
2,policy,1,507,6,6,0.0000
2,policy,1,507,7,7,0.0000
2,policy,1,507,8,8,0.0000
2,policy,1,4786,0,0,0.0000
2,policy,1,4786,1,0,0.0000
2,policy,1,4786,2,1,0.0000
2,policy,1,4786,3,2,0.0000
2,policy,1,4786,4,3,0.0000
2,policy,1,4786,5,4,0.0000
2,policy,1,4786,6,5,0.0000
2,policy,1,4786,7,6,0.0000
2,policy,1,4786,8,7,0.0000
2,policy,1,241,0,0,0.0663
2,policy,1,241,1,1,0.0000
2,policy,1,241,2,2,0.0694
2,policy,1,241,3,3,0.1299
2,policy,1,241,4,4,0.1331
2,policy,1,241,5,5,0.1331
2,policy,1,241,6,6,0.1370
2,policy,1,241,7,7,0.1420
2,policy,1,241,8,8,0.1420
2,policy,1,2456,0,0,0.0000
2,policy,1,2456,1,1,0.2173
2,policy,1,2456,2,2,0.5361
2,policy,1,2456,3,3,0.5767
2,policy,1,2456,4,4,0.5677
2,policy,1,2456,5,5,0.6313
2,policy,1,2456,6,6,0.5631
2,policy,1,2456,7,7,0.6243
2,policy,1,2456,8,8,0.6243
2,policy,1,3202,0,0,0.0000
2,policy,1,3202,1,1,0.0000
2,policy,1,3202,2,2,0.0000
2,policy,1,3202,3,3,0.0000
2,policy,1,3202,4,4,0.0000
2,policy,1,3202,5,5,0.0000
2,policy,1,3202,6,6,0.0000
2,policy,1,3202,7,7,0.0000
2,policy,1,3202,8,8,0.0000
2,policy,1,62,0,0,0.1389
2,policy,1,62,1,0,0.1389
2,policy,1,62,2,1,0.0000
2,policy,1,62,3,1,0.0000
2,policy,1,62,4,2,0.0000
2,policy,1,62,5,3,0.0000
2,policy,1,62,6,4,0.0000
2,policy,1,62,7,5,0.0000
2,policy,1,62,8,6,0.0000
2,policy,1,3811,0,0,0.0663
2,policy,1,3811,1,1,0.2579
2,policy,1,3811,2,2,0.0000
2,policy,1,3811,3,3,0.0000
2,policy,1,3811,4,4,0.0000
2,policy,1,3811,5,5,0.0000
2,policy,1,3811,6,6,0.0000
2,policy,1,3811,7,7,0.0000
2,policy,1,3811,8,8,0.0000
2,policy,1,4901,0,0,0.0663
2,policy,1,4901,1,1,0.0000
2,policy,1,4901,2,2,0.0000
2,policy,1,4901,3,3,0.0851
2,policy,1,4901,4,4,0.0948
2,policy,1,4901,5,5,0.2201
2,policy,1,4901,6,5,0.2201
2,policy,1,4901,7,6,0.2201
2,policy,1,4901,8,7,0.2201
2,policy,1,4689,0,0,0.0000
2,policy,1,4689,1,1,0.0000
2,policy,1,4689,2,2,0.0000
2,policy,1,4689,3,3,0.0000
2,policy,1,4689,4,4,0.0000
2,policy,1,4689,5,5,0.0000
2,policy,1,4689,6,6,0.0000
2,policy,1,4689,7,7,0.0000
2,policy,1,4689,8,8,0.0000
2,policy,1,2509,0,0,0.0663
2,policy,1,2509,1,0,0.0663
2,policy,1,2509,2,1,0.0000
2,policy,1,2509,3,2,0.0000
2,policy,1,2509,4,3,0.0000
2,policy,1,2509,5,4,0.0000
2,policy,1,2509,6,4,0.0000
2,policy,1,2509,7,5,0.0000
2,policy,1,2509,8,6,0.0000
2,policy,1,5274,0,0,0.0000
2,policy,1,5274,1,0,0.0000
2,policy,1,5274,2,0,0.0000
2,policy,1,5274,3,1,0.0663
2,policy,1,5274,4,1,0.0663
2,policy,1,5274,5,2,0.1100
2,policy,1,5274,6,3,0.0948
2,policy,1,5274,7,4,0.0948
2,policy,1,5274,8,5,0.0948
2,policy,1,5586,0,0,0.1331
2,policy,1,5586,1,1,0.0000
2,policy,1,5586,2,2,0.0000
2,policy,1,5586,3,3,0.0000
2,policy,1,5586,4,4,0.0000
2,policy,1,5586,5,5,0.0000
2,policy,1,5586,6,6,0.0000
2,policy,1,5586,7,7,0.0000
2,policy,1,5586,8,8,0.0000
2,policy,1,9,0,0,0.2782
2,policy,1,9,1,1,0.2489
2,policy,1,9,2,2,0.2719
2,policy,1,9,3,3,0.2906
2,policy,1,9,4,4,0.2426
2,policy,1,9,5,5,0.3558
2,policy,1,9,6,5,0.3558
2,policy,1,9,7,6,0.2837
2,policy,1,9,8,7,0.2837
2,policy,1,863,0,0,0.0636
2,policy,1,863,1,0,0.0636
2,policy,1,863,2,0,0.0636
2,policy,1,863,3,1,0.1370
2,policy,1,863,4,2,0.1518
2,policy,1,863,5,3,0.2337
2,policy,1,863,6,4,0.1732
2,policy,1,863,7,5,0.1732
2,policy,1,863,8,6,0.0694
2,policy,1,2370,0,0,0.0000
2,policy,1,2370,1,0,0.0000
2,policy,1,2370,2,0,0.0000
2,policy,1,2370,3,1,0.0948
2,policy,1,2370,4,2,0.0948
2,policy,1,2370,5,3,0.0948
2,policy,1,2370,6,4,0.0948
2,policy,1,2370,7,5,0.0948
2,policy,1,2370,8,6,0.0948
2,policy,1,3588,0,0,0.0663
2,policy,1,3588,1,1,0.1100
2,policy,1,3588,2,2,0.2711
2,policy,1,3588,3,3,0.2240
2,policy,1,3588,4,4,0.2240
2,policy,1,3588,5,5,0.2240
2,policy,1,3588,6,6,0.2903
2,policy,1,3588,7,7,0.2240
2,policy,1,3588,8,8,0.2173
2,policy,1,2915,0,0,0.0000
2,policy,1,2915,1,1,0.0000
2,policy,1,2915,2,2,0.3996
2,policy,1,2915,3,3,0.3590
2,policy,1,2915,4,4,0.3590
2,policy,1,2915,5,5,0.3590
2,policy,1,2915,6,6,0.3590
2,policy,1,2915,7,7,0.3590
2,policy,1,2915,8,8,0.5326
2,policy,1,4407,0,0,0.1447
2,policy,1,4407,1,1,0.7020
2,policy,1,4407,2,2,0.0000
2,policy,1,4407,3,3,0.0000
2,policy,1,4407,4,4,0.0694
2,policy,1,4407,5,5,0.0734
2,policy,1,4407,6,6,0.1610
2,policy,1,4407,7,7,0.2278
2,policy,1,4407,8,8,0.2466
2,policy,1,2416,0,0,0.0000
2,policy,1,2416,1,1,0.0000
2,policy,1,2416,2,2,0.0000
2,policy,1,2416,3,3,0.0000
2,policy,1,2416,4,3,0.0000
2,policy,1,2416,5,4,0.0000
2,policy,1,2416,6,4,0.0000
2,policy,1,2416,7,4,0.0000
2,policy,1,2416,8,5,0.0000
2,policy,1,5173,0,0,0.0000
2,policy,1,5173,1,0,0.0000
2,policy,1,5173,2,0,0.0000
2,policy,1,5173,3,0,0.0000
2,policy,1,5173,4,1,0.2529
2,policy,1,5173,5,1,0.2529
2,policy,1,5173,6,1,0.2529
2,policy,1,5173,7,1,0.2529
2,policy,1,5173,8,2,0.2529
2,policy,1,4915,0,0,0.0784
2,policy,1,4915,1,0,0.0784
2,policy,1,4915,2,1,0.0000
2,policy,1,4915,3,2,0.0784
2,policy,1,4915,4,3,0.0784
2,policy,1,4915,5,4,0.0784
2,policy,1,4915,6,5,0.0734
2,policy,1,4915,7,6,0.0636
2,policy,1,4915,8,7,0.0000
2,policy,1,4446,0,0,0.1585
2,policy,1,4446,1,1,0.3418
2,policy,1,4446,2,2,0.3273
2,policy,1,4446,3,3,0.3273
2,policy,1,4446,4,4,0.3273
2,policy,1,4446,5,5,0.3859
2,policy,1,4446,6,6,0.3859
2,policy,1,4446,7,7,0.3733
2,policy,1,4446,8,8,0.3398
2,policy,1,5549,0,0,0.2547
2,policy,1,5549,1,1,0.6340
2,policy,1,5549,2,2,0.4042
2,policy,1,5549,3,3,0.4016
2,policy,1,5549,4,4,0.4016
2,policy,1,5549,5,5,0.3940
2,policy,1,5549,6,6,0.3863
2,policy,1,5549,7,7,0.3953
2,policy,1,5549,8,8,0.3953
2,policy,1,2431,0,0,0.0000
2,policy,1,2431,1,0,0.0000
2,policy,1,2431,2,0,0.0000
2,policy,1,2431,3,1,0.0000
2,policy,1,2431,4,2,0.0000
2,policy,1,2431,5,3,0.0000
2,policy,1,2431,6,4,0.0000
2,policy,1,2431,7,5,0.0000
2,policy,1,2431,8,6,0.0000
2,policy,1,4918,0,0,0.0000
2,policy,1,4918,1,0,0.0000
2,policy,1,4918,2,0,0.0000
2,policy,1,4918,3,1,0.0000
2,policy,1,4918,4,2,0.0000
2,policy,1,4918,5,3,0.0000
2,policy,1,4918,6,4,0.0000
2,policy,1,4918,7,4,0.0000
2,policy,1,4918,8,5,0.0000
2,policy,1,3343,0,0,0.0000
2,policy,1,3343,1,1,0.0000
2,policy,1,3343,2,2,0.0000
2,policy,1,3343,3,3,0.0000
2,policy,1,3343,4,4,0.0000
2,policy,1,3343,5,5,0.0000
2,policy,1,3343,6,6,0.0000
2,policy,1,3343,7,7,0.0000
2,policy,1,3343,8,7,0.0000
2,policy,1,3736,0,0,0.0000
2,policy,1,3736,1,1,0.0000
2,policy,1,3736,2,2,0.1396
2,policy,1,3736,3,3,0.2272
2,policy,1,3736,4,4,0.2221
2,policy,1,3736,5,5,0.1518
2,policy,1,3736,6,6,0.1585
2,policy,1,3736,7,7,0.2154
2,policy,1,3736,8,8,0.1585
2,policy,1,2110,0,0,0.0000
2,policy,1,2110,1,0,0.0000
2,policy,1,2110,2,0,0.0000
2,policy,1,2110,3,1,0.3392
2,policy,1,2110,4,1,0.3392
2,policy,1,2110,5,1,0.3392
2,policy,1,2110,6,2,0.1131
2,policy,1,2110,7,3,0.1696
2,policy,1,2110,8,3,0.1696
2,policy,1,3782,0,0,0.0000
2,policy,1,3782,1,0,0.0000
2,policy,1,3782,2,0,0.0000
2,policy,1,3782,3,1,0.0000
2,policy,1,3782,4,1,0.0000
2,policy,1,3782,5,1,0.0000
2,policy,1,3782,6,2,0.0000
2,policy,1,3782,7,3,0.0000
2,policy,1,3782,8,3,0.0000
2,policy,1,5362,0,0,0.0000
2,policy,1,5362,1,0,0.0000
2,policy,1,5362,2,1,0.2051
2,policy,1,5362,3,2,0.2122
2,policy,1,5362,4,3,0.2240
2,policy,1,5362,5,4,0.2173
2,policy,1,5362,6,5,0.2240
2,policy,1,5362,7,6,0.2240
2,policy,1,5362,8,7,0.2240
2,policy,1,4839,0,0,0.0636
2,policy,1,4839,1,1,0.2201
2,policy,1,4839,2,1,0.2201
2,policy,1,4839,3,2,0.0000
2,policy,1,4839,4,3,0.0000
2,policy,1,4839,5,4,0.0000
2,policy,1,4839,6,5,0.0000
2,policy,1,4839,7,6,0.0000
2,policy,1,4839,8,7,0.0000
2,policy,1,5739,0,0,0.0000
2,policy,1,5739,1,0,0.0000
2,policy,1,5739,2,1,0.0000
2,policy,1,5739,3,2,0.0000
2,policy,1,5739,4,3,0.0000
2,policy,1,5739,5,4,0.0000
2,policy,1,5739,6,5,0.0000
2,policy,1,5739,7,6,0.0000
2,policy,1,5739,8,7,0.0000
2,policy,1,4541,0,0,0.0000
2,policy,1,4541,1,1,0.0000
2,policy,1,4541,2,1,0.0000
2,policy,1,4541,3,2,0.1510
2,policy,1,4541,4,2,0.1510
2,policy,1,4541,5,2,0.1510
2,policy,1,4541,6,3,0.1510
2,policy,1,4541,7,4,0.1681
2,policy,1,4541,8,5,0.1681
2,policy,1,5964,0,0,0.0000
2,policy,1,5964,1,0,0.0000
2,policy,1,5964,2,0,0.0000
2,policy,1,5964,3,0,0.0000
2,policy,1,5964,4,1,0.0000
2,policy,1,5964,5,1,0.0000
2,policy,1,5964,6,1,0.0000
2,policy,1,5964,7,1,0.0000
2,policy,1,5964,8,2,0.0000
2,policy,1,2130,0,0,0.1763
2,policy,1,2130,1,1,0.2051
2,policy,1,2130,2,2,0.0000
2,policy,1,2130,3,3,0.0000
2,policy,1,2130,4,4,0.0000
2,policy,1,2130,5,5,0.0000
2,policy,1,2130,6,6,0.0000
2,policy,1,2130,7,7,0.0000
2,policy,1,2130,8,8,0.0000
2,policy,1,5494,0,0,0.1909
2,policy,1,5494,1,0,0.1909
2,policy,1,5494,2,0,0.1909
2,policy,1,5494,3,1,0.0000
2,policy,1,5494,4,2,0.0000
2,policy,1,5494,5,3,0.0000
2,policy,1,5494,6,4,0.0000
2,policy,1,5494,7,4,0.0000
2,policy,1,5494,8,4,0.0000
2,policy,1,1586,0,0,0.2051
2,policy,1,1586,1,1,0.1884
2,policy,1,1586,2,2,0.0636
2,policy,1,1586,3,3,0.0636
2,policy,1,1586,4,4,0.1396
2,policy,1,1586,5,5,0.1584
2,policy,1,1586,6,6,0.2208
2,policy,1,1586,7,7,0.2330
2,policy,1,1586,8,8,0.2298
2,policy,1,650,0,0,0.0851
2,policy,1,650,1,1,0.8580
2,policy,1,650,2,2,0.8669
2,policy,1,650,3,3,0.8701
2,policy,1,650,4,4,0.8669
2,policy,1,650,5,5,0.8580
2,policy,1,650,6,6,0.8390
2,policy,1,650,7,7,0.7878
2,policy,1,650,8,8,0.7760
2,policy,1,2011,0,0,0.0000
2,policy,1,2011,1,1,0.2201
2,policy,1,2011,2,2,0.1584
2,policy,1,2011,3,3,0.0734
2,policy,1,2011,4,4,0.0734
2,policy,1,2011,5,5,0.2032
2,policy,1,2011,6,6,0.1428
2,policy,1,2011,7,7,0.1357
2,policy,1,2011,8,8,0.1299
2,policy,1,6007,0,0,0.0000
2,policy,1,6007,1,0,0.0000
2,policy,1,6007,2,0,0.0000
2,policy,1,6007,3,1,0.1301
2,policy,1,6007,4,2,0.1510
2,policy,1,6007,5,3,0.1391
2,policy,1,6007,6,4,0.1391
2,policy,1,6007,7,5,0.1391
2,policy,1,6007,8,6,0.1301
2,policy,1,5044,0,0,0.0000
2,policy,1,5044,1,1,0.1175
2,policy,1,5044,2,1,0.1175
2,policy,1,5044,3,2,0.1301
2,policy,1,5044,4,2,0.1301
2,policy,1,5044,5,2,0.1301
2,policy,1,5044,6,2,0.1301
2,policy,1,5044,7,2,0.1301
2,policy,1,5044,8,3,0.1301
2,policy,1,2227,0,0,0.0000
2,policy,1,2227,1,0,0.0000
2,policy,1,2227,2,1,0.0948
2,policy,1,2227,3,2,0.1584
2,policy,1,2227,4,3,0.0948
2,policy,1,2227,5,4,0.0948
2,policy,1,2227,6,5,0.0851
2,policy,1,2227,7,6,0.0851
2,policy,1,2227,8,7,0.0851
2,policy,1,2595,0,0,0.0000
2,policy,1,2595,1,0,0.0000
2,policy,1,2595,2,0,0.0000
2,policy,1,2595,3,1,0.0000
2,policy,1,2595,4,2,0.0000
2,policy,1,2595,5,2,0.0000
2,policy,1,2595,6,3,0.0000
2,policy,1,2595,7,4,0.0000
2,policy,1,2595,8,5,0.0000
2,policy,1,2426,0,0,0.2051
2,policy,1,2426,1,0,0.2051
2,policy,1,2426,2,1,0.0000
2,policy,1,2426,3,2,0.1100
2,policy,1,2426,4,3,0.1389
2,policy,1,2426,5,4,0.1100
2,policy,1,2426,6,5,0.1100
2,policy,1,2426,7,6,0.1100
2,policy,1,2426,8,7,0.1100
2,policy,1,3355,0,0,0.4003
2,policy,1,3355,1,1,0.4608
2,policy,1,3355,2,2,0.5728
2,policy,1,3355,3,3,0.5767
2,policy,1,3355,4,4,0.5767
2,policy,1,3355,5,5,0.6016
2,policy,1,3355,6,6,0.6628
2,policy,1,3355,7,7,0.7218
2,policy,1,3355,8,8,0.7066
2,policy,1,5088,0,0,0.0000
2,policy,1,5088,1,0,0.0000
2,policy,1,5088,2,0,0.0000
2,policy,1,5088,3,1,0.1846
2,policy,1,5088,4,1,0.1846
2,policy,1,5088,5,1,0.1846
2,policy,1,5088,6,2,0.3109
2,policy,1,5088,7,3,0.1980
2,policy,1,5088,8,3,0.1980
2,policy,1,4268,0,0,0.0636
2,policy,1,4268,1,1,0.0000
2,policy,1,4268,2,2,0.0000
2,policy,1,4268,3,3,0.0000
2,policy,1,4268,4,4,0.0000
2,policy,1,4268,5,5,0.0000
2,policy,1,4268,6,6,0.0636
2,policy,1,4268,7,7,0.0636
2,policy,1,4268,8,8,0.0663
2,policy,1,526,0,0,0.0000
2,policy,1,526,1,0,0.0000
2,policy,1,526,2,0,0.0000
2,policy,1,526,3,1,0.0000
2,policy,1,526,4,1,0.0000
2,policy,1,526,5,1,0.0000
2,policy,1,526,6,2,0.0000
2,policy,1,526,7,3,0.0000
2,policy,1,526,8,3,0.0000
2,policy,1,5980,0,0,0.0000
2,policy,1,5980,1,1,0.1100
2,policy,1,5980,2,2,0.0000
2,policy,1,5980,3,3,0.0000
2,policy,1,5980,4,4,0.0000
2,policy,1,5980,5,5,0.0000
2,policy,1,5980,6,6,0.0000
2,policy,1,5980,7,7,0.0000
2,policy,1,5980,8,7,0.0000
2,policy,1,1692,0,0,0.0636
2,policy,1,1692,1,1,0.4690
2,policy,1,1692,2,2,0.3120
2,policy,1,1692,3,3,0.2330
2,policy,1,1692,4,4,0.3024
2,policy,1,1692,5,5,0.3188
2,policy,1,1692,6,6,0.3188
2,policy,1,1692,7,7,0.3341
2,policy,1,1692,8,8,0.0948
2,policy,1,4601,0,0,0.0000
2,policy,1,4601,1,1,0.0000
2,policy,1,4601,2,2,0.1737
2,policy,1,4601,3,3,0.2025
2,policy,1,4601,4,4,0.2025
2,policy,1,4601,5,4,0.2025
2,policy,1,4601,6,5,0.2025
2,policy,1,4601,7,6,0.2025
2,policy,1,4601,8,6,0.2025
2,policy,1,5264,0,0,0.0000
2,policy,1,5264,1,1,0.0000
2,policy,1,5264,2,2,0.1763
2,policy,1,5264,3,3,0.2835
2,policy,1,5264,4,4,0.2758
2,policy,1,5264,5,5,0.2758
2,policy,1,5264,6,6,0.2719
2,policy,1,5264,7,7,0.2083
2,policy,1,5264,8,8,0.4737
2,policy,1,1534,0,0,0.0000
2,policy,1,1534,1,1,0.0000
2,policy,1,1534,2,2,0.0000
2,policy,1,1534,3,3,0.1063
2,policy,1,1534,4,3,0.1063
2,policy,1,1534,5,3,0.1063
2,policy,1,1534,6,4,0.1184
2,policy,1,1534,7,5,0.1184
2,policy,1,1534,8,6,0.1063
2,policy,1,233,0,0,0.0000
2,policy,1,233,1,1,0.0000
2,policy,1,233,2,2,0.0000
2,policy,1,233,3,3,0.0000
2,policy,1,233,4,4,0.0000
2,policy,1,233,5,4,0.0000
2,policy,1,233,6,5,0.0000
2,policy,1,233,7,6,0.0000
2,policy,1,233,8,6,0.0000
2,policy,1,2988,0,0,0.0851
2,policy,1,2988,1,0,0.0851
2,policy,1,2988,2,0,0.0851
2,policy,1,2988,3,1,0.0000
2,policy,1,2988,4,2,0.0000
2,policy,1,2988,5,3,0.0000
2,policy,1,2988,6,4,0.0000
2,policy,1,2988,7,5,0.0000
2,policy,1,2988,8,6,0.2201
2,policy,1,5717,0,0,0.5670
2,policy,1,5717,1,1,0.0000
2,policy,1,5717,2,2,0.3125
2,policy,1,5717,3,3,0.2462
2,policy,1,5717,4,4,0.3348
2,policy,1,5717,5,5,0.2743
2,policy,1,5717,6,6,0.2583
2,policy,1,5717,7,7,0.2583
2,policy,1,5717,8,8,0.2305
2,policy,1,2730,0,0,0.4479
2,policy,1,2730,1,1,0.5617
2,policy,1,2730,2,2,0.5617
2,policy,1,2730,3,3,0.4955
2,policy,1,2730,4,4,0.4955
2,policy,1,2730,5,5,0.4915
2,policy,1,2730,6,6,0.4883
2,policy,1,2730,7,7,0.4737
2,policy,1,2730,8,8,0.4331
2,policy,1,5011,0,0,0.0000
2,policy,1,5011,1,0,0.0000
2,policy,1,5011,2,0,0.0000
2,policy,1,5011,3,0,0.0000
2,policy,1,5011,4,1,0.0000
2,policy,1,5011,5,1,0.0000
2,policy,1,5011,6,1,0.0000
2,policy,1,5011,7,2,0.0000
2,policy,1,5011,8,3,0.0000
2,policy,1,3894,0,0,0.0784
2,policy,1,3894,1,0,0.0784
2,policy,1,3894,2,0,0.0784
2,policy,1,3894,3,1,0.0948
2,policy,1,3894,4,2,0.1389
2,policy,1,3894,5,3,0.2201
2,policy,1,3894,6,4,0.2201
2,policy,1,3894,7,5,0.2201
2,policy,1,3894,8,5,0.2201
2,policy,1,4366,0,0,0.0851
2,policy,1,4366,1,1,0.0000
2,policy,1,4366,2,2,0.0000
2,policy,1,4366,3,3,0.0000
2,policy,1,4366,4,4,0.0000
2,policy,1,4366,5,4,0.0000
2,policy,1,4366,6,5,0.0000
2,policy,1,4366,7,6,0.0000
2,policy,1,4366,8,7,0.0000
2,policy,1,1636,0,0,0.0000
2,policy,1,1636,1,1,0.0000
2,policy,1,1636,2,2,0.0000
2,policy,1,1636,3,3,0.0000
2,policy,1,1636,4,4,0.0000
2,policy,1,1636,5,5,0.0000
2,policy,1,1636,6,6,0.0000
2,policy,1,1636,7,7,0.0000
2,policy,1,1636,8,8,0.0000
2,policy,1,5047,0,0,0.0851
2,policy,1,5047,1,1,0.1389
2,policy,1,5047,2,2,0.1389
2,policy,1,5047,3,3,0.0851
2,policy,1,5047,4,4,0.0784
2,policy,1,5047,5,5,0.0694
2,policy,1,5047,6,6,0.0000
2,policy,1,5047,7,7,0.0000
2,policy,1,5047,8,8,0.0663
2,policy,1,1527,0,0,0.0000
2,policy,1,1527,1,1,0.0000
2,policy,1,1527,2,2,0.0000
2,policy,1,1527,3,3,0.0000
2,policy,1,1527,4,4,0.0000
2,policy,1,1527,5,5,0.0000
2,policy,1,1527,6,6,0.0000
2,policy,1,1527,7,7,0.0000
2,policy,1,1527,8,8,0.0000
2,policy,1,5390,0,0,0.0000
2,policy,1,5390,1,0,0.0000
2,policy,1,5390,2,0,0.0000
2,policy,1,5390,3,1,0.0000
2,policy,1,5390,4,1,0.0000
2,policy,1,5390,5,2,0.0000
2,policy,1,5390,6,3,0.0000
2,policy,1,5390,7,4,0.0000
2,policy,1,5390,8,4,0.0000
2,policy,1,1111,0,0,0.4748
2,policy,1,1111,1,1,0.5795
2,policy,1,1111,2,2,0.4420
2,policy,1,1111,3,3,0.2900
2,policy,1,1111,4,4,0.2743
2,policy,1,1111,5,5,0.5142
2,policy,1,1111,6,6,0.5142
2,policy,1,1111,7,7,0.4449
2,policy,1,1111,8,8,0.4449
2,policy,1,3741,0,0,0.0000
2,policy,1,3741,1,1,0.2337
2,policy,1,3741,2,2,0.2999
2,policy,1,3741,3,3,0.1732
2,policy,1,3741,4,4,0.2394
2,policy,1,3741,5,5,0.2646
2,policy,1,3741,6,6,0.2686
2,policy,1,3741,7,7,0.2466
2,policy,1,3741,8,8,0.2394
2,policy,1,2778,0,0,0.0000
2,policy,1,2778,1,1,0.0663
2,policy,1,2778,2,2,0.0000
2,policy,1,2778,3,3,0.1357
2,policy,1,2778,4,4,0.1331
2,policy,1,2778,5,5,0.1370
2,policy,1,2778,6,6,0.1420
2,policy,1,2778,7,7,0.0784
2,policy,1,2778,8,7,0.0784
2,policy,1,483,0,0,0.0000
2,policy,1,483,1,0,0.0000
2,policy,1,483,2,1,0.0000
2,policy,1,483,3,2,0.0000
2,policy,1,483,4,3,0.0000
2,policy,1,483,5,4,0.0000
2,policy,1,483,6,4,0.0000
2,policy,1,483,7,5,0.0000
2,policy,1,483,8,6,0.0000
2,policy,1,706,0,0,0.0000
2,policy,1,706,1,0,0.0000
2,policy,1,706,2,0,0.0000
2,policy,1,706,3,1,0.0000
2,policy,1,706,4,2,0.0000
2,policy,1,706,5,3,0.0000
2,policy,1,706,6,4,0.0000
2,policy,1,706,7,5,0.0000
2,policy,1,706,8,6,0.0000
2,policy,1,1938,0,0,0.0663
2,policy,1,1938,1,1,0.0000
2,policy,1,1938,2,2,0.0000
2,policy,1,1938,3,3,0.0694
2,policy,1,1938,4,4,0.0663
2,policy,1,1938,5,5,0.0694
2,policy,1,1938,6,6,0.0663
2,policy,1,1938,7,7,0.0694
2,policy,1,1938,8,8,0.0851
2,policy,1,2064,0,0,0.0000
2,policy,1,2064,1,0,0.0000
2,policy,1,2064,2,0,0.0000
2,policy,1,2064,3,1,0.0000
2,policy,1,2064,4,2,0.0000
2,policy,1,2064,5,2,0.0000
2,policy,1,2064,6,3,0.0000
2,policy,1,2064,7,4,0.0000
2,policy,1,2064,8,5,0.0000
2,policy,1,5812,0,0,0.0000
2,policy,1,5812,1,1,0.2743
2,policy,1,5812,2,2,0.4304
2,policy,1,5812,3,3,0.2685
2,policy,1,5812,4,4,0.2685
2,policy,1,5812,5,5,0.2685
2,policy,1,5812,6,6,0.2048
2,policy,1,5812,7,7,0.2685
2,policy,1,5812,8,8,0.1884
2,policy,1,5552,0,0,0.0663
2,policy,1,5552,1,1,0.1952
2,policy,1,5552,2,2,0.2337
2,policy,1,5552,3,3,0.2240
2,policy,1,5552,4,4,0.2240
2,policy,1,5552,5,5,0.2240
2,policy,1,5552,6,6,0.2240
2,policy,1,5552,7,7,0.2173
2,policy,1,5552,8,8,0.2083
2,policy,1,2389,0,0,0.0851
2,policy,1,2389,1,0,0.0851
2,policy,1,2389,2,1,0.0000
2,policy,1,2389,3,2,0.0000
2,policy,1,2389,4,3,0.0000
2,policy,1,2389,5,4,0.0000
2,policy,1,2389,6,4,0.0000
2,policy,1,2389,7,5,0.0000
2,policy,1,2389,8,6,0.0000
2,policy,1,704,0,0,0.0000
2,policy,1,704,1,1,0.0000
2,policy,1,704,2,2,0.0000
2,policy,1,704,3,3,0.0000
2,policy,1,704,4,4,0.0000
2,policy,1,704,5,5,0.0000
2,policy,1,704,6,6,0.0000
2,policy,1,704,7,7,0.0000
2,policy,1,704,8,8,0.0000
2,policy,1,110,0,0,0.4000
2,policy,1,110,1,0,0.4000
2,policy,1,110,2,0,0.4000
2,policy,1,110,3,1,0.0000
2,policy,1,110,4,2,0.0000
2,policy,1,110,5,3,0.0000
2,policy,1,110,6,4,0.0000
2,policy,1,110,7,5,0.0000
2,policy,1,110,8,5,0.0000
2,policy,1,113,0,0,0.0000
2,policy,1,113,1,0,0.0000
2,policy,1,113,2,0,0.0000
2,policy,1,113,3,1,0.0000
2,policy,1,113,4,2,0.0000
2,policy,1,113,5,3,0.0000
2,policy,1,113,6,3,0.0000
2,policy,1,113,7,3,0.0000
2,policy,1,113,8,4,0.0000
2,policy,1,2754,0,0,0.0000
2,policy,1,2754,1,0,0.0000
2,policy,1,2754,2,0,0.0000
2,policy,1,2754,3,0,0.0000
2,policy,1,2754,4,1,0.2749
2,policy,1,2754,5,1,0.2749
2,policy,1,2754,6,1,0.2749
2,policy,1,2754,7,1,0.2749
2,policy,1,2754,8,1,0.2749
2,policy,1,1153,0,0,0.0000
2,policy,1,1153,1,1,0.0000
2,policy,1,1153,2,1,0.0000
2,policy,1,1153,3,2,0.0000
2,policy,1,1153,4,2,0.0000
2,policy,1,1153,5,2,0.0000
2,policy,1,1153,6,3,0.0000
2,policy,1,1153,7,4,0.0000
2,policy,1,1153,8,5,0.0000
2,policy,1,1196,0,0,0.0000
2,policy,1,1196,1,1,0.0000
2,policy,1,1196,2,1,0.0000
2,policy,1,1196,3,2,0.1232
2,policy,1,1196,4,2,0.1232
2,policy,1,1196,5,2,0.1232
2,policy,1,1196,6,3,0.1301
2,policy,1,1196,7,4,0.1391
2,policy,1,1196,8,5,0.1175
2,policy,1,5229,0,0,0.1447
2,policy,1,5229,1,0,0.1447
2,policy,1,5229,2,1,0.0734
2,policy,1,5229,3,2,0.1100
2,policy,1,5229,4,3,0.0784
2,policy,1,5229,5,4,0.2884
2,policy,1,5229,6,5,0.3718
2,policy,1,5229,7,6,0.5321
2,policy,1,5229,8,7,0.6178
2,policy,1,5984,0,0,0.0000
2,policy,1,5984,1,0,0.0000
2,policy,1,5984,2,0,0.0000
2,policy,1,5984,3,1,0.0000
2,policy,1,5984,4,2,0.0000
2,policy,1,5984,5,3,0.0000
2,policy,1,5984,6,4,0.0000
2,policy,1,5984,7,4,0.0000
2,policy,1,5984,8,4,0.0000
2,policy,1,1282,0,0,0.0000
2,policy,1,1282,1,0,0.0000
2,policy,1,1282,2,0,0.0000
2,policy,1,1282,3,1,0.0000
2,policy,1,1282,4,2,0.0000
2,policy,1,1282,5,2,0.0000
2,policy,1,1282,6,3,0.0000
2,policy,1,1282,7,4,0.0000
2,policy,1,1282,8,5,0.0000
2,policy,1,3945,0,0,0.2032
2,policy,1,3945,1,1,0.0000
2,policy,1,3945,2,2,0.1834
2,policy,1,3945,3,3,0.2122
2,policy,1,3945,4,4,0.2173
2,policy,1,3945,5,5,0.2173
2,policy,1,3945,6,6,0.2240
2,policy,1,3945,7,7,0.2240
2,policy,1,3945,8,8,0.2240
2,policy,1,3853,0,0,0.2083
2,policy,1,3853,1,1,0.0694
2,policy,1,3853,2,2,0.0784
2,policy,1,3853,3,3,0.1100
2,policy,1,3853,4,4,0.0948
2,policy,1,3853,5,5,0.0948
2,policy,1,3853,6,6,0.0694
2,policy,1,3853,7,7,0.0784
2,policy,1,3853,8,7,0.0784
2,policy,1,3762,0,0,0.0734
2,policy,1,3762,1,0,0.0734
2,policy,1,3762,2,1,0.2025
2,policy,1,3762,3,2,0.2051
2,policy,1,3762,4,3,0.1584
2,policy,1,3762,5,4,0.1389
2,policy,1,3762,6,5,0.2083
2,policy,1,3762,7,6,0.2051
2,policy,1,3762,8,7,0.2122
2,policy,1,2173,0,0,0.2985
2,policy,1,2173,1,1,0.0000
2,policy,1,2173,2,2,0.2201
2,policy,1,2173,3,3,0.2201
2,policy,1,2173,4,4,0.2895
2,policy,1,2173,5,5,0.3052
2,policy,1,2173,6,6,0.3052
2,policy,1,2173,7,7,0.2240
2,policy,1,2173,8,8,0.2240
2,policy,1,5749,0,0,0.0000
2,policy,1,5749,1,1,0.0000
2,policy,1,5749,2,2,0.0000
2,policy,1,5749,3,3,0.0000
2,policy,1,5749,4,4,0.0000
2,policy,1,5749,5,5,0.0000
2,policy,1,5749,6,6,0.0000
2,policy,1,5749,7,7,0.0000
2,policy,1,5749,8,8,0.0000
2,policy,1,3083,0,0,0.0000
2,policy,1,3083,1,0,0.0000
2,policy,1,3083,2,0,0.0000
2,policy,1,3083,3,1,0.0000
2,policy,1,3083,4,2,0.0000
2,policy,1,3083,5,2,0.0000
2,policy,1,3083,6,3,0.0000
2,policy,1,3083,7,4,0.0000
2,policy,1,3083,8,4,0.0000
2,policy,1,563,0,0,0.0851
2,policy,1,563,1,1,0.0948
2,policy,1,563,2,2,0.0000
2,policy,1,563,3,3,0.0000
2,policy,1,563,4,4,0.0000
2,policy,1,563,5,4,0.0000
2,policy,1,563,6,5,0.0000
2,policy,1,563,7,5,0.0000
2,policy,1,563,8,5,0.0000
2,policy,1,2791,0,0,0.0000
2,policy,1,2791,1,1,0.0694
2,policy,1,2791,2,2,0.2935
2,policy,1,2791,3,3,0.2837
2,policy,1,2791,4,4,0.2837
2,policy,1,2791,5,5,0.2863
2,policy,1,2791,6,6,0.2863
2,policy,1,2791,7,7,0.2863
2,policy,1,2791,8,8,0.2837
2,policy,1,1840,0,0,0.2083
2,policy,1,1840,1,1,0.0000
2,policy,1,1840,2,2,0.0000
2,policy,1,1840,3,3,0.0000
2,policy,1,1840,4,4,0.0000
2,policy,1,1840,5,5,0.0000
2,policy,1,1840,6,6,0.0000
2,policy,1,1840,7,7,0.0000
2,policy,1,1840,8,8,0.0000
2,policy,1,3750,0,0,0.1546
2,policy,1,3750,1,1,0.2212
2,policy,1,3750,2,2,0.0000
2,policy,1,3750,3,3,0.0000
2,policy,1,3750,4,4,0.0000
2,policy,1,3750,5,5,0.0000
2,policy,1,3750,6,6,0.0000
2,policy,1,3750,7,7,0.0000
2,policy,1,3750,8,8,0.0000
2,policy,1,1204,0,0,0.0694
2,policy,1,1204,1,0,0.0694
2,policy,1,1204,2,0,0.0694
2,policy,1,1204,3,1,0.0000
2,policy,1,1204,4,1,0.0000
2,policy,1,1204,5,2,0.2837
2,policy,1,1204,6,3,0.2201
2,policy,1,1204,7,3,0.2201
2,policy,1,1204,8,4,0.2051
2,policy,1,51,0,0,0.0734
2,policy,1,51,1,0,0.0734
2,policy,1,51,2,0,0.0734
2,policy,1,51,3,1,0.2900
2,policy,1,51,4,2,0.3495
2,policy,1,51,5,3,0.2900
2,policy,1,51,6,4,0.2900
2,policy,1,51,7,5,0.2900
2,policy,1,51,8,6,0.2900
2,policy,1,3728,0,0,0.3102
2,policy,1,3728,1,1,0.0000
2,policy,1,3728,2,2,0.1732
2,policy,1,3728,3,3,0.2436
2,policy,1,3728,4,4,0.2436
2,policy,1,3728,5,5,0.1799
2,policy,1,3728,6,6,0.2368
2,policy,1,3728,7,7,0.2494
2,policy,1,3728,8,8,0.3156
2,policy,1,1159,0,0,0.0000
2,policy,1,1159,1,0,0.0000
2,policy,1,1159,2,1,0.0000
2,policy,1,1159,3,2,0.0000
2,policy,1,1159,4,3,0.0000
2,policy,1,1159,5,4,0.0000
2,policy,1,1159,6,4,0.0000
2,policy,1,1159,7,5,0.0000
2,policy,1,1159,8,6,0.0000
2,policy,1,492,0,0,0.0851
2,policy,1,492,1,0,0.0851
2,policy,1,492,2,1,0.0784
2,policy,1,492,3,2,0.1585
2,policy,1,492,4,3,0.2240
2,policy,1,492,5,4,0.3149
2,policy,1,492,6,5,0.3689
2,policy,1,492,7,6,0.3719
2,policy,1,492,8,7,0.3715
2,policy,1,5657,0,0,0.0851
2,policy,1,5657,1,1,0.0694
2,policy,1,5657,2,2,0.2201
2,policy,1,5657,3,3,0.2201
2,policy,1,5657,4,4,0.2201
2,policy,1,5657,5,5,0.2201
2,policy,1,5657,6,6,0.2201
2,policy,1,5657,7,7,0.2201
2,policy,1,5657,8,8,0.2201
2,policy,1,4907,0,0,0.0694
2,policy,1,4907,1,1,0.2736
2,policy,1,4907,2,2,0.0734
2,policy,1,4907,3,3,0.1331
2,policy,1,4907,4,4,0.0694
2,policy,1,4907,5,4,0.0694
2,policy,1,4907,6,5,0.0663
2,policy,1,4907,7,6,0.0663
2,policy,1,4907,8,7,0.0663
2,policy,1,2276,0,0,0.5585
2,policy,1,2276,1,0,0.5585
2,policy,1,2276,2,0,0.5585
2,policy,1,2276,3,1,0.0000
2,policy,1,2276,4,2,0.0000
2,policy,1,2276,5,2,0.0000
2,policy,1,2276,6,2,0.0000
2,policy,1,2276,7,2,0.0000
2,policy,1,2276,8,2,0.0000
2,policy,1,4534,0,0,0.1763
2,policy,1,4534,1,1,0.3972
2,policy,1,4534,2,2,0.6217
2,policy,1,4534,3,3,0.5801
2,policy,1,4534,4,4,0.5801
2,policy,1,4534,5,5,0.5801
2,policy,1,4534,6,6,0.5801
2,policy,1,4534,7,7,0.5801
2,policy,1,4534,8,8,0.5801
2,policy,1,2798,0,0,0.0000
2,policy,1,2798,1,0,0.0000
2,policy,1,2798,2,0,0.0000
2,policy,1,2798,3,1,0.0000
2,policy,1,2798,4,2,0.0000
2,policy,1,2798,5,2,0.0000
2,policy,1,2798,6,3,0.0000
2,policy,1,2798,7,4,0.0000
2,policy,1,2798,8,5,0.0000
2,policy,1,276,0,0,0.0000
2,policy,1,276,1,0,0.0000
2,policy,1,276,2,1,0.0000
2,policy,1,276,3,2,0.0000
2,policy,1,276,4,3,0.0000
2,policy,1,276,5,4,0.0000
2,policy,1,276,6,4,0.0000
2,policy,1,276,7,5,0.0000
2,policy,1,276,8,6,0.0000
2,policy,1,546,0,0,0.0000
2,policy,1,546,1,1,0.0000
2,policy,1,546,2,2,0.0843
2,policy,1,546,3,3,0.0000
2,policy,1,546,4,4,0.0000
2,policy,1,546,5,5,0.0000
2,policy,1,546,6,6,0.0000
2,policy,1,546,7,7,0.0000
2,policy,1,546,8,8,0.0000
2,policy,1,2506,0,0,0.2758
2,policy,1,2506,1,1,0.6602
2,policy,1,2506,2,2,0.6812
2,policy,1,2506,3,3,0.7952
2,policy,1,2506,4,4,0.7952
2,policy,1,2506,5,5,0.8048
2,policy,1,2506,6,6,0.8201
2,policy,1,2506,7,7,0.8268
2,policy,1,2506,8,8,0.7753
2,policy,1,4837,0,0,0.0000
2,policy,1,4837,1,0,0.0000
2,policy,1,4837,2,0,0.0000
2,policy,1,4837,3,1,0.0000
2,policy,1,4837,4,1,0.0000
2,policy,1,4837,5,2,0.0000
2,policy,1,4837,6,3,0.0000
2,policy,1,4837,7,4,0.0000
2,policy,1,4837,8,5,0.0000
2,policy,1,57,0,0,0.4374
2,policy,1,57,1,1,0.5056
2,policy,1,57,2,2,0.5115
2,policy,1,57,3,3,0.4548
2,policy,1,57,4,4,0.4706
2,policy,1,57,5,5,0.5518
2,policy,1,57,6,6,0.2867
2,policy,1,57,7,7,0.2150
2,policy,1,57,8,8,0.2247
2,policy,1,5569,0,0,0.0734
2,policy,1,5569,1,1,0.4537
2,policy,1,5569,2,2,0.6340
2,policy,1,5569,3,3,0.4865
2,policy,1,5569,4,4,0.4833
2,policy,1,5569,5,5,0.5527
2,policy,1,5569,6,6,0.4737
2,policy,1,5569,7,7,0.4035
2,policy,1,5569,8,8,0.4003
2,policy,1,5534,0,0,0.0636
2,policy,1,5534,1,1,0.2201
2,policy,1,5534,2,2,0.2201
2,policy,1,5534,3,3,0.2201
2,policy,1,5534,4,4,0.2201
2,policy,1,5534,5,5,0.2201
2,policy,1,5534,6,6,0.2201
2,policy,1,5534,7,7,0.2201
2,policy,1,5534,8,8,0.2201
2,policy,1,1178,0,0,0.2201
2,policy,1,1178,1,1,0.0694
2,policy,1,1178,2,2,0.0694
2,policy,1,1178,3,3,0.0734
2,policy,1,1178,4,4,0.0663
2,policy,1,1178,5,5,0.0663
2,policy,1,1178,6,6,0.0636
2,policy,1,1178,7,7,0.0636
2,policy,1,1178,8,8,0.0663
2,policy,1,5489,0,0,0.0000
2,policy,1,5489,1,0,0.0000
2,policy,1,5489,2,1,0.3718
2,policy,1,5489,3,2,0.3668
2,policy,1,5489,4,3,0.3824
2,policy,1,5489,5,4,0.3660
2,policy,1,5489,6,5,0.3660
2,policy,1,5489,7,6,0.3024
2,policy,1,5489,8,7,0.3024
2,policy,1,2121,0,0,0.0000
2,policy,1,2121,1,1,0.0000
2,policy,1,2121,2,2,0.0636
2,policy,1,2121,3,3,0.0663
2,policy,1,2121,4,4,0.0694
2,policy,1,2121,5,5,0.0663
2,policy,1,2121,6,6,0.0636
2,policy,1,2121,7,7,0.0636
2,policy,1,2121,8,8,0.1331
2,policy,1,2735,0,0,0.0000
2,policy,1,2735,1,1,0.0000
2,policy,1,2735,2,2,0.0000
2,policy,1,2735,3,3,0.0000
2,policy,1,2735,4,4,0.0000
2,policy,1,2735,5,5,0.0000
2,policy,1,2735,6,6,0.0000
2,policy,1,2735,7,7,0.0000
2,policy,1,2735,8,8,0.0000
2,policy,1,4309,0,0,0.1389
2,policy,1,4309,1,1,0.0000
2,policy,1,4309,2,2,0.0000
2,policy,1,4309,3,3,0.0694
2,policy,1,4309,4,4,0.0663
2,policy,1,4309,5,5,0.0636
2,policy,1,4309,6,6,0.0636
2,policy,1,4309,7,7,0.0636
2,policy,1,4309,8,8,0.0663
2,policy,1,1046,0,0,0.0000
2,policy,1,1046,1,0,0.0000
2,policy,1,1046,2,1,0.0000
2,policy,1,1046,3,2,0.0000
2,policy,1,1046,4,3,0.0000
2,policy,1,1046,5,4,0.0000
2,policy,1,1046,6,5,0.0000
2,policy,1,1046,7,6,0.0000
2,policy,1,1046,8,7,0.0000
2,policy,1,5913,0,0,0.0000
2,policy,1,5913,1,1,0.0000
2,policy,1,5913,2,2,0.0000
2,policy,1,5913,3,3,0.0000
2,policy,1,5913,4,4,0.0000
2,policy,1,5913,5,5,0.0000
2,policy,1,5913,6,6,0.0000
2,policy,1,5913,7,7,0.0000
2,policy,1,5913,8,7,0.0000
2,policy,1,1208,0,0,0.1389
2,policy,1,1208,1,1,0.0851
2,policy,1,1208,2,2,0.0000
2,policy,1,1208,3,3,0.0000
2,policy,1,1208,4,4,0.0000
2,policy,1,1208,5,5,0.0000
2,policy,1,1208,6,6,0.0000
2,policy,1,1208,7,7,0.0000
2,policy,1,1208,8,8,0.0000
2,policy,1,1158,0,0,0.0000
2,policy,1,1158,1,0,0.0000
2,policy,1,1158,2,1,0.0000
2,policy,1,1158,3,2,0.0000
2,policy,1,1158,4,3,0.0000
2,policy,1,1158,5,4,0.0000
2,policy,1,1158,6,5,0.0000
2,policy,1,1158,7,6,0.0000
2,policy,1,1158,8,7,0.0000
2,policy,1,2478,0,0,0.0000
2,policy,1,2478,1,0,0.0000
2,policy,1,2478,2,1,0.0000
2,policy,1,2478,3,1,0.0000
2,policy,1,2478,4,2,0.0000
2,policy,1,2478,5,3,0.0000
2,policy,1,2478,6,4,0.0000
2,policy,1,2478,7,5,0.0000
2,policy,1,2478,8,6,0.0000
2,policy,1,4243,0,0,0.0000
2,policy,1,4243,1,1,0.0000
2,policy,1,4243,2,1,0.0000
2,policy,1,4243,3,2,0.0000
2,policy,1,4243,4,2,0.0000
2,policy,1,4243,5,2,0.0000
2,policy,1,4243,6,2,0.0000
2,policy,1,4243,7,2,0.0000
2,policy,1,4243,8,3,0.0000
2,policy,1,1346,0,0,0.1635
2,policy,1,1346,1,1,0.0784
2,policy,1,1346,2,2,0.0948
2,policy,1,1346,3,3,0.0851
2,policy,1,1346,4,4,0.1100
2,policy,1,1346,5,5,0.1100
2,policy,1,1346,6,6,0.0734
2,policy,1,1346,7,7,0.0734
2,policy,1,1346,8,8,0.0734
2,policy,1,4315,0,0,0.0000
2,policy,1,4315,1,0,0.0000
2,policy,1,4315,2,0,0.0000
2,policy,1,4315,3,1,0.0000
2,policy,1,4315,4,2,0.0000
2,policy,1,4315,5,3,0.0000
2,policy,1,4315,6,4,0.0000
2,policy,1,4315,7,5,0.0000
2,policy,1,4315,8,6,0.0000
2,policy,1,3424,0,0,0.0851
2,policy,1,3424,1,1,0.0000
2,policy,1,3424,2,2,0.3882
2,policy,1,3424,3,3,0.3052
2,policy,1,3424,4,4,0.2863
2,policy,1,3424,5,5,0.2837
2,policy,1,3424,6,6,0.2837
2,policy,1,3424,7,7,0.2201
2,policy,1,3424,8,7,0.2201
2,policy,1,1617,0,0,0.0000
2,policy,1,1617,1,1,0.0000
2,policy,1,1617,2,2,0.0000
2,policy,1,1617,3,3,0.0000
2,policy,1,1617,4,4,0.0000
2,policy,1,1617,5,4,0.0000
2,policy,1,1617,6,5,0.0000
2,policy,1,1617,7,6,0.0000
2,policy,1,1617,8,6,0.0000
2,policy,1,3664,0,0,0.0734
2,policy,1,3664,1,1,0.2837
2,policy,1,3664,2,2,0.2369
2,policy,1,3664,3,3,0.1737
2,policy,1,3664,4,4,0.1100
2,policy,1,3664,5,5,0.0948
2,policy,1,3664,6,6,0.0948
2,policy,1,3664,7,7,0.1100
2,policy,1,3664,8,8,0.1100
2,policy,1,2743,0,0,0.0000
2,policy,1,2743,1,1,0.0000
2,policy,1,2743,2,2,0.0000
2,policy,1,2743,3,3,0.0000
2,policy,1,2743,4,4,0.0000
2,policy,1,2743,5,4,0.0000
2,policy,1,2743,6,5,0.0000
2,policy,1,2743,7,6,0.0000
2,policy,1,2743,8,7,0.0000
2,policy,1,3260,0,0,0.5200
2,policy,1,3260,1,1,0.0000
2,policy,1,3260,2,2,0.3590
2,policy,1,3260,3,3,0.2973
2,policy,1,3260,4,4,0.2618
2,policy,1,3260,5,5,0.2436
2,policy,1,3260,6,6,0.2719
2,policy,1,3260,7,7,0.2083
2,policy,1,3260,8,8,0.2173
2,policy,1,1937,0,0,0.0784
2,policy,1,1937,1,0,0.0784
2,policy,1,1937,2,1,0.0000
2,policy,1,1937,3,2,0.0000
2,policy,1,1937,4,3,0.0000
2,policy,1,1937,5,4,0.0000
2,policy,1,1937,6,5,0.0000
2,policy,1,1937,7,6,0.0000
2,policy,1,1937,8,7,0.0000
2,policy,1,2799,0,0,0.0000
2,policy,1,2799,1,0,0.0000
2,policy,1,2799,2,1,0.0000
2,policy,1,2799,3,2,0.0000
2,policy,1,2799,4,3,0.0000
2,policy,1,2799,5,4,0.0000
2,policy,1,2799,6,5,0.0000
2,policy,1,2799,7,6,0.0000
2,policy,1,2799,8,7,0.0000
2,policy,1,4440,0,0,0.0000
2,policy,1,4440,1,0,0.0000
2,policy,1,4440,2,0,0.0000
2,policy,1,4440,3,1,0.0000
2,policy,1,4440,4,2,0.1175
2,policy,1,4440,5,2,0.1175
2,policy,1,4440,6,3,0.1128
2,policy,1,4440,7,4,0.1175
2,policy,1,4440,8,5,0.1232
2,policy,1,700,0,0,0.0000
2,policy,1,700,1,1,0.0000
2,policy,1,700,2,2,0.0000
2,policy,1,700,3,3,0.0000
2,policy,1,700,4,4,0.0000
2,policy,1,700,5,5,0.0000
2,policy,1,700,6,6,0.0000
2,policy,1,700,7,7,0.0000
2,policy,1,700,8,8,0.0000
2,policy,1,3,0,0,0.0000
2,policy,1,3,1,0,0.0000
2,policy,1,3,2,0,0.0000
2,policy,1,3,3,1,0.0000
2,policy,1,3,4,2,0.0000
2,policy,1,3,5,3,0.0000
2,policy,1,3,6,4,0.0000
2,policy,1,3,7,5,0.0000
2,policy,1,3,8,5,0.0000
2,policy,1,1306,0,0,0.0000
2,policy,1,1306,1,0,0.0000
2,policy,1,1306,2,0,0.0000
2,policy,1,1306,3,1,0.0000
2,policy,1,1306,4,2,0.0000
2,policy,1,1306,5,3,0.0000
2,policy,1,1306,6,4,0.0000
2,policy,1,1306,7,5,0.0000
2,policy,1,1306,8,6,0.0000
2,policy,1,2538,0,0,0.0000
2,policy,1,2538,1,0,0.0000
2,policy,1,2538,2,0,0.0000
2,policy,1,2538,3,1,0.0000
2,policy,1,2538,4,2,0.0000
2,policy,1,2538,5,2,0.0000
2,policy,1,2538,6,3,0.0000
2,policy,1,2538,7,4,0.0000
2,policy,1,2538,8,5,0.0000
2,policy,1,1167,0,0,0.0000
2,policy,1,1167,1,0,0.0000
2,policy,1,1167,2,1,0.0000
2,policy,1,1167,3,2,0.1518
2,policy,1,1167,4,3,0.0784
2,policy,1,1167,5,4,0.0734
2,policy,1,1167,6,5,0.0734
2,policy,1,1167,7,6,0.0000
2,policy,1,1167,8,7,0.0000
2,policy,1,4801,0,0,0.4420
2,policy,1,4801,1,1,0.1834
2,policy,1,4801,2,2,0.4106
2,policy,1,4801,3,3,0.4710
2,policy,1,4801,4,4,0.3972
2,policy,1,4801,5,5,0.3684
2,policy,1,4801,6,6,0.3972
2,policy,1,4801,7,7,0.3684
2,policy,1,4801,8,8,0.6500
2,policy,1,5191,0,0,0.1357
2,policy,1,5191,1,0,0.1357
2,policy,1,5191,2,0,0.1357
2,policy,1,5191,3,1,0.0000
2,policy,1,5191,4,2,0.0000
2,policy,1,5191,5,3,0.0000
2,policy,1,5191,6,3,0.0000
2,policy,1,5191,7,3,0.0000
2,policy,1,5191,8,3,0.0000
2,policy,1,3065,0,0,0.2173
2,policy,1,3065,1,1,0.0000
2,policy,1,3065,2,2,0.0784
2,policy,1,3065,3,3,0.1100
2,policy,1,3065,4,4,0.1100
2,policy,1,3065,5,4,0.1100
2,policy,1,3065,6,5,0.1100
2,policy,1,3065,7,6,0.1100
2,policy,1,3065,8,7,0.1100
2,policy,1,5800,0,0,0.0694
2,policy,1,5800,1,1,0.1100
2,policy,1,5800,2,2,0.0694
2,policy,1,5800,3,3,0.0000
2,policy,1,5800,4,4,0.0000
2,policy,1,5800,5,5,0.0000
2,policy,1,5800,6,6,0.0000
2,policy,1,5800,7,7,0.0000
2,policy,1,5800,8,8,0.0000
2,policy,1,2124,0,0,0.0734
2,policy,1,2124,1,1,0.3188
2,policy,1,2124,2,2,0.0000
2,policy,1,2124,3,3,0.0000
2,policy,1,2124,4,4,0.0000
2,policy,1,2124,5,5,0.0000
2,policy,1,2124,6,6,0.0000
2,policy,1,2124,7,7,0.0000
2,policy,1,2124,8,8,0.0000
2,policy,1,1899,0,0,0.0000
2,policy,1,1899,1,0,0.0000
2,policy,1,1899,2,0,0.0000
2,policy,1,1899,3,1,0.0000
2,policy,1,1899,4,2,0.0000
2,policy,1,1899,5,3,0.0000
2,policy,1,1899,6,4,0.0000
2,policy,1,1899,7,4,0.0000
2,policy,1,1899,8,4,0.0000
2,policy,1,1489,0,0,0.0000
2,policy,1,1489,1,1,0.1737
2,policy,1,1489,2,2,0.4545
2,policy,1,1489,3,3,0.5175
2,policy,1,1489,4,4,0.5175
2,policy,1,1489,5,5,0.5107
2,policy,1,1489,6,6,0.5068
2,policy,1,1489,7,7,0.5135
2,policy,1,1489,8,8,0.5175
2,policy,1,6028,0,0,0.0000
2,policy,1,6028,1,0,0.0000
2,policy,1,6028,2,0,0.0000
2,policy,1,6028,3,1,0.0708
2,policy,1,6028,4,2,0.1421
2,policy,1,6028,5,3,0.2162
2,policy,1,6028,6,4,0.1692
2,policy,1,6028,7,4,0.1692
2,policy,1,6028,8,4,0.1692
2,policy,1,156,0,0,0.2272
2,policy,1,156,1,1,0.2376
2,policy,1,156,2,2,0.2426
2,policy,1,156,3,3,0.2344
2,policy,1,156,4,4,0.2344
2,policy,1,156,5,5,0.2305
2,policy,1,156,6,6,0.2272
2,policy,1,156,7,7,0.2457
2,policy,1,156,8,8,0.3052
2,policy,1,1682,0,0,0.0000
2,policy,1,1682,1,1,0.1642
2,policy,1,1682,2,2,0.0784
2,policy,1,1682,3,3,0.1737
2,policy,1,1682,4,4,0.1610
2,policy,1,1682,5,5,0.1584
2,policy,1,1682,6,6,0.0948
2,policy,1,1682,7,7,0.1584
2,policy,1,1682,8,7,0.1584
2,policy,1,4936,0,0,0.2051
2,policy,1,4936,1,0,0.2051
2,policy,1,4936,2,0,0.2051
2,policy,1,4936,3,1,0.0663
2,policy,1,4936,4,2,0.0636
2,policy,1,4936,5,3,0.0636
2,policy,1,4936,6,4,0.0636
2,policy,1,4936,7,5,0.0636
2,policy,1,4936,8,6,0.0000
2,policy,1,5318,0,0,0.0851
2,policy,1,5318,1,1,0.3031
2,policy,1,5318,2,2,0.2048
2,policy,1,5318,3,3,0.2305
2,policy,1,5318,4,4,0.2305
2,policy,1,5318,5,5,0.2457
2,policy,1,5318,6,6,0.3094
2,policy,1,5318,7,7,0.2305
2,policy,1,5318,8,8,0.2141
2,policy,1,3352,0,0,0.2489
2,policy,1,3352,1,1,0.5541
2,policy,1,3352,2,2,0.4249
2,policy,1,3352,3,3,0.3785
2,policy,1,3352,4,4,0.3785
2,policy,1,3352,5,5,0.3785
2,policy,1,3352,6,6,0.3785
2,policy,1,3352,7,7,0.3689
2,policy,1,3352,8,8,0.3621
2,policy,1,757,0,0,0.0000
2,policy,1,757,1,0,0.0000
2,policy,1,757,2,0,0.0000
2,policy,1,757,3,1,0.0000
2,policy,1,757,4,1,0.0000
2,policy,1,757,5,2,0.0000
2,policy,1,757,6,3,0.0000
2,policy,1,757,7,4,0.0000
2,policy,1,757,8,4,0.0000
2,policy,1,3609,0,0,0.0784
2,policy,1,3609,1,1,0.1795
2,policy,1,3609,2,2,0.5174
2,policy,1,3609,3,3,0.5321
2,policy,1,3609,4,4,0.5321
2,policy,1,3609,5,5,0.5474
2,policy,1,3609,6,6,0.5474
2,policy,1,3609,7,7,0.5984
2,policy,1,3609,8,8,0.5887
2,policy,1,2619,0,0,0.0734
2,policy,1,2619,1,1,0.1389
2,policy,1,2619,2,2,0.4537
2,policy,1,2619,3,3,0.5424
2,policy,1,2619,4,4,0.5424
2,policy,1,2619,5,5,0.5384
2,policy,1,2619,6,6,0.5384
2,policy,1,2619,7,7,0.5384
2,policy,1,2619,8,8,0.5424
2,policy,1,5566,0,0,0.3149
2,policy,1,5566,1,1,0.0784
2,policy,1,5566,2,2,0.4690
2,policy,1,5566,3,3,0.3933
2,policy,1,5566,4,4,0.3689
2,policy,1,5566,5,5,0.2935
2,policy,1,5566,6,6,0.2895
2,policy,1,5566,7,7,0.2173
2,policy,1,5566,8,8,0.2867
2,policy,1,1045,0,0,0.0000
2,policy,1,1045,1,0,0.0000
2,policy,1,1045,2,0,0.0000
2,policy,1,1045,3,1,0.0000
2,policy,1,1045,4,2,0.0000
2,policy,1,1045,5,2,0.0000
2,policy,1,1045,6,3,0.0000
2,policy,1,1045,7,3,0.0000
2,policy,1,1045,8,4,0.0000
2,policy,1,3903,0,0,0.0784
2,policy,1,3903,1,0,0.0784
2,policy,1,3903,2,1,0.3273
2,policy,1,3903,3,2,0.3341
2,policy,1,3903,4,3,0.2974
2,policy,1,3903,5,4,0.3223
2,policy,1,3903,6,5,0.3885
2,policy,1,3903,7,6,0.3859
2,policy,1,3903,8,7,0.3967
2,policy,1,2479,0,0,0.1100
2,policy,1,2479,1,0,0.1100
2,policy,1,2479,2,0,0.1100
2,policy,1,2479,3,1,0.0000
2,policy,1,2479,4,2,0.0000
2,policy,1,2479,5,3,0.0000
2,policy,1,2479,6,4,0.0000
2,policy,1,2479,7,5,0.0000
2,policy,1,2479,8,6,0.0000
2,policy,1,2944,0,0,0.0636
2,policy,1,2944,1,0,0.0636
2,policy,1,2944,2,0,0.0636
2,policy,1,2944,3,1,0.0000
2,policy,1,2944,4,1,0.0000
2,policy,1,2944,5,1,0.0000
2,policy,1,2944,6,2,0.0000
2,policy,1,2944,7,3,0.0000
2,policy,1,2944,8,3,0.0000
2,policy,1,1468,0,0,0.0000
2,policy,1,1468,1,0,0.0000
2,policy,1,1468,2,0,0.0000
2,policy,1,1468,3,0,0.0000
2,policy,1,1468,4,1,0.0000
2,policy,1,1468,5,1,0.0000
2,policy,1,1468,6,1,0.0000
2,policy,1,1468,7,2,0.1131
2,policy,1,1468,8,2,0.1131
2,policy,1,1598,0,0,0.5389
2,policy,1,1598,1,1,0.1585
2,policy,1,1598,2,2,0.1100
2,policy,1,1598,3,3,0.1389
2,policy,1,1598,4,4,0.1389
2,policy,1,1598,5,5,0.1389
2,policy,1,1598,6,6,0.1389
2,policy,1,1598,7,7,0.1389
2,policy,1,1598,8,8,0.1389
2,policy,1,3571,0,0,0.0948
2,policy,1,3571,1,1,0.0000
2,policy,1,3571,2,2,0.0948
2,policy,1,3571,3,3,0.0694
2,policy,1,3571,4,4,0.0000
2,policy,1,3571,5,4,0.0000
2,policy,1,3571,6,5,0.0784
2,policy,1,3571,7,6,0.1514
2,policy,1,3571,8,6,0.1514
2,policy,1,4400,0,0,0.0000
2,policy,1,4400,1,1,0.0663
2,policy,1,4400,2,2,0.1100
2,policy,1,4400,3,3,0.1389
2,policy,1,4400,4,4,0.1389
2,policy,1,4400,5,5,0.1389
2,policy,1,4400,6,6,0.1389
2,policy,1,4400,7,7,0.1389
2,policy,1,4400,8,8,0.1763
2,policy,1,1622,0,0,0.1396
2,policy,1,1622,1,1,0.1100
2,policy,1,1622,2,2,0.0734
2,policy,1,1622,3,3,0.0734
2,policy,1,1622,4,4,0.0784
2,policy,1,1622,5,5,0.0784
2,policy,1,1622,6,6,0.0851
2,policy,1,1622,7,7,0.0851
2,policy,1,1622,8,8,0.0851
2,policy,1,1343,0,0,0.0000
2,policy,1,1343,1,1,0.0000
2,policy,1,1343,2,2,0.0000
2,policy,1,1343,3,3,0.0000
2,policy,1,1343,4,4,0.0000
2,policy,1,1343,5,4,0.0000
2,policy,1,1343,6,5,0.0000
2,policy,1,1343,7,6,0.0000
2,policy,1,1343,8,6,0.0000
2,policy,1,1661,0,0,0.0000
2,policy,1,1661,1,0,0.0000
2,policy,1,1661,2,0,0.0000
2,policy,1,1661,3,1,0.0000
2,policy,1,1661,4,2,0.0000
2,policy,1,1661,5,2,0.0000
2,policy,1,1661,6,2,0.0000
2,policy,1,1661,7,3,0.0000
2,policy,1,1661,8,4,0.0000
2,policy,1,5407,0,0,0.0000
2,policy,1,5407,1,1,0.0000
2,policy,1,5407,2,2,0.0000
2,policy,1,5407,3,3,0.0636
2,policy,1,5407,4,4,0.0000
2,policy,1,5407,5,5,0.0636
2,policy,1,5407,6,6,0.0694
2,policy,1,5407,7,7,0.0784
2,policy,1,5407,8,8,0.1642
2,policy,1,4406,0,0,0.2863
2,policy,1,4406,1,1,0.0000
2,policy,1,4406,2,2,0.3301
2,policy,1,4406,3,3,0.0000
2,policy,1,4406,4,4,0.0000
2,policy,1,4406,5,5,0.0000
2,policy,1,4406,6,6,0.0663
2,policy,1,4406,7,7,0.0784
2,policy,1,4406,8,8,0.0784
2,policy,1,240,0,0,0.0000
2,policy,1,240,1,1,0.0784
2,policy,1,240,2,2,0.0784
2,policy,1,240,3,3,0.0784
2,policy,1,240,4,4,0.0784
2,policy,1,240,5,5,0.0784
2,policy,1,240,6,6,0.0694
2,policy,1,240,7,7,0.0000
2,policy,1,240,8,8,0.0000
2,policy,1,1585,0,0,0.3062
2,policy,1,1585,1,1,0.3882
2,policy,1,1585,2,2,0.4671
2,policy,1,1585,3,3,0.4632
2,policy,1,1585,4,4,0.4658
2,policy,1,1585,5,5,0.4959
2,policy,1,1585,6,6,0.5232
2,policy,1,1585,7,7,0.6178
2,policy,1,1585,8,8,0.6372
2,policy,1,5695,0,0,0.0000
2,policy,1,5695,1,0,0.0000
2,policy,1,5695,2,0,0.0000
2,policy,1,5695,3,1,0.0000
2,policy,1,5695,4,2,0.0000
2,policy,1,5695,5,2,0.0000
2,policy,1,5695,6,3,0.0000
2,policy,1,5695,7,4,0.0000
2,policy,1,5695,8,4,0.0000
2,policy,1,699,0,0,0.0000
2,policy,1,699,1,0,0.0000
2,policy,1,699,2,0,0.0000
2,policy,1,699,3,1,0.1063
2,policy,1,699,4,2,0.0916
2,policy,1,699,5,2,0.0916
2,policy,1,699,6,2,0.0916
2,policy,1,699,7,3,0.1184
2,policy,1,699,8,3,0.1184
2,policy,1,2729,0,0,0.1389
2,policy,1,2729,1,1,0.0636
2,policy,1,2729,2,2,0.0000
2,policy,1,2729,3,3,0.0000
2,policy,1,2729,4,4,0.0000
2,policy,1,2729,5,5,0.0000
2,policy,1,2729,6,6,0.0000
2,policy,1,2729,7,7,0.0000
2,policy,1,2729,8,8,0.0000
2,policy,1,2984,0,0,0.0000
2,policy,1,2984,1,1,0.0000
2,policy,1,2984,2,2,0.0784
2,policy,1,2984,3,3,0.0000
2,policy,1,2984,4,4,0.0000
2,policy,1,2984,5,5,0.0000
2,policy,1,2984,6,6,0.0000
2,policy,1,2984,7,7,0.0000
2,policy,1,2984,8,8,0.0000
2,policy,1,1888,0,0,0.1447
2,policy,1,1888,1,1,0.2457
2,policy,1,1888,2,2,0.2330
2,policy,1,1888,3,3,0.2141
2,policy,1,1888,4,4,0.2090
2,policy,1,1888,5,5,0.1420
2,policy,1,1888,6,6,0.1357
2,policy,1,1888,7,7,0.1993
2,policy,1,1888,8,8,0.2083
2,policy,1,2664,0,0,0.0734
2,policy,1,2664,1,1,0.7885
2,policy,1,2664,2,2,0.4229
2,policy,1,2664,3,3,0.3398
2,policy,1,2664,4,4,0.2583
2,policy,1,2664,5,5,0.3278
2,policy,1,2664,6,6,0.3278
2,policy,1,2664,7,7,0.2462
2,policy,1,2664,8,8,0.3130
2,policy,1,5442,0,0,0.2048
2,policy,1,5442,1,1,0.2201
2,policy,1,5442,2,2,0.1732
2,policy,1,5442,3,3,0.1331
2,policy,1,5442,4,4,0.1299
2,policy,1,5442,5,5,0.1299
2,policy,1,5442,6,6,0.1299
2,policy,1,5442,7,7,0.1299
2,policy,1,5442,8,8,0.1299
2,policy,1,780,0,0,0.3149
2,policy,1,780,1,0,0.3149
2,policy,1,780,2,1,0.2934
2,policy,1,780,3,2,0.2547
2,policy,1,780,4,3,0.2583
2,policy,1,780,5,4,0.2583
2,policy,1,780,6,5,0.2494
2,policy,1,780,7,6,0.2494
2,policy,1,780,8,7,0.2462
2,policy,1,5879,0,0,0.5364
2,policy,1,5879,1,1,0.2048
2,policy,1,5879,2,2,0.2736
2,policy,1,5879,3,3,0.2521
2,policy,1,5879,4,4,0.1585
2,policy,1,5879,5,5,0.1585
2,policy,1,5879,6,6,0.1585
2,policy,1,5879,7,7,0.1610
2,policy,1,5879,8,8,0.1732
2,policy,1,2848,0,0,0.0000
2,policy,1,2848,1,1,0.5271
2,policy,1,2848,2,1,0.5271
2,policy,1,2848,3,2,0.3120
2,policy,1,2848,4,2,0.3120
2,policy,1,2848,5,2,0.3120
2,policy,1,2848,6,3,0.3024
2,policy,1,2848,7,4,0.2736
2,policy,1,2848,8,5,0.4000
2,policy,1,4669,0,0,0.0000
2,policy,1,4669,1,0,0.0000
2,policy,1,4669,2,0,0.0000
2,policy,1,4669,3,1,0.0000
2,policy,1,4669,4,2,0.0694
2,policy,1,4669,5,3,0.1389
2,policy,1,4669,6,4,0.0948
2,policy,1,4669,7,5,0.0948
2,policy,1,4669,8,5,0.0948
2,policy,1,5086,0,0,0.3031
2,policy,1,5086,1,1,0.0784
2,policy,1,5086,2,2,0.9266
2,policy,1,5086,3,3,0.6083
2,policy,1,5086,4,4,0.4545
2,policy,1,5086,5,5,0.3398
2,policy,1,5086,6,6,0.2533
2,policy,1,5086,7,7,0.2330
2,policy,1,5086,8,8,0.2330
2,policy,1,2874,0,0,0.1021
2,policy,1,2874,1,1,0.2904
2,policy,1,2874,2,2,0.0000
2,policy,1,2874,3,3,0.0000
2,policy,1,2874,4,4,0.0000
2,policy,1,2874,5,5,0.0000
2,policy,1,2874,6,6,0.0000
2,policy,1,2874,7,7,0.0000
2,policy,1,2874,8,8,0.0000
2,policy,1,1097,0,0,0.0000
2,policy,1,1097,1,1,0.0000
2,policy,1,1097,2,2,0.0000
2,policy,1,1097,3,3,0.0000
2,policy,1,1097,4,4,0.0000
2,policy,1,1097,5,4,0.0000
2,policy,1,1097,6,5,0.0000
2,policy,1,1097,7,6,0.0000
2,policy,1,1097,8,6,0.0000
2,policy,1,1958,0,0,0.0000
2,policy,1,1958,1,1,0.1100
2,policy,1,1958,2,2,0.0000
2,policy,1,1958,3,3,0.0000
2,policy,1,1958,4,4,0.0000
2,policy,1,1958,5,5,0.0000
2,policy,1,1958,6,6,0.0000
2,policy,1,1958,7,6,0.0000
2,policy,1,1958,8,6,0.0000
2,policy,1,4876,0,0,0.0000
2,policy,1,4876,1,0,0.0000
2,policy,1,4876,2,1,0.0663
2,policy,1,4876,3,2,0.0000
2,policy,1,4876,4,3,0.0694
2,policy,1,4876,5,4,0.0694
2,policy,1,4876,6,4,0.0694
2,policy,1,4876,7,5,0.0694
2,policy,1,4876,8,6,0.0663
2,policy,1,4990,0,0,0.0000
2,policy,1,4990,1,0,0.0000
2,policy,1,4990,2,0,0.0000
2,policy,1,4990,3,0,0.0000
2,policy,1,4990,4,1,0.0000
2,policy,1,4990,5,2,0.0000
2,policy,1,4990,6,3,0.0000
2,policy,1,4990,7,4,0.0000
2,policy,1,4990,8,5,0.0000
2,policy,1,4212,0,0,0.1585
2,policy,1,4212,1,1,0.4171
2,policy,1,4212,2,2,0.7421
2,policy,1,4212,3,3,0.7936
2,policy,1,4212,4,4,0.7936
2,policy,1,4212,5,5,0.7223
2,policy,1,4212,6,6,0.7156
2,policy,1,4212,7,7,0.7695
2,policy,1,4212,8,8,0.7722
2,policy,1,5412,0,0,0.2122
2,policy,1,5412,1,1,0.0000
2,policy,1,5412,2,2,0.1642
2,policy,1,5412,3,3,0.2743
2,policy,1,5412,4,4,0.2494
2,policy,1,5412,5,5,0.2376
2,policy,1,5412,6,6,0.2305
2,policy,1,5412,7,7,0.1546
2,policy,1,5412,8,8,0.3597
2,policy,1,5621,0,0,0.0000
2,policy,1,5621,1,1,0.0000
2,policy,1,5621,2,1,0.0000
2,policy,1,5621,3,2,0.4537
2,policy,1,5621,4,3,0.4153
2,policy,1,5621,5,4,0.4153
2,policy,1,5621,6,5,0.4537
2,policy,1,5621,7,6,0.3341
2,policy,1,5621,8,6,0.3341
2,policy,1,4273,0,0,0.0000
2,policy,1,4273,1,1,0.0000
2,policy,1,4273,2,2,0.0000
2,policy,1,4273,3,3,0.0000
2,policy,1,4273,4,4,0.0000
2,policy,1,4273,5,5,0.0000
2,policy,1,4273,6,6,0.0000
2,policy,1,4273,7,7,0.0000
2,policy,1,4273,8,8,0.0000
2,policy,1,1869,0,0,0.0948
2,policy,1,1869,1,1,0.2369
2,policy,1,1869,2,2,0.1100
2,policy,1,1869,3,3,0.2083
2,policy,1,1869,4,4,0.2083
2,policy,1,1869,5,5,0.2051
2,policy,1,1869,6,6,0.2025
2,policy,1,1869,7,7,0.2051
2,policy,1,1869,8,8,0.2083
2,policy,1,5970,0,0,0.1514
2,policy,1,5970,1,1,0.3964
2,policy,1,5970,2,2,0.6025
2,policy,1,5970,3,3,0.3571
2,policy,1,5970,4,4,0.2201
2,policy,1,5970,5,5,0.1100
2,policy,1,5970,6,6,0.1100
2,policy,1,5970,7,7,0.1389
2,policy,1,5970,8,8,0.0784
2,policy,1,2055,0,0,0.0000
2,policy,1,2055,1,1,0.0636
2,policy,1,2055,2,2,0.0663
2,policy,1,2055,3,3,0.1331
2,policy,1,2055,4,4,0.0694
2,policy,1,2055,5,5,0.1299
2,policy,1,2055,6,6,0.0636
2,policy,1,2055,7,7,0.0000
2,policy,1,2055,8,8,0.0000
2,policy,1,487,0,0,0.0000
2,policy,1,487,1,0,0.0000
2,policy,1,487,2,0,0.0000
2,policy,1,487,3,1,0.0000
2,policy,1,487,4,2,0.0000
2,policy,1,487,5,2,0.0000
2,policy,1,487,6,3,0.0000
2,policy,1,487,7,4,0.0000
2,policy,1,487,8,5,0.0000
2,policy,1,2399,0,0,0.0000
2,policy,1,2399,1,0,0.0000
2,policy,1,2399,2,0,0.0000
2,policy,1,2399,3,1,0.0000
2,policy,1,2399,4,2,0.0000
2,policy,1,2399,5,3,0.0000
2,policy,1,2399,6,4,0.0000
2,policy,1,2399,7,5,0.0000
2,policy,1,2399,8,6,0.0000
2,policy,1,4740,0,0,0.0000
2,policy,1,4740,1,0,0.0000
2,policy,1,4740,2,0,0.0000
2,policy,1,4740,3,1,0.0000
2,policy,1,4740,4,2,0.0000
2,policy,1,4740,5,3,0.0000
2,policy,1,4740,6,4,0.0000
2,policy,1,4740,7,5,0.0000
2,policy,1,4740,8,5,0.0000
2,policy,1,4414,0,0,0.0663
2,policy,1,4414,1,0,0.0663
2,policy,1,4414,2,1,0.0000
2,policy,1,4414,3,2,0.0000
2,policy,1,4414,4,3,0.0000
2,policy,1,4414,5,4,0.0000
2,policy,1,4414,6,5,0.0000
2,policy,1,4414,7,6,0.0000
2,policy,1,4414,8,7,0.0000
2,policy,1,1974,0,0,0.0000
2,policy,1,1974,1,1,0.2083
2,policy,1,1974,2,2,0.1389
2,policy,1,1974,3,3,0.1389
2,policy,1,1974,4,4,0.1389
2,policy,1,1974,5,4,0.1389
2,policy,1,1974,6,5,0.1389
2,policy,1,1974,7,6,0.0948
2,policy,1,1974,8,7,0.0948
2,policy,1,4126,0,0,0.0000
2,policy,1,4126,1,0,0.0000
2,policy,1,4126,2,1,0.0784
2,policy,1,4126,3,2,0.0734
2,policy,1,4126,4,3,0.0000
2,policy,1,4126,5,4,0.0000
2,policy,1,4126,6,5,0.0000
2,policy,1,4126,7,6,0.0000
2,policy,1,4126,8,7,0.0000
2,policy,1,2232,0,0,0.0948
2,policy,1,2232,1,1,0.0000
2,policy,1,2232,2,2,0.0948
2,policy,1,2232,3,3,0.1389
2,policy,1,2232,4,4,0.0948
2,policy,1,2232,5,5,0.0948
2,policy,1,2232,6,5,0.0948
2,policy,1,2232,7,6,0.0948
2,policy,1,2232,8,7,0.0734
2,policy,1,5927,0,0,0.0000
2,policy,1,5927,1,1,0.0000
2,policy,1,5927,2,1,0.0000
2,policy,1,5927,3,2,0.0000
2,policy,1,5927,4,3,0.0000
2,policy,1,5927,5,3,0.0000
2,policy,1,5927,6,4,0.0000
2,policy,1,5927,7,5,0.0000
2,policy,1,5927,8,5,0.0000
2,policy,1,3023,0,0,0.1389
2,policy,1,3023,1,1,0.5479
2,policy,1,3023,2,2,0.2736
2,policy,1,3023,3,3,0.3125
2,policy,1,3023,4,4,0.2489
2,policy,1,3023,5,5,0.2489
2,policy,1,3023,6,6,0.2489
2,policy,1,3023,7,7,0.2489
2,policy,1,3023,8,8,0.2489
2,policy,1,607,0,0,0.0000
2,policy,1,607,1,1,0.0000
2,policy,1,607,2,2,0.0000
2,policy,1,607,3,3,0.0000
2,policy,1,607,4,4,0.0000
2,policy,1,607,5,5,0.0000
2,policy,1,607,6,6,0.0000
2,policy,1,607,7,7,0.0000
2,policy,1,607,8,8,0.0000
3,policy,0,1216,0,0,0.1389
3,policy,0,1216,1,1,0.1546
3,policy,0,1216,2,2,0.1952
3,policy,0,1216,3,3,0.0948
3,policy,0,1216,4,4,0.0948
3,policy,0,1216,5,5,0.0948
3,policy,0,1216,6,6,0.0948
3,policy,0,1216,7,7,0.0948
3,policy,0,1216,8,7,0.0948
3,policy,0,2820,0,0,0.0000
3,policy,0,2820,1,0,0.0000
3,policy,0,2820,2,0,0.0000
3,policy,0,2820,3,1,0.1909
3,policy,0,2820,4,1,0.1909
3,policy,0,2820,5,1,0.1909
3,policy,0,2820,6,2,0.1909
3,policy,0,2820,7,3,0.1909
3,policy,0,2820,8,3,0.1909
3,policy,0,3017,0,0,0.9337
3,policy,0,3017,1,1,0.9337
3,policy,0,3017,2,2,0.8604
3,policy,0,3017,3,3,0.8630
3,policy,0,3017,4,4,0.8630
3,policy,0,3017,5,5,0.8580
3,policy,0,3017,6,6,0.8580
3,policy,0,3017,7,7,0.8580
3,policy,0,3017,8,8,0.8580
3,policy,0,1260,0,0,0.2711
3,policy,0,1260,1,1,0.5649
3,policy,0,1260,2,2,0.5384
3,policy,0,1260,3,3,0.4690
3,policy,0,1260,4,4,0.4690
3,policy,0,1260,5,5,0.5353
3,policy,0,1260,6,6,0.5353
3,policy,0,1260,7,7,0.4690
3,policy,0,1260,8,8,0.4690
3,policy,0,1920,0,0,0.3183
3,policy,0,1920,1,1,0.4441
3,policy,0,1920,2,2,0.5424
3,policy,0,1920,3,3,0.5271
3,policy,0,1920,4,4,0.5271
3,policy,0,1920,5,5,0.5907
3,policy,0,1920,6,6,0.5645
3,policy,0,1920,7,7,0.5645
3,policy,0,1920,8,8,0.4865
3,policy,0,693,0,0,0.0784
3,policy,0,693,1,0,0.0784
3,policy,0,693,2,0,0.0784
3,policy,0,693,3,1,0.1389
3,policy,0,693,4,2,0.1389
3,policy,0,693,5,3,0.1100
3,policy,0,693,6,4,0.1100
3,policy,0,693,7,4,0.1100
3,policy,0,693,8,5,0.1100
3,policy,0,3268,0,0,0.6307
3,policy,0,3268,1,0,0.6307
3,policy,0,3268,2,1,0.4226
3,policy,0,3268,3,2,0.5232
3,policy,0,3268,4,3,0.5836
3,policy,0,3268,5,4,0.6683
3,policy,0,3268,6,5,0.6754
3,policy,0,3268,7,6,0.5331
3,policy,0,3268,8,7,0.5357
3,policy,0,3548,0,0,0.1100
3,policy,0,3548,1,0,0.1100
3,policy,0,3548,2,0,0.1100
3,policy,0,3548,3,1,0.1100
3,policy,0,3548,4,2,0.1737
3,policy,0,3548,5,3,0.1763
3,policy,0,3548,6,4,0.1737
3,policy,0,3548,7,5,0.1737
3,policy,0,3548,8,5,0.1737
3,policy,0,2780,0,0,0.7156
3,policy,0,2780,1,1,0.7386
3,policy,0,2780,2,2,0.6831
3,policy,0,2780,3,3,0.6236
3,policy,0,2780,4,4,0.6083
3,policy,0,2780,5,5,0.6083
3,policy,0,2780,6,6,0.6028
3,policy,0,2780,7,7,0.6078
3,policy,0,2780,8,8,0.6831
3,policy,0,5328,0,0,0.9364
3,policy,0,5328,1,1,0.9306
3,policy,0,5328,2,2,0.8630
3,policy,0,5328,3,3,0.8701
3,policy,0,5328,4,4,0.9337
3,policy,0,5328,5,5,0.9364
3,policy,0,5328,6,6,1.0000
3,policy,0,5328,7,7,0.9364
3,policy,0,5328,8,8,0.9364
3,policy,0,3770,0,0,0.2614
3,policy,0,3770,1,1,0.7264
3,policy,0,3770,2,2,0.7223
3,policy,0,3770,3,3,0.7059
3,policy,0,3770,4,4,0.7059
3,policy,0,3770,5,5,0.7156
3,policy,0,3770,6,6,0.7156
3,policy,0,3770,7,7,0.7156
3,policy,0,3770,8,8,0.7184
3,policy,0,5135,0,0,0.0784
3,policy,0,5135,1,1,0.0784
3,policy,0,5135,2,2,0.0784
3,policy,0,5135,3,3,0.2809
3,policy,0,5135,4,4,0.2867
3,policy,0,5135,5,5,0.2906
3,policy,0,5135,6,6,0.2906
3,policy,0,5135,7,7,0.3719
3,policy,0,5135,8,8,0.4355
3,policy,0,781,0,0,0.0000
3,policy,0,781,1,0,0.0000
3,policy,0,781,2,1,0.0000
3,policy,0,781,3,1,0.0000
3,policy,0,781,4,2,0.0000
3,policy,0,781,5,3,0.0000
3,policy,0,781,6,3,0.0000
3,policy,0,781,7,4,0.0000
3,policy,0,781,8,4,0.0000
3,policy,0,2908,0,0,0.8007
3,policy,0,2908,1,1,0.9364
3,policy,0,2908,2,2,1.0000
3,policy,0,2908,3,3,1.0000
3,policy,0,2908,4,4,1.0000
3,policy,0,2908,5,5,1.0000
3,policy,0,2908,6,6,1.0000
3,policy,0,2908,7,7,1.0000
3,policy,0,2908,8,8,1.0000
3,policy,0,4075,0,0,0.0784
3,policy,0,4075,1,0,0.0784
3,policy,0,4075,2,0,0.0784
3,policy,0,4075,3,1,0.0000
3,policy,0,4075,4,1,0.0000
3,policy,0,4075,5,2,0.0851
3,policy,0,4075,6,3,0.0000
3,policy,0,4075,7,4,0.0000
3,policy,0,4075,8,4,0.0000
3,policy,0,3106,0,0,0.2863
3,policy,0,3106,1,0,0.2863
3,policy,0,3106,2,0,0.2863
3,policy,0,3106,3,1,0.1389
3,policy,0,3106,4,2,0.2201
3,policy,0,3106,5,2,0.2201
3,policy,0,3106,6,3,0.1389
3,policy,0,3106,7,4,0.1389
3,policy,0,3106,8,5,0.1389
3,policy,0,759,0,0,0.1331
3,policy,0,759,1,0,0.1331
3,policy,0,759,2,0,0.1331
3,policy,0,759,3,1,0.0000
3,policy,0,759,4,1,0.0000
3,policy,0,759,5,2,0.0636
3,policy,0,759,6,3,0.0694
3,policy,0,759,7,4,0.0663
3,policy,0,759,8,4,0.0663
3,policy,0,5467,0,0,0.3282
3,policy,0,5467,1,1,0.4115
3,policy,0,5467,2,2,0.5578
3,policy,0,5467,3,3,0.7105
3,policy,0,5467,4,4,0.7015
3,policy,0,5467,5,5,0.7015
3,policy,0,5467,6,6,0.7065
3,policy,0,5467,7,7,0.6379
3,policy,0,5467,8,8,0.6469
3,policy,0,5744,0,0,0.5232
3,policy,0,5744,1,0,0.5232
3,policy,0,5744,2,0,0.5232
3,policy,0,5744,3,1,0.4537
3,policy,0,5744,4,2,0.5232
3,policy,0,5744,5,3,0.5384
3,policy,0,5744,6,4,0.5326
3,policy,0,5744,7,5,0.5200
3,policy,0,5744,8,6,0.5353
3,policy,0,3129,0,0,0.1514
3,policy,0,3129,1,0,0.1514
3,policy,0,3129,2,0,0.1514
3,policy,0,3129,3,1,0.0000
3,policy,0,3129,4,2,0.0000
3,policy,0,3129,5,2,0.0000
3,policy,0,3129,6,3,0.0000
3,policy,0,3129,7,4,0.0000
3,policy,0,3129,8,4,0.0000
3,policy,0,5990,0,0,0.0000
3,policy,0,5990,1,0,0.0000
3,policy,0,5990,2,0,0.0000
3,policy,0,5990,3,1,0.0694
3,policy,0,5990,4,2,0.0636
3,policy,0,5990,5,3,0.0734
3,policy,0,5990,6,4,0.0636
3,policy,0,5990,7,5,0.0636
3,policy,0,5990,8,5,0.0636
3,policy,0,306,0,0,0.3945
3,policy,0,306,1,1,0.3594
3,policy,0,306,2,2,0.3322
3,policy,0,306,3,3,0.4417
3,policy,0,306,4,4,0.5054
3,policy,0,306,5,4,0.5054
3,policy,0,306,6,5,0.5054
3,policy,0,306,7,6,0.4417
3,policy,0,306,8,6,0.4417
3,policy,0,3832,0,0,0.4419
3,policy,0,3832,1,1,0.3558
3,policy,0,3832,2,2,0.5474
3,policy,0,3832,3,3,0.6236
3,policy,0,3832,4,4,0.6236
3,policy,0,3832,5,5,0.6204
3,policy,0,3832,6,6,0.6300
3,policy,0,3832,7,7,0.6332
3,policy,0,3832,8,8,0.6332
3,policy,0,1356,0,0,0.0000
3,policy,0,1356,1,0,0.0000
3,policy,0,1356,2,0,0.0000
3,policy,0,1356,3,1,0.0734
3,policy,0,1356,4,2,0.0000
3,policy,0,1356,5,3,0.0000
3,policy,0,1356,6,3,0.0000
3,policy,0,1356,7,4,0.0000
3,policy,0,1356,8,5,0.0000
3,policy,0,5279,0,0,0.1131
3,policy,0,5279,1,0,0.1131
3,policy,0,5279,2,1,0.0000
3,policy,0,5279,3,2,0.0000
3,policy,0,5279,4,3,0.0000
3,policy,0,5279,5,4,0.0000
3,policy,0,5279,6,5,0.0000
3,policy,0,5279,7,6,0.0000
3,policy,0,5279,8,7,0.0000
3,policy,0,3201,0,0,0.2212
3,policy,0,3201,1,1,0.0000
3,policy,0,3201,2,2,0.3102
3,policy,0,3201,3,3,0.4011
3,policy,0,3201,4,4,0.3940
3,policy,0,3201,5,5,0.3890
3,policy,0,3201,6,6,0.4459
3,policy,0,3201,7,7,0.3975
3,policy,0,3201,8,8,0.3975
3,policy,0,370,0,0,0.0663
3,policy,0,370,1,0,0.0663
3,policy,0,370,2,0,0.0663
3,policy,0,370,3,1,0.2048
3,policy,0,370,4,2,0.1952
3,policy,0,370,5,3,0.2083
3,policy,0,370,6,4,0.2122
3,policy,0,370,7,5,0.2122
3,policy,0,370,8,5,0.2122
3,policy,0,2012,0,0,0.1389
3,policy,0,2012,1,1,0.3882
3,policy,0,2012,2,2,0.2934
3,policy,0,2012,3,3,0.2876
3,policy,0,2012,4,4,0.2876
3,policy,0,2012,5,5,0.2876
3,policy,0,2012,6,6,0.2903
3,policy,0,2012,7,7,0.2876
3,policy,0,2012,8,8,0.2240
3,policy,0,3899,0,0,1.0000
3,policy,0,3899,1,1,0.8415
3,policy,0,3899,2,2,1.0000
3,policy,0,3899,3,3,1.0000
3,policy,0,3899,4,4,1.0000
3,policy,0,3899,5,5,1.0000
3,policy,0,3899,6,6,1.0000
3,policy,0,3899,7,7,1.0000
3,policy,0,3899,8,8,1.0000
3,policy,0,2979,0,0,0.2376
3,policy,0,2979,1,0,0.2376
3,policy,0,2979,2,1,0.1389
3,policy,0,2979,3,2,0.3031
3,policy,0,2979,4,3,0.3120
3,policy,0,2979,5,4,0.3024
3,policy,0,2979,6,5,0.3024
3,policy,0,2979,7,6,0.3120
3,policy,0,2979,8,7,0.3120
3,policy,0,2748,0,0,0.5424
3,policy,0,2748,1,1,0.4722
3,policy,0,2748,2,2,0.5213
3,policy,0,2748,3,3,0.5779
3,policy,0,2748,4,4,0.5829
3,policy,0,2748,5,5,0.5829
3,policy,0,2748,6,6,0.4449
3,policy,0,2748,7,7,0.4499
3,policy,0,2748,8,8,0.5869
3,policy,0,821,0,0,0.2588
3,policy,0,821,1,1,0.3854
3,policy,0,821,2,2,0.6118
3,policy,0,821,3,3,0.3120
3,policy,0,821,4,4,0.3024
3,policy,0,821,5,5,0.3024
3,policy,0,821,6,6,0.2867
3,policy,0,821,7,7,0.2497
3,policy,0,821,8,8,0.2785
3,policy,0,3891,0,0,0.6969
3,policy,0,3891,1,1,0.7382
3,policy,0,3891,2,2,0.7472
3,policy,0,3891,3,3,0.7382
3,policy,0,3891,4,4,0.7382
3,policy,0,3891,5,5,0.8007
3,policy,0,3891,6,6,0.8007
3,policy,0,3891,7,7,0.7936
3,policy,0,3891,8,8,0.7820
3,policy,0,3250,0,0,0.2337
3,policy,0,3250,1,1,0.1795
3,policy,0,3250,2,1,0.1795
3,policy,0,3250,3,2,0.1420
3,policy,0,3250,4,2,0.1420
3,policy,0,3250,5,2,0.1420
3,policy,0,3250,6,3,0.1331
3,policy,0,3250,7,4,0.1331
3,policy,0,3250,8,5,0.0694
3,policy,0,4478,0,0,0.2489
3,policy,0,4478,1,1,0.4374
3,policy,0,4478,2,2,0.3590
3,policy,0,4478,3,3,0.3149
3,policy,0,4478,4,4,0.3149
3,policy,0,4478,5,5,0.3149
3,policy,0,4478,6,6,0.3149
3,policy,0,4478,7,7,0.3149
3,policy,0,4478,8,8,0.3149
3,policy,0,2536,0,0,0.9052
3,policy,0,2536,1,1,0.9364
3,policy,0,2536,2,2,1.0000
3,policy,0,2536,3,3,1.0000
3,policy,0,2536,4,4,1.0000
3,policy,0,2536,5,5,1.0000
3,policy,0,2536,6,6,1.0000
3,policy,0,2536,7,7,1.0000
3,policy,0,2536,8,8,1.0000
3,policy,0,1250,0,0,0.2935
3,policy,0,1250,1,0,0.2935
3,policy,0,1250,2,1,0.2201
3,policy,0,1250,3,1,0.2201
3,policy,0,1250,4,2,0.2201
3,policy,0,1250,5,3,0.2201
3,policy,0,1250,6,3,0.2201
3,policy,0,1250,7,4,0.2201
3,policy,0,1250,8,5,0.2201
3,policy,0,4763,0,0,0.0000
3,policy,0,4763,1,0,0.0000
3,policy,0,4763,2,0,0.0000
3,policy,0,4763,3,1,0.0000
3,policy,0,4763,4,2,0.0000
3,policy,0,4763,5,2,0.0000
3,policy,0,4763,6,2,0.0000
3,policy,0,4763,7,2,0.0000
3,policy,0,4763,8,3,0.0000
3,policy,0,4757,0,0,0.1632
3,policy,0,4757,1,0,0.1632
3,policy,0,4757,2,0,0.1632
3,policy,0,4757,3,1,0.0000
3,policy,0,4757,4,1,0.0000
3,policy,0,4757,5,2,0.2497
3,policy,0,4757,6,3,0.2439
3,policy,0,4757,7,4,0.2394
3,policy,0,4757,8,4,0.2394
3,policy,0,5792,0,0,0.0000
3,policy,0,5792,1,0,0.0000
3,policy,0,5792,2,0,0.0000
3,policy,0,5792,3,1,0.0663
3,policy,0,5792,4,2,0.0000
3,policy,0,5792,5,3,0.0000
3,policy,0,5792,6,4,0.0000
3,policy,0,5792,7,4,0.0000
3,policy,0,5792,8,4,0.0000
3,policy,0,6025,0,0,0.2974
3,policy,0,6025,1,1,0.1389
3,policy,0,6025,2,2,0.0636
3,policy,0,6025,3,3,0.0000
3,policy,0,6025,4,4,0.0000
3,policy,0,6025,5,5,0.0636
3,policy,0,6025,6,6,0.0636
3,policy,0,6025,7,7,0.0636
3,policy,0,6025,8,8,0.0636
3,policy,0,5989,0,0,0.0000
3,policy,0,5989,1,1,0.1100
3,policy,0,5989,2,2,0.0734
3,policy,0,5989,3,3,0.1478
3,policy,0,5989,4,4,0.1447
3,policy,0,5989,5,5,0.1447
3,policy,0,5989,6,6,0.1478
3,policy,0,5989,7,7,0.1447
3,policy,0,5989,8,8,0.0784
3,policy,0,1434,0,0,0.2350
3,policy,0,1434,1,0,0.2350
3,policy,0,1434,2,0,0.2350
3,policy,0,1434,3,1,0.2350
3,policy,0,1434,4,1,0.2350
3,policy,0,1434,5,1,0.2350
3,policy,0,1434,6,2,0.0000
3,policy,0,1434,7,3,0.0741
3,policy,0,1434,8,3,0.0741
3,policy,0,4950,0,0,0.6422
3,policy,0,4950,1,1,0.6746
3,policy,0,4950,2,2,0.8318
3,policy,0,4950,3,3,0.8166
3,policy,0,4950,4,4,0.8237
3,policy,0,4950,5,5,0.8237
3,policy,0,4950,6,6,0.8237
3,policy,0,4950,7,7,0.8237
3,policy,0,4950,8,8,0.8365
3,policy,0,4781,0,0,0.0000
3,policy,0,4781,1,1,0.0000
3,policy,0,4781,2,1,0.0000
3,policy,0,4781,3,2,0.0000
3,policy,0,4781,4,3,0.0000
3,policy,0,4781,5,4,0.0000
3,policy,0,4781,6,5,0.0000
3,policy,0,4781,7,6,0.0000
3,policy,0,4781,8,6,0.0000
3,policy,0,3169,0,0,0.2743
3,policy,0,3169,1,1,0.3503
3,policy,0,3169,2,2,0.4666
3,policy,0,3169,3,3,0.4634
3,policy,0,3169,4,4,0.4634
3,policy,0,3169,5,5,0.4634
3,policy,0,3169,6,6,0.4517
3,policy,0,3169,7,7,0.4490
3,policy,0,3169,8,8,0.4490
3,policy,0,574,0,0,0.4920
3,policy,0,574,1,0,0.4920
3,policy,0,574,2,1,0.9337
3,policy,0,574,3,2,0.9337
3,policy,0,574,4,3,0.9266
3,policy,0,574,5,4,0.9266
3,policy,0,574,6,5,0.9306
3,policy,0,574,7,6,0.9266
3,policy,0,574,8,7,0.9266
3,policy,0,955,0,0,0.5114
3,policy,0,955,1,0,0.5114
3,policy,0,955,2,0,0.5114
3,policy,0,955,3,1,0.4284
3,policy,0,955,4,2,0.5010
3,policy,0,955,5,3,0.5033
3,policy,0,955,6,4,0.4819
3,policy,0,955,7,5,0.4819
3,policy,0,955,8,5,0.4819
3,policy,0,3445,0,0,0.0000
3,policy,0,3445,1,0,0.0000
3,policy,0,3445,2,0,0.0000
3,policy,0,3445,3,1,0.0000
3,policy,0,3445,4,2,0.0000
3,policy,0,3445,5,2,0.0000
3,policy,0,3445,6,2,0.0000
3,policy,0,3445,7,2,0.0000
3,policy,0,3445,8,2,0.0000
3,policy,0,585,0,0,0.3590
3,policy,0,585,1,1,0.4886
3,policy,0,585,2,2,0.4784
3,policy,0,585,3,3,0.4937
3,policy,0,585,4,4,0.4937
3,policy,0,585,5,5,0.4886
3,policy,0,585,6,6,0.4847
3,policy,0,585,7,7,0.4847
3,policy,0,585,8,8,0.5017
3,policy,0,5503,0,0,0.6036
3,policy,0,5503,1,1,0.8268
3,policy,0,5503,2,2,1.0000
3,policy,0,5503,3,3,1.0000
3,policy,0,5503,4,4,1.0000
3,policy,0,5503,5,5,1.0000
3,policy,0,5503,6,6,1.0000
3,policy,0,5503,7,7,1.0000
3,policy,0,5503,8,8,1.0000
3,policy,0,362,0,0,0.0000
3,policy,0,362,1,0,0.0000
3,policy,0,362,2,0,0.0000
3,policy,0,362,3,1,0.0694
3,policy,0,362,4,2,0.0694
3,policy,0,362,5,2,0.0694
3,policy,0,362,6,3,0.0694
3,policy,0,362,7,4,0.0694
3,policy,0,362,8,5,0.0694
3,policy,0,3332,0,0,0.4284
3,policy,0,3332,1,1,0.3500
3,policy,0,3332,2,2,0.3689
3,policy,0,3332,3,3,0.3052
3,policy,0,3332,4,4,0.3052
3,policy,0,3332,5,5,0.3052
3,policy,0,3332,6,6,0.3052
3,policy,0,3332,7,7,0.3052
3,policy,0,3332,8,8,0.3052
3,policy,0,554,0,0,0.0663
3,policy,0,554,1,0,0.0663
3,policy,0,554,2,0,0.0663
3,policy,0,554,3,1,0.0000
3,policy,0,554,4,2,0.0000
3,policy,0,554,5,3,0.0000
3,policy,0,554,6,4,0.0000
3,policy,0,554,7,5,0.0000
3,policy,0,554,8,5,0.0000
3,policy,0,3282,0,0,0.4323
3,policy,0,3282,1,1,0.4537
3,policy,0,3282,2,2,0.5200
3,policy,0,3282,3,3,0.5174
3,policy,0,3282,4,4,0.5353
3,policy,0,3282,5,5,0.5384
3,policy,0,3282,6,6,0.5384
3,policy,0,3282,7,7,0.5384
3,policy,0,3282,8,8,0.5384
3,policy,0,5925,0,0,0.2337
3,policy,0,5925,1,0,0.2337
3,policy,0,5925,2,0,0.2337
3,policy,0,5925,3,1,0.4288
3,policy,0,5925,4,2,0.4288
3,policy,0,5925,5,3,0.4288
3,policy,0,5925,6,4,0.4288
3,policy,0,5925,7,5,0.4288
3,policy,0,5925,8,6,0.4288
3,policy,0,1610,0,0,0.4409
3,policy,0,1610,1,1,0.4284
3,policy,0,1610,2,2,0.2863
3,policy,0,1610,3,3,0.2051
3,policy,0,1610,4,4,0.2051
3,policy,0,1610,5,5,0.2051
3,policy,0,1610,6,6,0.2051
3,policy,0,1610,7,7,0.2051
3,policy,0,1610,8,8,0.2051
3,policy,0,3354,0,0,0.2240
3,policy,0,3354,1,0,0.2240
3,policy,0,3354,2,0,0.2240
3,policy,0,3354,3,1,0.0734
3,policy,0,3354,4,2,0.0784
3,policy,0,3354,5,3,0.0851
3,policy,0,3354,6,4,0.0851
3,policy,0,3354,7,5,0.0851
3,policy,0,3354,8,5,0.0851
3,policy,0,1693,0,0,0.8318
3,policy,0,1693,1,1,0.8580
3,policy,0,1693,2,2,0.7820
3,policy,0,1693,3,3,0.7820
3,policy,0,1693,4,4,0.7820
3,policy,0,1693,5,5,0.7859
3,policy,0,1693,6,6,0.7910
3,policy,0,1693,7,7,0.7910
3,policy,0,1693,8,8,0.7910
3,policy,0,1856,0,0,0.0784
3,policy,0,1856,1,0,0.0784
3,policy,0,1856,2,0,0.0784
3,policy,0,1856,3,1,0.1732
3,policy,0,1856,4,2,0.2368
3,policy,0,1856,5,2,0.2368
3,policy,0,1856,6,3,0.2436
3,policy,0,1856,7,4,0.2426
3,policy,0,1856,8,5,0.2494
3,policy,0,984,0,0,0.8604
3,policy,0,984,1,1,0.8572
3,policy,0,984,2,2,0.9266
3,policy,0,984,3,3,0.9266
3,policy,0,984,4,4,0.9266
3,policy,0,984,5,5,0.9266
3,policy,0,984,6,6,0.9266
3,policy,0,984,7,7,0.9266
3,policy,0,984,8,8,0.9266
3,policy,0,2490,0,0,0.2809
3,policy,0,2490,1,0,0.2809
3,policy,0,2490,2,1,0.4288
3,policy,0,2490,3,2,0.4951
3,policy,0,2490,4,3,0.5737
3,policy,0,2490,5,4,0.6025
3,policy,0,2490,6,5,0.6025
3,policy,0,2490,7,6,0.6025
3,policy,0,2490,8,7,0.5737
3,policy,0,2395,0,0,0.2837
3,policy,0,2395,1,0,0.2837
3,policy,0,2395,2,0,0.2837
3,policy,0,2395,3,1,0.5326
3,policy,0,2395,4,1,0.5326
3,policy,0,2395,5,2,0.3052
3,policy,0,2395,6,3,0.2985
3,policy,0,2395,7,4,0.3571
3,policy,0,2395,8,4,0.3571
3,policy,0,4666,0,0,0.0948
3,policy,0,4666,1,0,0.0948
3,policy,0,4666,2,0,0.0948
3,policy,0,4666,3,1,0.0636
3,policy,0,4666,4,2,0.0636
3,policy,0,4666,5,2,0.0636
3,policy,0,4666,6,2,0.0636
3,policy,0,4666,7,3,0.0636
3,policy,0,4666,8,4,0.0663
3,policy,0,4638,0,0,0.0694
3,policy,0,4638,1,1,0.0000
3,policy,0,4638,2,1,0.0000
3,policy,0,4638,3,2,0.0000
3,policy,0,4638,4,3,0.0000
3,policy,0,4638,5,3,0.0000
3,policy,0,4638,6,4,0.0000
3,policy,0,4638,7,5,0.0000
3,policy,0,4638,8,5,0.0000
3,policy,0,1726,0,0,0.3788
3,policy,0,1726,1,1,0.8358
3,policy,0,1726,2,2,0.8701
3,policy,0,1726,3,3,0.8669
3,policy,0,1726,4,4,0.8669
3,policy,0,1726,5,5,0.8669
3,policy,0,1726,6,6,0.8669
3,policy,0,1726,7,7,0.8669
3,policy,0,1726,8,8,0.8669
3,policy,0,1544,0,0,0.2489
3,policy,0,1544,1,1,0.1884
3,policy,0,1544,2,2,0.2646
3,policy,0,1544,3,3,0.2115
3,policy,0,1544,4,4,0.2083
3,policy,0,1544,5,5,0.2083
3,policy,0,1544,6,6,0.1420
3,policy,0,1544,7,7,0.0784
3,policy,0,1544,8,8,0.3215
3,policy,0,1401,0,0,0.5617
3,policy,0,1401,1,0,0.5617
3,policy,0,1401,2,0,0.5617
3,policy,0,1401,3,1,0.4284
3,policy,0,1401,4,2,0.4441
3,policy,0,1401,5,3,0.4085
3,policy,0,1401,6,4,0.3972
3,policy,0,1401,7,4,0.3972
3,policy,0,1401,8,5,0.3633
3,policy,0,1712,0,0,0.0000
3,policy,0,1712,1,0,0.0000
3,policy,0,1712,2,0,0.0000
3,policy,0,1712,3,1,0.0000
3,policy,0,1712,4,2,0.0000
3,policy,0,1712,5,2,0.0000
3,policy,0,1712,6,2,0.0000
3,policy,0,1712,7,3,0.0000
3,policy,0,1712,8,4,0.0000
3,policy,0,1348,0,0,0.3251
3,policy,0,1348,1,1,0.4888
3,policy,0,1348,2,2,0.6620
3,policy,0,1348,3,3,0.5887
3,policy,0,1348,4,4,0.5887
3,policy,0,1348,5,5,0.5965
3,policy,0,1348,6,6,0.5965
3,policy,0,1348,7,7,0.5934
3,policy,0,1348,8,8,0.5887
3,policy,0,4769,0,0,0.0000
3,policy,0,4769,1,0,0.0000
3,policy,0,4769,2,0,0.0000
3,policy,0,4769,3,1,0.0000
3,policy,0,4769,4,2,0.0000
3,policy,0,4769,5,2,0.0000
3,policy,0,4769,6,2,0.0000
3,policy,0,4769,7,2,0.0000
3,policy,0,4769,8,3,0.0000
3,policy,0,3915,0,0,0.9266
3,policy,0,3915,1,1,0.8900
3,policy,0,3915,2,2,0.8900
3,policy,0,3915,3,3,0.8900
3,policy,0,3915,4,4,0.8900
3,policy,0,3915,5,5,0.9052
3,policy,0,3915,6,6,0.9052
3,policy,0,3915,7,7,0.9052
3,policy,0,3915,8,8,0.9052
3,policy,0,3137,0,0,0.1478
3,policy,0,3137,1,1,0.2426
3,policy,0,3137,2,2,0.1732
3,policy,0,3137,3,3,0.2521
3,policy,0,3137,4,4,0.2521
3,policy,0,3137,5,5,0.2547
3,policy,0,3137,6,6,0.2394
3,policy,0,3137,7,7,0.2394
3,policy,0,3137,8,8,0.2426
3,policy,0,3056,0,0,0.2941
3,policy,0,3056,1,0,0.2941
3,policy,0,3056,2,1,0.6489
3,policy,0,3056,3,2,0.3718
3,policy,0,3056,4,3,0.4452
3,policy,0,3056,5,4,0.1952
3,policy,0,3056,6,5,0.1952
3,policy,0,3056,7,6,0.1635
3,policy,0,3056,8,7,0.1635
3,policy,0,3344,0,0,0.0948
3,policy,0,3344,1,1,0.1299
3,policy,0,3344,2,2,0.2844
3,policy,0,3344,3,3,0.2942
3,policy,0,3344,4,4,0.2942
3,policy,0,3344,5,5,0.2942
3,policy,0,3344,6,6,0.2916
3,policy,0,3344,7,7,0.2942
3,policy,0,3344,8,8,0.2942
3,policy,0,2009,0,0,0.9149
3,policy,0,2009,1,1,0.8390
3,policy,0,2009,2,2,0.7728
3,policy,0,2009,3,3,0.7223
3,policy,0,2009,4,4,0.7156
3,policy,0,2009,5,5,0.7156
3,policy,0,2009,6,6,0.7116
3,policy,0,2009,7,7,0.7156
3,policy,0,2009,8,8,0.7223
3,policy,0,2794,0,0,0.0734
3,policy,0,2794,1,1,0.2489
3,policy,0,2794,2,2,0.2173
3,policy,0,2794,3,3,0.2863
3,policy,0,2794,4,4,0.2863
3,policy,0,2794,5,5,0.2863
3,policy,0,2794,6,6,0.2083
3,policy,0,2794,7,7,0.2051
3,policy,0,2794,8,8,0.2051
3,policy,0,5653,0,0,0.6285
3,policy,0,5653,1,1,0.4480
3,policy,0,5653,2,2,0.6294
3,policy,0,5653,3,3,0.6473
3,policy,0,5653,4,4,0.5837
3,policy,0,5653,5,5,0.5510
3,policy,0,5653,6,6,0.5869
3,policy,0,5653,7,7,0.5396
3,policy,0,5653,8,8,0.7530
3,policy,0,5615,0,0,0.3558
3,policy,0,5615,1,1,0.2122
3,policy,0,5615,2,2,0.2173
3,policy,0,5615,3,3,0.3940
3,policy,0,5615,4,4,0.4011
3,policy,0,5615,5,5,0.4011
3,policy,0,5615,6,6,0.3317
3,policy,0,5615,7,7,0.3953
3,policy,0,5615,8,7,0.3953
3,policy,0,3884,0,0,0.2719
3,policy,0,3884,1,1,0.2985
3,policy,0,3884,2,2,0.3629
3,policy,0,3884,3,3,0.4265
3,policy,0,3884,4,4,0.4233
3,policy,0,3884,5,5,0.4315
3,policy,0,3884,6,6,0.4315
3,policy,0,3884,7,7,0.4383
3,policy,0,3884,8,8,0.4519
3,policy,0,399,0,0,0.4003
3,policy,0,399,1,1,0.1488
3,policy,0,399,2,2,0.2173
3,policy,0,399,3,3,0.2618
3,policy,0,399,4,4,0.2782
3,policy,0,399,5,5,0.2782
3,policy,0,399,6,5,0.2782
3,policy,0,399,7,6,0.2782
3,policy,0,399,8,7,0.2782
3,policy,0,4972,0,0,0.1737
3,policy,0,4972,1,1,0.2272
3,policy,0,4972,2,2,0.1610
3,policy,0,4972,3,3,0.1514
3,policy,0,4972,4,4,0.1370
3,policy,0,4972,5,5,0.1370
3,policy,0,4972,6,6,0.1331
3,policy,0,4972,7,7,0.1299
3,policy,0,4972,8,8,0.0663
3,policy,0,6,0,0,0.1834
3,policy,0,6,1,0,0.1834
3,policy,0,6,2,0,0.1834
3,policy,0,6,3,1,0.5416
3,policy,0,6,4,2,0.4604
3,policy,0,6,5,3,0.5290
3,policy,0,6,6,4,0.5329
3,policy,0,6,7,5,0.5329
3,policy,0,6,8,6,0.5770
3,policy,0,4963,0,0,0.3938
3,policy,0,4963,1,1,0.4153
3,policy,0,4963,2,2,0.5239
3,policy,0,4963,3,3,0.4748
3,policy,0,4963,4,4,0.4600
3,policy,0,4963,5,5,0.4600
3,policy,0,4963,6,6,0.4632
3,policy,0,4963,7,7,0.4658
3,policy,0,4963,8,8,0.5907
3,policy,0,666,0,0,0.2201
3,policy,0,666,1,1,0.3169
3,policy,0,666,2,2,0.2279
3,policy,0,666,3,3,0.1585
3,policy,0,666,4,4,0.1585
3,policy,0,666,5,5,0.1585
3,policy,0,666,6,6,0.2221
3,policy,0,666,7,7,0.1585
3,policy,0,666,8,8,0.1585
3,policy,0,2621,0,0,0.0000
3,policy,0,2621,1,0,0.0000
3,policy,0,2621,2,0,0.0000
3,policy,0,2621,3,1,0.0000
3,policy,0,2621,4,1,0.0000
3,policy,0,2621,5,2,0.0000
3,policy,0,2621,6,3,0.0000
3,policy,0,2621,7,4,0.0000
3,policy,0,2621,8,5,0.0000
3,policy,0,465,0,0,0.3590
3,policy,0,465,1,1,0.3301
3,policy,0,465,2,1,0.3301
3,policy,0,465,3,2,0.3719
3,policy,0,465,4,3,0.3719
3,policy,0,465,5,3,0.3719
3,policy,0,465,6,4,0.3719
3,policy,0,465,7,5,0.3786
3,policy,0,465,8,6,0.3531
3,policy,0,2226,0,0,0.4226
3,policy,0,2226,1,0,0.4226
3,policy,0,2226,2,0,0.4226
3,policy,0,2226,3,1,0.4355
3,policy,0,2226,4,2,0.3706
3,policy,0,2226,5,3,0.4383
3,policy,0,2226,6,4,0.4351
3,policy,0,2226,7,5,0.4355
3,policy,0,2226,8,6,0.4315
3,policy,0,1528,0,0,0.0000
3,policy,0,1528,1,0,0.0000
3,policy,0,1528,2,1,0.0843
3,policy,0,1528,3,2,0.0798
3,policy,0,1528,4,3,0.0798
3,policy,0,1528,5,4,0.0798
3,policy,0,1528,6,5,0.0798
3,policy,0,1528,7,6,0.0798
3,policy,0,1528,8,7,0.0798
3,policy,0,247,0,0,0.2173
3,policy,0,247,1,1,0.4252
3,policy,0,247,2,2,0.5353
3,policy,0,247,3,3,0.5077
3,policy,0,247,4,4,0.5174
3,policy,0,247,5,5,0.5326
3,policy,0,247,6,6,0.5326
3,policy,0,247,7,7,0.5326
3,policy,0,247,8,8,0.5174
3,policy,0,5648,0,0,0.6333
3,policy,0,5648,1,1,0.5271
3,policy,0,5648,2,2,0.7606
3,policy,0,5648,3,3,0.5447
3,policy,0,5648,4,4,0.5447
3,policy,0,5648,5,5,0.5370
3,policy,0,5648,6,6,0.5290
3,policy,0,5648,7,7,0.5442
3,policy,0,5648,8,8,0.5442
3,policy,0,3710,0,0,0.3063
3,policy,0,3710,1,0,0.3063
3,policy,0,3710,2,1,0.4570
3,policy,0,3710,3,2,0.5143
3,policy,0,3710,4,3,0.4272
3,policy,0,3710,5,4,0.3949
3,policy,0,3710,6,5,0.3949
3,policy,0,3710,7,6,0.3975
3,policy,0,3710,8,7,0.4263
3,policy,0,4163,0,0,0.0851
3,policy,0,4163,1,0,0.0851
3,policy,0,4163,2,0,0.0851
3,policy,0,4163,3,1,0.1763
3,policy,0,4163,4,2,0.1100
3,policy,0,4163,5,3,0.1100
3,policy,0,4163,6,4,0.1100
3,policy,0,4163,7,4,0.1100
3,policy,0,4163,8,4,0.1100
3,policy,0,4625,0,0,0.7846
3,policy,0,4625,1,1,0.7632
3,policy,0,4625,2,2,0.6976
3,policy,0,4625,3,3,0.6976
3,policy,0,4625,4,4,0.6976
3,policy,0,4625,5,5,0.6976
3,policy,0,4625,6,6,0.7264
3,policy,0,4625,7,7,0.7264
3,policy,0,4625,8,8,0.7264
3,policy,0,1121,0,0,0.3917
3,policy,0,1121,1,0,0.3917
3,policy,0,1121,2,0,0.3917
3,policy,0,1121,3,1,0.0000
3,policy,0,1121,4,2,0.6137
3,policy,0,1121,5,3,0.6086
3,policy,0,1121,6,4,0.5474
3,policy,0,1121,7,5,0.5474
3,policy,0,1121,8,6,0.5474
3,policy,0,4026,0,0,0.2173
3,policy,0,4026,1,0,0.2173
3,policy,0,4026,2,0,0.2173
3,policy,0,4026,3,1,0.1635
3,policy,0,4026,4,2,0.1635
3,policy,0,4026,5,3,0.1584
3,policy,0,4026,6,4,0.1682
3,policy,0,4026,7,5,0.1642
3,policy,0,4026,8,6,0.2272
3,policy,0,1685,0,0,0.2350
3,policy,0,1685,1,1,0.0000
3,policy,0,1685,2,2,0.0000
3,policy,0,1685,3,3,0.0000
3,policy,0,1685,4,4,0.0000
3,policy,0,1685,5,4,0.0000
3,policy,0,1685,6,5,0.0000
3,policy,0,1685,7,6,0.0000
3,policy,0,1685,8,7,0.0000
3,policy,0,248,0,0,0.0784
3,policy,0,248,1,1,0.2809
3,policy,0,248,2,2,0.2906
3,policy,0,248,3,3,0.3679
3,policy,0,248,4,4,0.3719
3,policy,0,248,5,5,0.3719
3,policy,0,248,6,6,0.2906
3,policy,0,248,7,7,0.2906
3,policy,0,248,8,8,0.2867
3,policy,0,1221,0,0,0.0851
3,policy,0,1221,1,0,0.0851
3,policy,0,1221,2,1,0.2837
3,policy,0,1221,3,2,0.0851
3,policy,0,1221,4,3,0.0948
3,policy,0,1221,5,4,0.1100
3,policy,0,1221,6,5,0.1737
3,policy,0,1221,7,6,0.1795
3,policy,0,1221,8,7,0.1795
3,policy,0,132,0,0,0.1682
3,policy,0,132,1,0,0.1682
3,policy,0,132,2,1,0.0663
3,policy,0,132,3,2,0.1299
3,policy,0,132,4,3,0.1299
3,policy,0,132,5,4,0.1299
3,policy,0,132,6,5,0.0663
3,policy,0,132,7,6,0.0663
3,policy,0,132,8,7,0.1299
3,policy,0,2718,0,0,0.2122
3,policy,0,2718,1,1,0.1100
3,policy,0,2718,2,1,0.1100
3,policy,0,2718,3,2,0.0694
3,policy,0,2718,4,3,0.0694
3,policy,0,2718,5,4,0.0694
3,policy,0,2718,6,5,0.0694
3,policy,0,2718,7,6,0.0636
3,policy,0,2718,8,7,0.2032
3,policy,0,507,0,0,0.3152
3,policy,0,507,1,1,0.5389
3,policy,0,507,2,2,0.4035
3,policy,0,507,3,3,0.3223
3,policy,0,507,4,4,0.3223
3,policy,0,507,5,5,0.3273
3,policy,0,507,6,6,0.3273
3,policy,0,507,7,7,0.3273
3,policy,0,507,8,8,0.3273
3,policy,0,4786,0,0,0.0000
3,policy,0,4786,1,0,0.0000
3,policy,0,4786,2,1,0.1232
3,policy,0,4786,3,2,0.0000
3,policy,0,4786,4,3,0.1128
3,policy,0,4786,5,3,0.1128
3,policy,0,4786,6,3,0.1128
3,policy,0,4786,7,4,0.0000
3,policy,0,4786,8,5,0.1128
3,policy,0,241,0,0,0.3938
3,policy,0,241,1,1,0.0636
3,policy,0,241,2,2,0.0734
3,policy,0,241,3,3,0.1514
3,policy,0,241,4,4,0.1447
3,policy,0,241,5,5,0.1514
3,policy,0,241,6,6,0.1447
3,policy,0,241,7,7,0.1546
3,policy,0,241,8,8,0.1642
3,policy,0,2456,0,0,0.5934
3,policy,0,2456,1,1,0.7538
3,policy,0,2456,2,2,0.9364
3,policy,0,2456,3,3,1.0000
3,policy,0,2456,4,4,1.0000
3,policy,0,2456,5,5,1.0000
3,policy,0,2456,6,6,1.0000
3,policy,0,2456,7,7,1.0000
3,policy,0,2456,8,8,1.0000
3,policy,0,3202,0,0,0.1610
3,policy,0,3202,1,1,0.1682
3,policy,0,3202,2,2,0.2394
3,policy,0,3202,3,3,0.2462
3,policy,0,3202,4,4,0.2462
3,policy,0,3202,5,5,0.2466
3,policy,0,3202,6,6,0.2466
3,policy,0,3202,7,7,0.1585
3,policy,0,3202,8,8,0.2248
3,policy,0,62,0,0,0.2935
3,policy,0,62,1,0,0.2935
3,policy,0,62,2,1,0.2935
3,policy,0,62,3,1,0.2935
3,policy,0,62,4,2,0.2895
3,policy,0,62,5,3,0.2895
3,policy,0,62,6,3,0.2895
3,policy,0,62,7,4,0.2895
3,policy,0,62,8,5,0.2935
3,policy,0,3811,0,0,0.4346
3,policy,0,3811,1,1,0.4000
3,policy,0,3811,2,2,0.4912
3,policy,0,3811,3,3,0.4983
3,policy,0,3811,4,4,0.4944
3,policy,0,3811,5,5,0.4944
3,policy,0,3811,6,6,0.4912
3,policy,0,3811,7,7,0.4944
3,policy,0,3811,8,8,0.5232
3,policy,0,4901,0,0,0.2122
3,policy,0,4901,1,1,0.0000
3,policy,0,4901,2,2,0.1370
3,policy,0,4901,3,3,0.4986
3,policy,0,4901,4,4,0.5654
3,policy,0,4901,5,5,0.5622
3,policy,0,4901,6,5,0.5622
3,policy,0,4901,7,6,0.5622
3,policy,0,4901,8,7,0.5622
3,policy,0,4689,0,0,0.2122
3,policy,0,4689,1,0,0.2122
3,policy,0,4689,2,1,0.5795
3,policy,0,4689,3,2,0.5645
3,policy,0,4689,4,3,0.5513
3,policy,0,4689,5,4,0.4701
3,policy,0,4689,6,5,0.4643
3,policy,0,4689,7,6,0.4643
3,policy,0,4689,8,7,0.4643
3,policy,0,2509,0,0,0.3183
3,policy,0,2509,1,0,0.3183
3,policy,0,2509,2,0,0.3183
3,policy,0,2509,3,1,0.6025
3,policy,0,2509,4,2,0.5321
3,policy,0,2509,5,2,0.5321
3,policy,0,2509,6,3,0.5321
3,policy,0,2509,7,4,0.5321
3,policy,0,2509,8,5,0.5321
3,policy,0,5274,0,0,0.1357
3,policy,0,5274,1,0,0.1357
3,policy,0,5274,2,0,0.1357
3,policy,0,5274,3,1,0.0636
3,policy,0,5274,4,1,0.0636
3,policy,0,5274,5,2,0.2489
3,policy,0,5274,6,3,0.2489
3,policy,0,5274,7,4,0.2489
3,policy,0,5274,8,5,0.2489
3,policy,0,5586,0,0,0.0851
3,policy,0,5586,1,0,0.0851
3,policy,0,5586,2,0,0.0851
3,policy,0,5586,3,1,0.0784
3,policy,0,5586,4,2,0.1420
3,policy,0,5586,5,3,0.1447
3,policy,0,5586,6,4,0.1447
3,policy,0,5586,7,5,0.1478
3,policy,0,5586,8,6,0.1447
3,policy,0,9,0,0,0.5266
3,policy,0,9,1,1,0.5748
3,policy,0,9,2,2,0.4452
3,policy,0,9,3,3,0.7670
3,policy,0,9,4,4,0.7779
3,policy,0,9,5,5,0.8512
3,policy,0,9,6,6,0.8512
3,policy,0,9,7,7,0.8580
3,policy,0,9,8,8,0.8580
3,policy,0,863,0,0,0.1610
3,policy,0,863,1,1,0.0734
3,policy,0,863,2,2,0.1635
3,policy,0,863,3,3,0.2279
3,policy,0,863,4,4,0.2279
3,policy,0,863,5,5,0.2279
3,policy,0,863,6,6,0.2279
3,policy,0,863,7,7,0.2279
3,policy,0,863,8,7,0.2279
3,policy,0,2370,0,0,0.0948
3,policy,0,2370,1,0,0.0948
3,policy,0,2370,2,0,0.0948
3,policy,0,2370,3,1,0.0000
3,policy,0,2370,4,2,0.0000
3,policy,0,2370,5,3,0.0000
3,policy,0,2370,6,4,0.0000
3,policy,0,2370,7,5,0.0000
3,policy,0,2370,8,6,0.0000
3,policy,0,3588,0,0,0.5716
3,policy,0,3588,1,1,0.8553
3,policy,0,3588,2,2,0.9364
3,policy,0,3588,3,3,0.8604
3,policy,0,3588,4,4,0.8630
3,policy,0,3588,5,5,0.8669
3,policy,0,3588,6,6,0.8669
3,policy,0,3588,7,7,0.8630
3,policy,0,3588,8,8,0.8604
3,policy,0,2915,0,0,0.0000
3,policy,0,2915,1,1,0.2122
3,policy,0,2915,2,2,0.2489
3,policy,0,2915,3,3,0.2489
3,policy,0,2915,4,4,0.2489
3,policy,0,2915,5,5,0.2489
3,policy,0,2915,6,6,0.2489
3,policy,0,2915,7,7,0.2489
3,policy,0,2915,8,8,0.2489
3,policy,0,4407,0,0,0.4257
3,policy,0,4407,1,1,0.5774
3,policy,0,4407,2,2,0.3031
3,policy,0,4407,3,3,0.2817
3,policy,0,4407,4,4,0.2817
3,policy,0,4407,5,5,0.2817
3,policy,0,4407,6,6,0.3421
3,policy,0,4407,7,7,0.2835
3,policy,0,4407,8,8,0.2337
3,policy,0,2416,0,0,0.0000
3,policy,0,2416,1,1,0.0000
3,policy,0,2416,2,1,0.0000
3,policy,0,2416,3,2,0.0000
3,policy,0,2416,4,2,0.0000
3,policy,0,2416,5,2,0.0000
3,policy,0,2416,6,2,0.0000
3,policy,0,2416,7,2,0.0000
3,policy,0,2416,8,2,0.0000
3,policy,0,5173,0,0,0.0000
3,policy,0,5173,1,0,0.0000
3,policy,0,5173,2,0,0.0000
3,policy,0,5173,3,0,0.0000
3,policy,0,5173,4,1,0.1100
3,policy,0,5173,5,1,0.1100
3,policy,0,5173,6,1,0.1100
3,policy,0,5173,7,1,0.1100
3,policy,0,5173,8,1,0.1100
3,policy,0,4915,0,0,0.2201
3,policy,0,4915,1,0,0.2201
3,policy,0,4915,2,1,0.2201
3,policy,0,4915,3,2,0.2201
3,policy,0,4915,4,3,0.2201
3,policy,0,4915,5,4,0.2201
3,policy,0,4915,6,5,0.2201
3,policy,0,4915,7,6,0.2201
3,policy,0,4915,8,7,0.2201
3,policy,0,4446,0,0,0.3933
3,policy,0,4446,1,1,0.5541
3,policy,0,4446,2,2,0.6300
3,policy,0,4446,3,3,0.6422
3,policy,0,4446,4,4,0.6489
3,policy,0,4446,5,5,0.7126
3,policy,0,4446,6,6,0.7126
3,policy,0,4446,7,7,0.6489
3,policy,0,4446,8,8,0.7126
3,policy,0,5549,0,0,0.8643
3,policy,0,5549,1,1,0.9306
3,policy,0,5549,2,2,1.0000
3,policy,0,5549,3,3,1.0000
3,policy,0,5549,4,4,1.0000
3,policy,0,5549,5,5,1.0000
3,policy,0,5549,6,6,1.0000
3,policy,0,5549,7,7,1.0000
3,policy,0,5549,8,8,1.0000
3,policy,0,2431,0,0,0.5743
3,policy,0,2431,1,0,0.5743
3,policy,0,2431,2,0,0.5743
3,policy,0,2431,3,1,0.7184
3,policy,0,2431,4,2,0.7058
3,policy,0,2431,5,2,0.7058
3,policy,0,2431,6,3,0.7058
3,policy,0,2431,7,4,0.6422
3,policy,0,2431,8,5,0.6422
3,policy,0,4918,0,0,0.2934
3,policy,0,4918,1,0,0.2934
3,policy,0,4918,2,0,0.2934
3,policy,0,4918,3,1,0.2489
3,policy,0,4918,4,2,0.2489
3,policy,0,4918,5,3,0.2489
3,policy,0,4918,6,4,0.2489
3,policy,0,4918,7,5,0.2489
3,policy,0,4918,8,6,0.3301
3,policy,0,3343,0,0,0.4284
3,policy,0,3343,1,1,0.5965
3,policy,0,3343,2,2,0.4920
3,policy,0,3343,3,3,0.4342
3,policy,0,3343,4,4,0.4413
3,policy,0,3343,5,5,0.4480
3,policy,0,3343,6,6,0.3719
3,policy,0,3343,7,7,0.3836
3,policy,0,3343,8,7,0.3836
3,policy,0,3736,0,0,0.3882
3,policy,0,3736,1,1,0.2431
3,policy,0,3736,2,2,0.5117
3,policy,0,3736,3,3,0.5233
3,policy,0,3736,4,4,0.5233
3,policy,0,3736,5,5,0.5233
3,policy,0,3736,6,6,0.4420
3,policy,0,3736,7,7,0.4420
3,policy,0,3736,8,8,0.4452
3,policy,0,2110,0,0,0.1131
3,policy,0,2110,1,1,0.0000
3,policy,0,2110,2,1,0.0000
3,policy,0,2110,3,2,0.0000
3,policy,0,2110,4,2,0.0000
3,policy,0,2110,5,2,0.0000
3,policy,0,2110,6,2,0.0000
3,policy,0,2110,7,2,0.0000
3,policy,0,2110,8,3,0.0000
3,policy,0,3782,0,0,0.2201
3,policy,0,3782,1,1,0.2201
3,policy,0,3782,2,1,0.2201
3,policy,0,3782,3,2,0.2201
3,policy,0,3782,4,2,0.2201
3,policy,0,3782,5,2,0.2201
3,policy,0,3782,6,3,0.2201
3,policy,0,3782,7,3,0.2201
3,policy,0,3782,8,4,0.2201
3,policy,0,5362,0,0,0.4616
3,policy,0,5362,1,1,0.6060
3,policy,0,5362,2,2,0.6906
3,policy,0,5362,3,3,0.7601
3,policy,0,5362,4,4,0.7601
3,policy,0,5362,5,5,0.7569
3,policy,0,5362,6,6,0.7281
3,policy,0,5362,7,7,0.7313
3,policy,0,5362,8,8,0.6500
3,policy,0,4839,0,0,0.0663
3,policy,0,4839,1,1,0.1100
3,policy,0,4839,2,2,0.2051
3,policy,0,4839,3,3,0.2122
3,policy,0,4839,4,4,0.1389
3,policy,0,4839,5,5,0.1389
3,policy,0,4839,6,6,0.1389
3,policy,0,4839,7,7,0.1389
3,policy,0,4839,8,8,0.1389
3,policy,0,5739,0,0,0.0901
3,policy,0,5739,1,0,0.0901
3,policy,0,5739,2,1,0.0000
3,policy,0,5739,3,2,0.0761
3,policy,0,5739,4,3,0.2574
3,policy,0,5739,5,4,0.3416
3,policy,0,5739,6,5,0.3416
3,policy,0,5739,7,6,0.3416
3,policy,0,5739,8,7,0.3447
3,policy,0,4541,0,0,0.3590
3,policy,0,4541,1,1,0.4983
3,policy,0,4541,2,1,0.4983
3,policy,0,4541,3,2,0.4912
3,policy,0,4541,4,2,0.4912
3,policy,0,4541,5,2,0.4912
3,policy,0,4541,6,3,0.5619
3,policy,0,4541,7,4,0.5619
3,policy,0,4541,8,5,0.4944
3,policy,0,5964,0,0,0.2749
3,policy,0,5964,1,0,0.2749
3,policy,0,5964,2,0,0.2749
3,policy,0,5964,3,0,0.2749
3,policy,0,5964,4,1,0.0000
3,policy,0,5964,5,1,0.0000
3,policy,0,5964,6,1,0.0000
3,policy,0,5964,7,1,0.0000
3,policy,0,5964,8,2,0.0000
3,policy,0,2130,0,0,0.5638
3,policy,0,2130,1,1,0.7156
3,policy,0,2130,2,2,0.6754
3,policy,0,2130,3,3,0.6620
3,policy,0,2130,4,4,0.6620
3,policy,0,2130,5,5,0.6722
3,policy,0,2130,6,6,0.6722
3,policy,0,2130,7,7,0.6773
3,policy,0,2130,8,8,0.6620
3,policy,0,5494,0,0,0.2985
3,policy,0,5494,1,0,0.2985
3,policy,0,5494,2,0,0.2985
3,policy,0,5494,3,1,0.2201
3,policy,0,5494,4,2,0.2201
3,policy,0,5494,5,3,0.2201
3,policy,0,5494,6,4,0.2201
3,policy,0,5494,7,4,0.2201
3,policy,0,5494,8,5,0.2201
3,policy,0,1586,0,0,0.1370
3,policy,0,1586,1,1,0.3098
3,policy,0,1586,2,2,0.3786
3,policy,0,1586,3,3,0.3629
3,policy,0,1586,4,4,0.4449
3,policy,0,1586,5,5,0.3882
3,policy,0,1586,6,6,0.4355
3,policy,0,1586,7,7,0.4519
3,policy,0,1586,8,8,0.2150
3,policy,0,650,0,0,0.6911
3,policy,0,650,1,1,0.8900
3,policy,0,650,2,2,0.8900
3,policy,0,650,3,3,0.8900
3,policy,0,650,4,4,0.7569
3,policy,0,650,5,5,0.7543
3,policy,0,650,6,6,0.7543
3,policy,0,650,7,7,0.7215
3,policy,0,650,8,8,0.7215
3,policy,0,2011,0,0,0.3715
3,policy,0,2011,1,1,0.7564
3,policy,0,2011,2,2,0.7223
3,policy,0,2011,3,3,0.7682
3,policy,0,2011,4,4,0.7779
3,policy,0,2011,5,5,0.7792
3,policy,0,2011,6,6,0.7859
3,policy,0,2011,7,7,0.7779
3,policy,0,2011,8,8,0.7728
3,policy,0,6007,0,0,0.4074
3,policy,0,6007,1,0,0.4074
3,policy,0,6007,2,0,0.4074
3,policy,0,6007,3,1,0.5645
3,policy,0,6007,4,2,0.4736
3,policy,0,6007,5,3,0.5619
3,policy,0,6007,6,4,0.5580
3,policy,0,6007,7,5,0.5606
3,policy,0,6007,8,6,0.5894
3,policy,0,5044,0,0,0.0000
3,policy,0,5044,1,1,0.0000
3,policy,0,5044,2,1,0.0000
3,policy,0,5044,3,2,0.0000
3,policy,0,5044,4,2,0.0000
3,policy,0,5044,5,2,0.0000
3,policy,0,5044,6,2,0.0000
3,policy,0,5044,7,2,0.0000
3,policy,0,5044,8,3,0.0000
3,policy,0,2227,0,0,0.0636
3,policy,0,2227,1,0,0.0636
3,policy,0,2227,2,1,0.2048
3,policy,0,2227,3,2,0.2048
3,policy,0,2227,4,3,0.1799
3,policy,0,2227,5,4,0.1799
3,policy,0,2227,6,5,0.1799
3,policy,0,2227,7,6,0.1799
3,policy,0,2227,8,7,0.1952
3,policy,0,2595,0,0,0.0000
3,policy,0,2595,1,0,0.0000
3,policy,0,2595,2,0,0.0000
3,policy,0,2595,3,1,0.1518
3,policy,0,2595,4,2,0.2279
3,policy,0,2595,5,2,0.2279
3,policy,0,2595,6,3,0.1585
3,policy,0,2595,7,4,0.2221
3,policy,0,2595,8,4,0.2221
3,policy,0,2426,0,0,0.2985
3,policy,0,2426,1,1,0.2837
3,policy,0,2426,2,1,0.2837
3,policy,0,2426,3,2,0.3301
3,policy,0,2426,4,3,0.3301
3,policy,0,2426,5,4,0.3301
3,policy,0,2426,6,5,0.3301
3,policy,0,2426,7,6,0.3301
3,policy,0,2426,8,6,0.3301
3,policy,0,3355,0,0,0.5232
3,policy,0,3355,1,1,0.6968
3,policy,0,3355,2,2,0.6325
3,policy,0,3355,3,3,0.6962
3,policy,0,3355,4,4,0.6962
3,policy,0,3355,5,5,0.6746
3,policy,0,3355,6,6,0.6746
3,policy,0,3355,7,7,0.6678
3,policy,0,3355,8,8,0.6555
3,policy,0,5088,0,0,0.0000
3,policy,0,5088,1,0,0.0000
3,policy,0,5088,2,0,0.0000
3,policy,0,5088,3,1,0.0948
3,policy,0,5088,4,1,0.0948
3,policy,0,5088,5,1,0.0948
3,policy,0,5088,6,2,0.0948
3,policy,0,5088,7,3,0.0948
3,policy,0,5088,8,3,0.0948
3,policy,0,4268,0,0,0.3031
3,policy,0,4268,1,1,0.4007
3,policy,0,4268,2,2,0.3936
3,policy,0,4268,3,3,0.3936
3,policy,0,4268,4,4,0.3936
3,policy,0,4268,5,5,0.3917
3,policy,0,4268,6,5,0.3917
3,policy,0,4268,7,6,0.3917
3,policy,0,4268,8,7,0.3859
3,policy,0,526,0,0,0.3052
3,policy,0,526,1,0,0.3052
3,policy,0,526,2,0,0.3052
3,policy,0,526,3,1,0.2201
3,policy,0,526,4,1,0.2201
3,policy,0,526,5,1,0.2201
3,policy,0,526,6,2,0.2201
3,policy,0,526,7,2,0.2201
3,policy,0,526,8,2,0.2201
3,policy,0,2291,0,0,0.0000
3,policy,0,2291,1,0,0.0000
3,policy,0,2291,2,0,0.0000
3,policy,0,2291,3,1,0.3360
3,policy,0,2291,4,2,0.3360
3,policy,0,2291,5,3,0.3360
3,policy,0,2291,6,4,0.3409
3,policy,0,2291,7,5,0.3409
3,policy,0,2291,8,5,0.3409
3,policy,0,5980,0,0,0.0000
3,policy,0,5980,1,1,0.0694
3,policy,0,5980,2,2,0.0663
3,policy,0,5980,3,3,0.1299
3,policy,0,5980,4,4,0.1396
3,policy,0,5980,5,5,0.1447
3,policy,0,5980,6,6,0.1357
3,policy,0,5980,7,7,0.1447
3,policy,0,5980,8,8,0.0000
3,policy,0,1692,0,0,0.5117
3,policy,0,1692,1,1,0.2867
3,policy,0,1692,2,2,0.3479
3,policy,0,1692,3,3,0.3529
3,policy,0,1692,4,4,0.3529
3,policy,0,1692,5,5,0.3601
3,policy,0,1692,6,6,0.3601
3,policy,0,1692,7,7,0.3601
3,policy,0,1692,8,8,0.3601
3,policy,0,4601,0,0,0.0636
3,policy,0,4601,1,1,0.2985
3,policy,0,4601,2,2,0.4537
3,policy,0,4601,3,3,0.4537
3,policy,0,4601,4,3,0.4537
3,policy,0,4601,5,3,0.4537
3,policy,0,4601,6,4,0.4537
3,policy,0,4601,7,5,0.4537
3,policy,0,4601,8,6,0.4537
3,policy,0,5264,0,0,0.3621
3,policy,0,5264,1,1,0.6844
3,policy,0,5264,2,2,0.5836
3,policy,0,5264,3,3,0.7008
3,policy,0,5264,4,4,0.6988
3,policy,0,5264,5,5,0.6988
3,policy,0,5264,6,6,0.7792
3,policy,0,5264,7,7,0.7722
3,policy,0,5264,8,7,0.7722
3,policy,0,1534,0,0,0.0000
3,policy,0,1534,1,1,0.0679
3,policy,0,1534,2,1,0.0679
3,policy,0,1534,3,2,0.0000
3,policy,0,1534,4,2,0.0000
3,policy,0,1534,5,2,0.0000
3,policy,0,1534,6,2,0.0000
3,policy,0,1534,7,2,0.0000
3,policy,0,1534,8,3,0.0000
3,policy,0,233,0,0,0.2685
3,policy,0,233,1,0,0.2685
3,policy,0,233,2,0,0.2685
3,policy,0,233,3,1,0.3052
3,policy,0,233,4,2,0.2240
3,policy,0,233,5,2,0.2240
3,policy,0,233,6,2,0.2240
3,policy,0,233,7,2,0.2240
3,policy,0,233,8,3,0.2173
3,policy,0,2988,0,0,0.0784
3,policy,0,2988,1,1,0.3975
3,policy,0,2988,2,1,0.3975
3,policy,0,2988,3,2,0.1396
3,policy,0,2988,4,3,0.1396
3,policy,0,2988,5,4,0.1396
3,policy,0,2988,6,5,0.1396
3,policy,0,2988,7,6,0.1420
3,policy,0,2988,8,6,0.1420
3,policy,0,5717,0,0,0.5290
3,policy,0,5717,1,1,0.5638
3,policy,0,5717,2,2,0.6325
3,policy,0,5717,3,3,0.7624
3,policy,0,5717,4,4,0.7084
3,policy,0,5717,5,5,0.7752
3,policy,0,5717,6,6,0.7728
3,policy,0,5717,7,7,0.7702
3,policy,0,5717,8,8,0.7702
3,policy,0,2730,0,0,0.4537
3,policy,0,2730,1,1,0.4323
3,policy,0,2730,2,2,0.4284
3,policy,0,2730,3,3,0.4284
3,policy,0,2730,4,4,0.4284
3,policy,0,2730,5,5,0.4252
3,policy,0,2730,6,6,0.4252
3,policy,0,2730,7,7,0.4252
3,policy,0,2730,8,8,0.4226
3,policy,0,5011,0,0,0.0000
3,policy,0,5011,1,1,0.0000
3,policy,0,5011,2,2,0.0000
3,policy,0,5011,3,3,0.0000
3,policy,0,5011,4,4,0.0000
3,policy,0,5011,5,4,0.0000
3,policy,0,5011,6,5,0.0000
3,policy,0,5011,7,6,0.0000
3,policy,0,5011,8,7,0.0000
3,policy,0,3894,0,0,0.0734
3,policy,0,3894,1,0,0.0734
3,policy,0,3894,2,1,0.0000
3,policy,0,3894,3,2,0.0948
3,policy,0,3894,4,3,0.0948
3,policy,0,3894,5,4,0.0948
3,policy,0,3894,6,5,0.0948
3,policy,0,3894,7,6,0.0948
3,policy,0,3894,8,7,0.0851
3,policy,0,4366,0,0,0.3539
3,policy,0,4366,1,1,0.3558
3,policy,0,4366,2,2,0.2201
3,policy,0,4366,3,3,0.2201
3,policy,0,4366,4,4,0.2201
3,policy,0,4366,5,5,0.2201
3,policy,0,4366,6,6,0.2201
3,policy,0,4366,7,7,0.2201
3,policy,0,4366,8,8,0.2201
3,policy,0,1636,0,0,0.2895
3,policy,0,1636,1,1,0.0784
3,policy,0,1636,2,2,0.0851
3,policy,0,1636,3,3,0.1584
3,policy,0,1636,4,4,0.1584
3,policy,0,1636,5,5,0.1610
3,policy,0,1636,6,6,0.1795
3,policy,0,1636,7,7,0.1795
3,policy,0,1636,8,8,0.2122
3,policy,0,5047,0,0,0.0000
3,policy,0,5047,1,1,0.0948
3,policy,0,5047,2,2,0.0851
3,policy,0,5047,3,3,0.0851
3,policy,0,5047,4,4,0.0948
3,policy,0,5047,5,5,0.0948
3,policy,0,5047,6,6,0.0948
3,policy,0,5047,7,7,0.0948
3,policy,0,5047,8,8,0.0948
3,policy,0,1527,0,0,0.5638
3,policy,0,1527,1,0,0.5638
3,policy,0,1527,2,1,0.4959
3,policy,0,1527,3,2,0.4374
3,policy,0,1527,4,3,0.5174
3,policy,0,1527,5,4,0.5200
3,policy,0,1527,6,5,0.5200
3,policy,0,1527,7,6,0.5200
3,policy,0,1527,8,7,0.5200
3,policy,0,5390,0,0,0.0783
3,policy,0,5390,1,0,0.0783
3,policy,0,5390,2,0,0.0783
3,policy,0,5390,3,0,0.0783
3,policy,0,5390,4,1,0.0000
3,policy,0,5390,5,2,0.0000
3,policy,0,5390,6,2,0.0000
3,policy,0,5390,7,2,0.0000
3,policy,0,5390,8,2,0.0000
3,policy,0,1111,0,0,0.9149
3,policy,0,1111,1,1,0.8454
3,policy,0,1111,2,2,1.0000
3,policy,0,1111,3,3,0.9149
3,policy,0,1111,4,4,0.8416
3,policy,0,1111,5,5,0.8512
3,policy,0,1111,6,6,0.8512
3,policy,0,1111,7,7,0.9149
3,policy,0,1111,8,8,0.8512
3,policy,0,3741,0,0,0.4865
3,policy,0,3741,1,0,0.4865
3,policy,0,3741,2,0,0.4865
3,policy,0,3741,3,1,0.5353
3,policy,0,3741,4,2,0.5353
3,policy,0,3741,5,3,0.5353
3,policy,0,3741,6,4,0.5353
3,policy,0,3741,7,5,0.5353
3,policy,0,3741,8,6,0.5353
3,policy,0,2778,0,0,0.0636
3,policy,0,2778,1,1,0.2835
3,policy,0,2778,2,2,0.4521
3,policy,0,2778,3,3,0.5334
3,policy,0,2778,4,4,0.4697
3,policy,0,2778,5,5,0.4737
3,policy,0,2778,6,6,0.5334
3,policy,0,2778,7,7,0.4768
3,policy,0,2778,8,8,0.4007
3,policy,0,483,0,0,0.0734
3,policy,0,483,1,0,0.0734
3,policy,0,483,2,1,0.0784
3,policy,0,483,3,2,0.0694
3,policy,0,483,4,3,0.0694
3,policy,0,483,5,4,0.0734
3,policy,0,483,6,4,0.0734
3,policy,0,483,7,5,0.0694
3,policy,0,483,8,6,0.0734
3,policy,0,706,0,0,0.1518
3,policy,0,706,1,0,0.1518
3,policy,0,706,2,1,0.3149
3,policy,0,706,3,2,0.3149
3,policy,0,706,4,3,0.2985
3,policy,0,706,5,4,0.2240
3,policy,0,706,6,5,0.2240
3,policy,0,706,7,6,0.2240
3,policy,0,706,8,7,0.2337
3,policy,0,1938,0,0,0.4794
3,policy,0,1938,1,1,0.4521
3,policy,0,1938,2,1,0.4521
3,policy,0,1938,3,2,0.2240
3,policy,0,1938,4,3,0.2240
3,policy,0,1938,5,4,0.2876
3,policy,0,1938,6,5,0.2240
3,policy,0,1938,7,6,0.2240
3,policy,0,1938,8,7,0.3718
3,policy,0,2064,0,0,0.4537
3,policy,0,2064,1,0,0.4537
3,policy,0,2064,2,0,0.4537
3,policy,0,2064,3,1,0.1389
3,policy,0,2064,4,2,0.1389
3,policy,0,2064,5,2,0.1389
3,policy,0,2064,6,3,0.1389
3,policy,0,2064,7,4,0.1389
3,policy,0,2064,8,5,0.1389
3,policy,0,5812,0,0,0.1795
3,policy,0,5812,1,1,0.5101
3,policy,0,5812,2,2,0.4886
3,policy,0,5812,3,3,0.4789
3,policy,0,5812,4,4,0.4789
3,policy,0,5812,5,5,0.4789
3,policy,0,5812,6,6,0.4663
3,policy,0,5812,7,7,0.4636
3,policy,0,5812,8,8,0.4000
3,policy,0,5552,0,0,0.5626
3,policy,0,5552,1,1,0.5677
3,policy,0,5552,2,2,0.6340
3,policy,0,5552,3,3,0.6243
3,policy,0,5552,4,4,0.6243
3,policy,0,5552,5,5,0.6243
3,policy,0,5552,6,6,0.6176
3,policy,0,5552,7,7,0.6176
3,policy,0,5552,8,8,0.6115
3,policy,0,2389,0,0,0.1100
3,policy,0,2389,1,0,0.1100
3,policy,0,2389,2,1,0.0636
3,policy,0,2389,3,1,0.0636
3,policy,0,2389,4,2,0.0734
3,policy,0,2389,5,2,0.0734
3,policy,0,2389,6,3,0.0851
3,policy,0,2389,7,4,0.0784
3,policy,0,2389,8,5,0.0784
3,policy,0,704,0,0,0.3052
3,policy,0,704,1,1,0.1370
3,policy,0,704,2,2,0.0784
3,policy,0,704,3,3,0.0784
3,policy,0,704,4,4,0.0784
3,policy,0,704,5,5,0.1420
3,policy,0,704,6,6,0.1447
3,policy,0,704,7,7,0.1447
3,policy,0,704,8,8,0.1447
3,policy,0,110,0,0,0.1635
3,policy,0,110,1,0,0.1635
3,policy,0,110,2,0,0.1635
3,policy,0,110,3,1,0.0000
3,policy,0,110,4,2,0.0000
3,policy,0,110,5,3,0.0000
3,policy,0,110,6,4,0.0000
3,policy,0,110,7,5,0.0000
3,policy,0,110,8,5,0.0000
3,policy,0,113,0,0,0.0000
3,policy,0,113,1,0,0.0000
3,policy,0,113,2,0,0.0000
3,policy,0,113,3,1,0.1389
3,policy,0,113,4,1,0.1389
3,policy,0,113,5,2,0.1389
3,policy,0,113,6,3,0.1389
3,policy,0,113,7,4,0.1389
3,policy,0,113,8,4,0.1389
3,policy,0,2754,0,0,0.0636
3,policy,0,2754,1,0,0.0636
3,policy,0,2754,2,0,0.0636
3,policy,0,2754,3,1,0.1389
3,policy,0,2754,4,1,0.1389
3,policy,0,2754,5,2,0.1763
3,policy,0,2754,6,3,0.1795
3,policy,0,2754,7,4,0.1834
3,policy,0,2754,8,5,0.1834
3,policy,0,1153,0,0,0.0000
3,policy,0,1153,1,0,0.0000
3,policy,0,1153,2,0,0.0000
3,policy,0,1153,3,1,0.0000
3,policy,0,1153,4,2,0.0000
3,policy,0,1153,5,2,0.0000
3,policy,0,1153,6,2,0.0000
3,policy,0,1153,7,2,0.0000
3,policy,0,1153,8,3,0.0000
3,policy,0,1196,0,0,0.0636
3,policy,0,1196,1,0,0.0636
3,policy,0,1196,2,0,0.0636
3,policy,0,1196,3,1,0.1389
3,policy,0,1196,4,1,0.1389
3,policy,0,1196,5,1,0.1389
3,policy,0,1196,6,2,0.1389
3,policy,0,1196,7,3,0.1389
3,policy,0,1196,8,3,0.1389
3,policy,0,5229,0,0,0.3824
3,policy,0,5229,1,1,0.4487
3,policy,0,5229,2,2,0.3757
3,policy,0,5229,3,3,0.4330
3,policy,0,5229,4,4,0.4330
3,policy,0,5229,5,5,0.4330
3,policy,0,5229,6,6,0.5181
3,policy,0,5229,7,7,0.5142
3,policy,0,5229,8,8,0.5142
3,policy,0,5984,0,0,0.2201
3,policy,0,5984,1,0,0.2201
3,policy,0,5984,2,0,0.2201
3,policy,0,5984,3,1,0.3301
3,policy,0,5984,4,2,0.3301
3,policy,0,5984,5,3,0.3301
3,policy,0,5984,6,4,0.3301
3,policy,0,5984,7,4,0.3301
3,policy,0,5984,8,4,0.3301
3,policy,0,1282,0,0,0.0000
3,policy,0,1282,1,0,0.0000
3,policy,0,1282,2,1,0.1396
3,policy,0,1282,3,2,0.1420
3,policy,0,1282,4,3,0.1642
3,policy,0,1282,5,4,0.1447
3,policy,0,1282,6,4,0.1447
3,policy,0,1282,7,5,0.1546
3,policy,0,1282,8,6,0.1514
3,policy,0,3945,0,0,0.6410
3,policy,0,3945,1,0,0.6410
3,policy,0,3945,2,1,0.7917
3,policy,0,3945,3,2,0.7015
3,policy,0,3945,4,3,0.7137
3,policy,0,3945,5,4,0.7137
3,policy,0,3945,6,5,0.7015
3,policy,0,3945,7,6,0.7015
3,policy,0,3945,8,7,0.7015
3,policy,0,3853,0,0,0.2895
3,policy,0,3853,1,1,0.3052
3,policy,0,3853,2,2,0.4441
3,policy,0,3853,3,3,0.4374
3,policy,0,3853,4,4,0.2547
3,policy,0,3853,5,5,0.2835
3,policy,0,3853,6,6,0.2115
3,policy,0,3853,7,7,0.2115
3,policy,0,3853,8,8,0.2154
3,policy,0,3762,0,0,0.5326
3,policy,0,3762,1,1,0.8486
3,policy,0,3762,2,2,0.7020
3,policy,0,3762,3,3,0.6911
3,policy,0,3762,4,4,0.6962
3,policy,0,3762,5,5,0.6988
3,policy,0,3762,6,6,0.6988
3,policy,0,3762,7,7,0.6962
3,policy,0,3762,8,8,0.6911
3,policy,0,2173,0,0,0.5264
3,policy,0,2173,1,1,0.3996
3,policy,0,2173,2,2,0.6274
3,policy,0,2173,3,3,0.5638
3,policy,0,2173,4,4,0.5638
3,policy,0,2173,5,5,0.6300
3,policy,0,2173,6,6,0.6332
3,policy,0,2173,7,7,0.6332
3,policy,0,2173,8,8,0.6275
3,policy,0,5749,0,0,0.2837
3,policy,0,5749,1,1,0.3500
3,policy,0,5749,2,2,0.3786
3,policy,0,5749,3,3,0.4627
3,policy,0,5749,4,4,0.5329
3,policy,0,5749,5,5,0.4734
3,policy,0,5749,6,6,0.5303
3,policy,0,5749,7,7,0.4784
3,policy,0,5749,8,8,0.4600
3,policy,0,3083,0,0,0.0000
3,policy,0,3083,1,0,0.0000
3,policy,0,3083,2,0,0.0000
3,policy,0,3083,3,1,0.0000
3,policy,0,3083,4,2,0.0000
3,policy,0,3083,5,2,0.0000
3,policy,0,3083,6,3,0.0000
3,policy,0,3083,7,4,0.0000
3,policy,0,3083,8,5,0.0000
3,policy,0,563,0,0,0.1732
3,policy,0,563,1,1,0.2150
3,policy,0,563,2,2,0.2240
3,policy,0,563,3,3,0.2337
3,policy,0,563,4,4,0.2337
3,policy,0,563,5,5,0.2337
3,policy,0,563,6,6,0.2240
3,policy,0,563,7,6,0.2240
3,policy,0,563,8,7,0.2240
3,policy,0,2791,0,0,0.4163
3,policy,0,2791,1,1,0.3169
3,policy,0,2791,2,2,0.3012
3,policy,0,2791,3,3,0.3102
3,policy,0,2791,4,4,0.3062
3,policy,0,2791,5,5,0.2980
3,policy,0,2791,6,6,0.2941
3,policy,0,2791,7,7,0.2941
3,policy,0,2791,8,8,0.2941
3,policy,0,1840,0,0,0.3890
3,policy,0,1840,1,1,0.4734
3,policy,0,1840,2,2,0.5989
3,policy,0,1840,3,3,0.3098
3,policy,0,1840,4,4,0.3031
3,policy,0,1840,5,5,0.2344
3,policy,0,1840,6,6,0.2344
3,policy,0,1840,7,7,0.2817
3,policy,0,1840,8,8,0.2528
3,policy,0,3750,0,0,0.6469
3,policy,0,3750,1,1,0.6851
3,policy,0,3750,2,2,0.5716
3,policy,0,3750,3,3,0.5400
3,policy,0,3750,4,4,0.6062
3,policy,0,3750,5,5,0.6699
3,policy,0,3750,6,6,0.6062
3,policy,0,3750,7,7,0.6062
3,policy,0,3750,8,8,0.6036
3,policy,0,1204,0,0,0.0000
3,policy,0,1204,1,0,0.0000
3,policy,0,1204,2,0,0.0000
3,policy,0,1204,3,1,0.1100
3,policy,0,1204,4,1,0.1100
3,policy,0,1204,5,2,0.1546
3,policy,0,1204,6,3,0.1584
3,policy,0,1204,7,3,0.1584
3,policy,0,1204,8,4,0.1584
3,policy,0,51,0,0,0.1642
3,policy,0,51,1,0,0.1642
3,policy,0,51,2,1,0.0784
3,policy,0,51,3,2,0.0851
3,policy,0,51,4,3,0.0851
3,policy,0,51,5,4,0.0784
3,policy,0,51,6,5,0.0784
3,policy,0,51,7,6,0.0784
3,policy,0,51,8,7,0.0784
3,policy,0,3728,0,0,1.0000
3,policy,0,3728,1,1,0.8415
3,policy,0,3728,2,2,0.9306
3,policy,0,3728,3,3,1.0000
3,policy,0,3728,4,4,1.0000
3,policy,0,3728,5,5,1.0000
3,policy,0,3728,6,6,1.0000
3,policy,0,3728,7,7,1.0000
3,policy,0,3728,8,8,1.0000
3,policy,0,1159,0,0,0.1089
3,policy,0,1159,1,0,0.1089
3,policy,0,1159,2,1,0.0000
3,policy,0,1159,3,2,0.0000
3,policy,0,1159,4,3,0.0000
3,policy,0,1159,5,4,0.0000
3,policy,0,1159,6,4,0.0000
3,policy,0,1159,7,5,0.0000
3,policy,0,1159,8,6,0.0000
3,policy,0,492,0,0,0.2376
3,policy,0,492,1,0,0.2376
3,policy,0,492,2,1,0.0000
3,policy,0,492,3,2,0.4171
3,policy,0,492,4,3,0.4100
3,policy,0,492,5,4,0.4003
3,policy,0,492,6,5,0.3341
3,policy,0,492,7,6,0.3341
3,policy,0,492,8,7,0.3341
3,policy,0,5657,0,0,0.0000
3,policy,0,5657,1,1,0.0000
3,policy,0,5657,2,2,0.0784
3,policy,0,5657,3,3,0.0784
3,policy,0,5657,4,4,0.0784
3,policy,0,5657,5,5,0.0784
3,policy,0,5657,6,6,0.0784
3,policy,0,5657,7,7,0.0784
3,policy,0,5657,8,8,0.0784
3,policy,0,4907,0,0,0.3885
3,policy,0,4907,1,1,0.7472
3,policy,0,4907,2,2,0.6678
3,policy,0,4907,3,3,0.6831
3,policy,0,4907,4,4,0.6831
3,policy,0,4907,5,4,0.6831
3,policy,0,4907,6,5,0.6016
3,policy,0,4907,7,6,0.5728
3,policy,0,4907,8,7,0.6016
3,policy,0,2276,0,0,0.0000
3,policy,0,2276,1,0,0.0000
3,policy,0,2276,2,0,0.0000
3,policy,0,2276,3,1,0.0827
3,policy,0,2276,4,2,0.0827
3,policy,0,2276,5,2,0.0827
3,policy,0,2276,6,3,0.0795
3,policy,0,2276,7,3,0.0795
3,policy,0,2276,8,4,0.0795
3,policy,0,4534,0,0,0.1100
3,policy,0,4534,1,1,0.3031
3,policy,0,4534,2,2,0.4666
3,policy,0,4534,3,3,0.4634
3,policy,0,4534,4,4,0.4634
3,policy,0,4534,5,5,0.4634
3,policy,0,4534,6,6,0.4634
3,policy,0,4534,7,7,0.4634
3,policy,0,4534,8,8,0.4584
3,policy,0,2798,0,0,0.0000
3,policy,0,2798,1,0,0.0000
3,policy,0,2798,2,0,0.0000
3,policy,0,2798,3,1,0.0000
3,policy,0,2798,4,2,0.0000
3,policy,0,2798,5,2,0.0000
3,policy,0,2798,6,3,0.0000
3,policy,0,2798,7,4,0.0000
3,policy,0,2798,8,5,0.0000
3,policy,0,276,0,0,0.1517
3,policy,0,276,1,0,0.1517
3,policy,0,276,2,0,0.1517
3,policy,0,276,3,1,0.3134
3,policy,0,276,4,2,0.4713
3,policy,0,276,5,2,0.4713
3,policy,0,276,6,3,0.3783
3,policy,0,276,7,4,0.3769
3,policy,0,276,8,5,0.3811
3,policy,0,546,0,0,0.2745
3,policy,0,546,1,0,0.2745
3,policy,0,546,2,1,0.3188
3,policy,0,546,3,2,0.3341
3,policy,0,546,4,3,0.3341
3,policy,0,546,5,4,0.3188
3,policy,0,546,6,5,0.3188
3,policy,0,546,7,6,0.3188
3,policy,0,546,8,7,0.3188
3,policy,0,2506,0,0,0.5989
3,policy,0,2506,1,1,0.6212
3,policy,0,2506,2,2,0.7936
3,policy,0,2506,3,3,0.9364
3,policy,0,2506,4,4,0.8701
3,policy,0,2506,5,5,0.8701
3,policy,0,2506,6,6,0.8643
3,policy,0,2506,7,7,0.8482
3,policy,0,2506,8,8,0.9266
3,policy,0,4837,0,0,0.0636
3,policy,0,4837,1,1,0.0851
3,policy,0,4837,2,1,0.0851
3,policy,0,4837,3,2,0.0000
3,policy,0,4837,4,3,0.0000
3,policy,0,4837,5,3,0.0000
3,policy,0,4837,6,3,0.0000
3,policy,0,4837,7,3,0.0000
3,policy,0,4837,8,4,0.0000
3,policy,0,57,0,0,1.0000
3,policy,0,57,1,1,0.9306
3,policy,0,57,2,2,0.8486
3,policy,0,57,3,3,0.8486
3,policy,0,57,4,4,0.8486
3,policy,0,57,5,5,0.8486
3,policy,0,57,6,6,0.8486
3,policy,0,57,7,7,0.8486
3,policy,0,57,8,8,0.8486
3,policy,0,5569,0,0,0.5216
3,policy,0,5569,1,1,0.7779
3,policy,0,5569,2,2,0.8580
3,policy,0,5569,3,3,0.8454
3,policy,0,5569,4,4,0.8454
3,policy,0,5569,5,5,0.8553
3,policy,0,5569,6,6,0.8604
3,policy,0,5569,7,7,0.8522
3,policy,0,5569,8,8,0.8482
3,policy,0,5534,0,0,0.5965
3,policy,0,5534,1,1,0.5541
3,policy,0,5534,2,2,0.5107
3,policy,0,5534,3,3,0.5077
3,policy,0,5534,4,4,0.5077
3,policy,0,5534,5,5,0.5077
3,policy,0,5534,6,6,0.4441
3,policy,0,5534,7,7,0.5077
3,policy,0,5534,8,7,0.5077
3,policy,0,1178,0,0,0.4883
3,policy,0,1178,1,1,0.7058
3,policy,0,1178,2,2,0.6489
3,policy,0,1178,3,3,0.6325
3,policy,0,1178,4,4,0.6325
3,policy,0,1178,5,5,0.6173
3,policy,0,1178,6,6,0.6122
3,policy,0,1178,7,7,0.6122
3,policy,0,1178,8,8,0.6122
3,policy,0,5489,0,0,0.2900
3,policy,0,5489,1,1,0.2201
3,policy,0,5489,2,2,0.2758
3,policy,0,5489,3,3,0.2809
3,policy,0,5489,4,4,0.2809
3,policy,0,5489,5,5,0.2809
3,policy,0,5489,6,6,0.2876
3,policy,0,5489,7,7,0.2876
3,policy,0,5489,8,8,0.2973
3,policy,0,2121,0,0,0.7752
3,policy,0,2121,1,1,0.3909
3,policy,0,2121,2,2,0.7184
3,policy,0,2121,3,3,0.7728
3,policy,0,2121,4,4,0.7606
3,policy,0,2121,5,5,0.7682
3,policy,0,2121,6,6,0.7242
3,policy,0,2121,7,7,0.7215
3,policy,0,2121,8,8,0.7215
3,policy,0,2735,0,0,0.0948
3,policy,0,2735,1,1,0.0734
3,policy,0,2735,2,2,0.0784
3,policy,0,2735,3,3,0.0636
3,policy,0,2735,4,4,0.0663
3,policy,0,2735,5,5,0.0663
3,policy,0,2735,6,6,0.0663
3,policy,0,2735,7,7,0.0663
3,policy,0,2735,8,8,0.0000
3,policy,0,4309,0,0,0.9052
3,policy,0,4309,1,1,0.7682
3,policy,0,4309,2,2,0.6930
3,policy,0,4309,3,3,0.6880
3,policy,0,4309,4,4,0.6880
3,policy,0,4309,5,5,0.6812
3,policy,0,4309,6,6,0.6812
3,policy,0,4309,7,7,0.6812
3,policy,0,4309,8,8,0.6812
3,policy,0,1046,0,0,0.2337
3,policy,0,1046,1,1,0.2122
3,policy,0,1046,2,2,0.2736
3,policy,0,1046,3,3,0.3476
3,policy,0,1046,4,4,0.3380
3,policy,0,1046,5,5,0.3128
3,policy,0,1046,6,6,0.3032
3,policy,0,1046,7,7,0.3063
3,policy,0,1046,8,8,0.3063
3,policy,0,5913,0,0,0.1299
3,policy,0,5913,1,1,0.2173
3,policy,0,5913,2,2,0.2083
3,policy,0,5913,3,3,0.2173
3,policy,0,5913,4,4,0.2173
3,policy,0,5913,5,4,0.2173
3,policy,0,5913,6,5,0.2173
3,policy,0,5913,7,6,0.2173
3,policy,0,5913,8,6,0.2173
3,policy,0,1208,0,0,0.1389
3,policy,0,1208,1,1,0.3882
3,policy,0,1208,2,2,0.3647
3,policy,0,1208,3,3,0.3621
3,policy,0,1208,4,4,0.3621
3,policy,0,1208,5,5,0.3621
3,policy,0,1208,6,6,0.3621
3,policy,0,1208,7,7,0.2935
3,policy,0,1208,8,8,0.2935
3,policy,0,1158,0,0,0.1488
3,policy,0,1158,1,1,0.3070
3,policy,0,1158,2,2,0.2685
3,policy,0,1158,3,3,0.2973
3,policy,0,1158,4,4,0.2973
3,policy,0,1158,5,5,0.2999
3,policy,0,1158,6,6,0.3843
3,policy,0,1158,7,7,0.3843
3,policy,0,1158,8,8,0.3882
3,policy,0,2478,0,0,0.0741
3,policy,0,2478,1,0,0.0741
3,policy,0,2478,2,0,0.0741
3,policy,0,2478,3,1,0.0000
3,policy,0,2478,4,2,0.0000
3,policy,0,2478,5,3,0.0000
3,policy,0,2478,6,4,0.0000
3,policy,0,2478,7,4,0.0000
3,policy,0,2478,8,5,0.0000
3,policy,0,4243,0,0,0.0000
3,policy,0,4243,1,1,0.0000
3,policy,0,4243,2,1,0.0000
3,policy,0,4243,3,2,0.0000
3,policy,0,4243,4,3,0.0000
3,policy,0,4243,5,3,0.0000
3,policy,0,4243,6,3,0.0000
3,policy,0,4243,7,3,0.0000
3,policy,0,4243,8,4,0.0000
3,policy,0,1346,0,0,0.5167
3,policy,0,1346,1,1,0.4666
3,policy,0,1346,2,2,0.7001
3,policy,0,1346,3,3,0.6653
3,policy,0,1346,4,4,0.3984
3,policy,0,1346,5,5,0.4272
3,policy,0,1346,6,6,0.3700
3,policy,0,1346,7,7,0.3700
3,policy,0,1346,8,7,0.3700
3,policy,0,4315,0,0,0.1518
3,policy,0,4315,1,0,0.1518
3,policy,0,4315,2,0,0.1518
3,policy,0,4315,3,1,0.2489
3,policy,0,4315,4,2,0.3301
3,policy,0,4315,5,2,0.3301
3,policy,0,4315,6,3,0.2489
3,policy,0,4315,7,4,0.2489
3,policy,0,4315,8,5,0.2489
3,policy,0,3424,0,0,0.9306
3,policy,0,3424,1,1,0.6678
3,policy,0,3424,2,2,0.7968
3,policy,0,3424,3,3,0.9266
3,policy,0,3424,4,4,0.9149
3,policy,0,3424,5,5,0.9149
3,policy,0,3424,6,6,0.8522
3,policy,0,3424,7,7,0.7792
3,policy,0,3424,8,8,0.9337
3,policy,0,1617,0,0,0.2895
3,policy,0,1617,1,1,0.6168
3,policy,0,1617,2,2,0.2863
3,policy,0,1617,3,3,0.3500
3,policy,0,1617,4,4,0.3597
3,policy,0,1617,5,4,0.3597
3,policy,0,1617,6,5,0.3558
3,policy,0,1617,7,6,0.4284
3,policy,0,1617,8,6,0.4284
3,policy,0,3664,0,0,0.3152
3,policy,0,3664,1,1,0.7034
3,policy,0,3664,2,2,0.7315
3,policy,0,3664,3,3,0.6180
3,policy,0,3664,4,4,0.6180
3,policy,0,3664,5,5,0.6848
3,policy,0,3664,6,6,0.6848
3,policy,0,3664,7,7,0.6180
3,policy,0,3664,8,8,0.5329
3,policy,0,2743,0,0,0.0000
3,policy,0,2743,1,0,0.0000
3,policy,0,2743,2,1,0.0000
3,policy,0,2743,3,2,0.0000
3,policy,0,2743,4,3,0.0000
3,policy,0,2743,5,4,0.0000
3,policy,0,2743,6,4,0.0000
3,policy,0,2743,7,5,0.0000
3,policy,0,2743,8,6,0.0000
3,policy,0,3260,0,0,0.6835
3,policy,0,3260,1,1,0.7702
3,policy,0,3260,2,2,0.8390
3,policy,0,3260,3,3,0.8237
3,policy,0,3260,4,4,0.8611
3,policy,0,3260,5,5,0.8611
3,policy,0,3260,6,6,0.8611
3,policy,0,3260,7,7,0.8611
3,policy,0,3260,8,8,0.7975
3,policy,0,1937,0,0,0.3758
3,policy,0,1937,1,1,0.6300
3,policy,0,1937,2,2,0.7624
3,policy,0,1937,3,3,0.7538
3,policy,0,1937,4,4,0.7606
3,policy,0,1937,5,5,0.7606
3,policy,0,1937,6,6,0.7656
3,policy,0,1937,7,7,0.7606
3,policy,0,1937,8,8,0.7606
3,policy,0,2799,0,0,0.1584
3,policy,0,2799,1,0,0.1584
3,policy,0,2799,2,0,0.1584
3,policy,0,2799,3,1,0.0000
3,policy,0,2799,4,2,0.0000
3,policy,0,2799,5,3,0.0000
3,policy,0,2799,6,4,0.0000
3,policy,0,2799,7,5,0.0000
3,policy,0,2799,8,6,0.0000
3,policy,0,4440,0,0,0.1009
3,policy,0,4440,1,0,0.1009
3,policy,0,4440,2,0,0.1009
3,policy,0,4440,3,1,0.1513
3,policy,0,4440,4,2,0.1513
3,policy,0,4440,5,2,0.1513
3,policy,0,4440,6,3,0.1513
3,policy,0,4440,7,4,0.1513
3,policy,0,4440,8,5,0.1513
3,policy,0,700,0,0,0.2431
3,policy,0,700,1,1,0.0694
3,policy,0,700,2,2,0.0000
3,policy,0,700,3,3,0.0000
3,policy,0,700,4,4,0.0000
3,policy,0,700,5,4,0.0000
3,policy,0,700,6,5,0.0000
3,policy,0,700,7,6,0.0000
3,policy,0,700,8,7,0.0000
3,policy,0,3,0,0,0.2495
3,policy,0,3,1,0,0.2495
3,policy,0,3,2,0,0.2495
3,policy,0,3,3,1,0.0000
3,policy,0,3,4,2,0.0000
3,policy,0,3,5,2,0.0000
3,policy,0,3,6,2,0.0000
3,policy,0,3,7,3,0.0000
3,policy,0,3,8,4,0.0000
3,policy,0,1306,0,0,0.3149
3,policy,0,1306,1,0,0.3149
3,policy,0,1306,2,0,0.3149
3,policy,0,1306,3,1,0.2736
3,policy,0,1306,4,2,0.3372
3,policy,0,1306,5,3,0.3660
3,policy,0,1306,6,4,0.3660
3,policy,0,1306,7,5,0.3687
3,policy,0,1306,8,5,0.3687
3,policy,0,2538,0,0,0.4007
3,policy,0,2538,1,0,0.4007
3,policy,0,2538,2,0,0.4007
3,policy,0,2538,3,1,0.6372
3,policy,0,2538,4,2,0.6300
3,policy,0,2538,5,3,0.6372
3,policy,0,2538,6,4,0.6332
3,policy,0,2538,7,5,0.6332
3,policy,0,2538,8,6,0.6332
3,policy,0,1167,0,0,0.0948
3,policy,0,1167,1,1,0.0000
3,policy,0,1167,2,2,0.1799
3,policy,0,1167,3,3,0.1732
3,policy,0,1167,4,4,0.1546
3,policy,0,1167,5,5,0.1546
3,policy,0,1167,6,6,0.1420
3,policy,0,1167,7,7,0.1488
3,policy,0,1167,8,8,0.1488
3,policy,0,4801,0,0,0.9337
3,policy,0,4801,1,1,0.8454
3,policy,0,4801,2,2,0.9052
3,policy,0,4801,3,3,0.8900
3,policy,0,4801,4,4,0.8900
3,policy,0,4801,5,5,0.8900
3,policy,0,4801,6,6,0.8900
3,policy,0,4801,7,7,0.8900
3,policy,0,4801,8,8,0.8701
3,policy,0,5191,0,0,0.1078
3,policy,0,5191,1,0,0.1078
3,policy,0,5191,2,0,0.1078
3,policy,0,5191,3,1,0.0000
3,policy,0,5191,4,1,0.0000
3,policy,0,5191,5,1,0.0000
3,policy,0,5191,6,2,0.0000
3,policy,0,5191,7,2,0.0000
3,policy,0,5191,8,2,0.0000
3,policy,0,3065,0,0,0.0784
3,policy,0,3065,1,1,0.1610
3,policy,0,3065,2,2,0.0784
3,policy,0,3065,3,3,0.0784
3,policy,0,3065,4,4,0.0784
3,policy,0,3065,5,5,0.0784
3,policy,0,3065,6,6,0.0784
3,policy,0,3065,7,7,0.0784
3,policy,0,3065,8,8,0.0784
3,policy,0,5800,0,0,0.7313
3,policy,0,5800,1,1,0.5716
3,policy,0,5800,2,2,0.5334
3,policy,0,5800,3,3,0.6185
3,policy,0,5800,4,4,0.6146
3,policy,0,5800,5,5,0.5510
3,policy,0,5800,6,6,0.5549
3,policy,0,5800,7,7,0.6185
3,policy,0,5800,8,8,0.6267
3,policy,0,2124,0,0,0.3590
3,policy,0,2124,1,1,0.5672
3,policy,0,2124,2,2,0.5894
3,policy,0,2124,3,3,0.5868
3,policy,0,2124,4,4,0.5868
3,policy,0,2124,5,5,0.5907
3,policy,0,2124,6,6,0.5907
3,policy,0,2124,7,7,0.5868
3,policy,0,2124,8,8,0.5868
3,policy,0,1899,0,0,0.0000
3,policy,0,1899,1,0,0.0000
3,policy,0,1899,2,0,0.0000
3,policy,0,1899,3,1,0.0000
3,policy,0,1899,4,1,0.0000
3,policy,0,1899,5,1,0.0000
3,policy,0,1899,6,2,0.0000
3,policy,0,1899,7,3,0.0000
3,policy,0,1899,8,3,0.0000
3,policy,0,1489,0,0,0.4768
3,policy,0,1489,1,1,0.7968
3,policy,0,1489,2,2,0.7968
3,policy,0,1489,3,3,0.7968
3,policy,0,1489,4,4,0.7968
3,policy,0,1489,5,5,0.8572
3,policy,0,1489,6,6,0.8572
3,policy,0,1489,7,7,0.7936
3,policy,0,1489,8,8,0.7968
3,policy,0,6028,0,0,0.0000
3,policy,0,6028,1,0,0.0000
3,policy,0,6028,2,1,0.0000
3,policy,0,6028,3,2,0.0000
3,policy,0,6028,4,3,0.0000
3,policy,0,6028,5,4,0.0000
3,policy,0,6028,6,5,0.0000
3,policy,0,6028,7,6,0.0000
3,policy,0,6028,8,6,0.0000
3,policy,0,156,0,0,0.8201
3,policy,0,156,1,1,0.7008
3,policy,0,156,2,2,0.6969
3,policy,0,156,3,3,0.7632
3,policy,0,156,4,4,0.7722
3,policy,0,156,5,5,0.7722
3,policy,0,156,6,6,0.7722
3,policy,0,156,7,7,0.7722
3,policy,0,156,8,8,0.7722
3,policy,0,1682,0,0,0.0000
3,policy,0,1682,1,0,0.0000
3,policy,0,1682,2,0,0.0000
3,policy,0,1682,3,1,0.0000
3,policy,0,1682,4,2,0.0000
3,policy,0,1682,5,3,0.0000
3,policy,0,1682,6,4,0.0000
3,policy,0,1682,7,5,0.0000
3,policy,0,1682,8,6,0.0000
3,policy,0,4936,0,0,0.4413
3,policy,0,4936,1,1,0.7530
3,policy,0,4936,2,2,0.6274
3,policy,0,4936,3,3,0.7034
3,policy,0,4936,4,4,0.7152
3,policy,0,4936,5,5,0.7152
3,policy,0,4936,6,6,0.7788
3,policy,0,4936,7,7,0.7820
3,policy,0,4936,8,8,0.7846
3,policy,0,5318,0,0,0.2895
3,policy,0,5318,1,1,0.6325
3,policy,0,5318,2,2,0.4479
3,policy,0,5318,3,3,0.4448
3,policy,0,5318,4,4,0.3811
3,policy,0,5318,5,5,0.4448
3,policy,0,5318,6,6,0.4448
3,policy,0,5318,7,7,0.3715
3,policy,0,5318,8,8,0.3647
3,policy,0,3352,0,0,0.7753
3,policy,0,3352,1,1,0.8512
3,policy,0,3352,2,2,0.7968
3,policy,0,3352,3,3,0.7968
3,policy,0,3352,4,4,0.7968
3,policy,0,3352,5,5,0.8007
3,policy,0,3352,6,6,0.8007
3,policy,0,3352,7,7,0.7968
3,policy,0,3352,8,8,0.7968
3,policy,0,757,0,0,0.0663
3,policy,0,757,1,0,0.0663
3,policy,0,757,2,0,0.0663
3,policy,0,757,3,1,0.0000
3,policy,0,757,4,2,0.0694
3,policy,0,757,5,3,0.0000
3,policy,0,757,6,4,0.1732
3,policy,0,757,7,4,0.1732
3,policy,0,757,8,5,0.1884
3,policy,0,3609,0,0,0.3495
3,policy,0,3609,1,0,0.3495
3,policy,0,3609,2,1,0.6812
3,policy,0,3609,3,2,0.6659
3,policy,0,3609,4,3,0.6659
3,policy,0,3609,5,4,0.5847
3,policy,0,3609,6,5,0.5915
3,policy,0,3609,7,6,0.5915
3,policy,0,3609,8,7,0.5915
3,policy,0,2619,0,0,0.6154
3,policy,0,2619,1,1,0.4417
3,policy,0,2619,2,2,0.3562
3,policy,0,2619,3,3,0.3594
3,policy,0,2619,4,4,0.3594
3,policy,0,2619,5,5,0.3594
3,policy,0,2619,6,6,0.3594
3,policy,0,2619,7,7,0.3594
3,policy,0,2619,8,8,0.3594
3,policy,0,5566,0,0,0.1737
3,policy,0,5566,1,1,0.2368
3,policy,0,5566,2,2,0.2588
3,policy,0,5566,3,3,0.2876
3,policy,0,5566,4,4,0.2973
3,policy,0,5566,5,5,0.2973
3,policy,0,5566,6,6,0.2973
3,policy,0,5566,7,7,0.2973
3,policy,0,5566,8,8,0.2973
3,policy,0,1045,0,0,0.0000
3,policy,0,1045,1,0,0.0000
3,policy,0,1045,2,0,0.0000
3,policy,0,1045,3,1,0.0000
3,policy,0,1045,4,2,0.0000
3,policy,0,1045,5,2,0.0000
3,policy,0,1045,6,3,0.0000
3,policy,0,1045,7,3,0.0000
3,policy,0,1045,8,4,0.0000
3,policy,0,3903,0,0,0.2368
3,policy,0,3903,1,0,0.2368
3,policy,0,3903,2,1,0.5619
3,policy,0,3903,3,2,0.5396
3,policy,0,3903,4,3,0.5233
3,policy,0,3903,5,4,0.4584
3,policy,0,3903,6,5,0.4584
3,policy,0,3903,7,6,0.4584
3,policy,0,3903,8,7,0.4584
3,policy,0,2479,0,0,0.0000
3,policy,0,2479,1,0,0.0000
3,policy,0,2479,2,1,0.0694
3,policy,0,2479,3,1,0.0694
3,policy,0,2479,4,2,0.0636
3,policy,0,2479,5,3,0.0636
3,policy,0,2479,6,4,0.0663
3,policy,0,2479,7,5,0.0636
3,policy,0,2479,8,6,0.0694
3,policy,0,2944,0,0,0.1514
3,policy,0,2944,1,1,0.1389
3,policy,0,2944,2,2,0.2337
3,policy,0,2944,3,3,0.3070
3,policy,0,2944,4,4,0.3031
3,policy,0,2944,5,4,0.3031
3,policy,0,2944,6,5,0.3070
3,policy,0,2944,7,6,0.3706
3,policy,0,2944,8,6,0.3706
3,policy,0,1468,0,0,0.0000
3,policy,0,1468,1,0,0.0000
3,policy,0,1468,2,0,0.0000
3,policy,0,1468,3,1,0.2528
3,policy,0,1468,4,1,0.2528
3,policy,0,1468,5,1,0.2528
3,policy,0,1468,6,2,0.1952
3,policy,0,1468,7,3,0.1884
3,policy,0,1468,8,3,0.1884
3,policy,0,1598,0,0,0.5669
3,policy,0,1598,1,1,0.7788
3,policy,0,1598,2,2,0.7564
3,policy,0,1598,3,3,0.7606
3,policy,0,1598,4,4,0.6969
3,policy,0,1598,5,5,0.7538
3,policy,0,1598,6,6,0.7538
3,policy,0,1598,7,7,0.7574
3,policy,0,1598,8,8,0.7574
3,policy,0,3571,0,0,0.2201
3,policy,0,3571,1,1,0.2985
3,policy,0,3571,2,2,0.2201
3,policy,0,3571,3,3,0.2201
3,policy,0,3571,4,4,0.2201
3,policy,0,3571,5,4,0.2201
3,policy,0,3571,6,5,0.2201
3,policy,0,3571,7,6,0.2201
3,policy,0,3571,8,7,0.2201
3,policy,0,4400,0,0,0.3125
3,policy,0,4400,1,1,0.5474
3,policy,0,4400,2,2,0.6060
3,policy,0,4400,3,3,0.5175
3,policy,0,4400,4,4,0.5175
3,policy,0,4400,5,5,0.5107
3,policy,0,4400,6,6,0.5068
3,policy,0,4400,7,7,0.5017
3,policy,0,4400,8,8,0.4729
3,policy,0,1622,0,0,0.4690
3,policy,0,1622,1,0,0.4690
3,policy,0,1622,2,0,0.4690
3,policy,0,1622,3,1,0.2201
3,policy,0,1622,4,2,0.2201
3,policy,0,1622,5,3,0.6086
3,policy,0,1622,6,4,0.6168
3,policy,0,1622,7,5,0.6060
3,policy,0,1622,8,6,0.6060
3,policy,0,1343,0,0,0.2863
3,policy,0,1343,1,0,0.2863
3,policy,0,1343,2,0,0.2863
3,policy,0,1343,3,1,0.0663
3,policy,0,1343,4,2,0.0663
3,policy,0,1343,5,2,0.0663
3,policy,0,1343,6,3,0.0636
3,policy,0,1343,7,3,0.0636
3,policy,0,1343,8,4,0.0636
3,policy,0,1661,0,0,0.3971
3,policy,0,1661,1,0,0.3971
3,policy,0,1661,2,0,0.3971
3,policy,0,1661,3,1,0.2350
3,policy,0,1661,4,2,0.3092
3,policy,0,1661,5,3,0.0708
3,policy,0,1661,6,4,0.0837
3,policy,0,1661,7,5,0.1517
3,policy,0,1661,8,6,0.1517
3,policy,0,5407,0,0,0.1389
3,policy,0,5407,1,0,0.1389
3,policy,0,5407,2,0,0.1389
3,policy,0,5407,3,1,0.0000
3,policy,0,5407,4,2,0.0000
3,policy,0,5407,5,3,0.0000
3,policy,0,5407,6,4,0.0000
3,policy,0,5407,7,5,0.0000
3,policy,0,5407,8,6,0.0000
3,policy,0,4406,0,0,0.1799
3,policy,0,4406,1,1,0.0734
3,policy,0,4406,2,2,0.2711
3,policy,0,4406,3,3,0.0784
3,policy,0,4406,4,4,0.0734
3,policy,0,4406,5,5,0.0734
3,policy,0,4406,6,6,0.0694
3,policy,0,4406,7,7,0.0663
3,policy,0,4406,8,8,0.0663
3,policy,0,240,0,0,0.0734
3,policy,0,240,1,0,0.0734
3,policy,0,240,2,0,0.0734
3,policy,0,240,3,1,0.0784
3,policy,0,240,4,2,0.0734
3,policy,0,240,5,3,0.0000
3,policy,0,240,6,4,0.0694
3,policy,0,240,7,5,0.0663
3,policy,0,240,8,6,0.0734
3,policy,0,1585,0,0,0.9149
3,policy,0,1585,1,1,0.9149
3,policy,0,1585,2,2,0.9216
3,policy,0,1585,3,3,0.9216
3,policy,0,1585,4,4,0.9266
3,policy,0,1585,5,5,0.9337
3,policy,0,1585,6,6,0.9337
3,policy,0,1585,7,7,0.9337
3,policy,0,1585,8,8,0.9337
3,policy,0,5695,0,0,0.0694
3,policy,0,5695,1,0,0.0694
3,policy,0,5695,2,0,0.0694
3,policy,0,5695,3,1,0.2240
3,policy,0,5695,4,2,0.2867
3,policy,0,5695,5,2,0.2867
3,policy,0,5695,6,3,0.2173
3,policy,0,5695,7,4,0.2809
3,policy,0,5695,8,4,0.2809
3,policy,0,699,0,0,0.0000
3,policy,0,699,1,0,0.0000
3,policy,0,699,2,0,0.0000
3,policy,0,699,3,1,0.0851
3,policy,0,699,4,2,0.0784
3,policy,0,699,5,2,0.0784
3,policy,0,699,6,2,0.0784
3,policy,0,699,7,3,0.0851
3,policy,0,699,8,4,0.0734
3,policy,0,2729,0,0,0.3859
3,policy,0,2729,1,1,0.6988
3,policy,0,2729,2,2,0.6582
3,policy,0,2729,3,3,0.6582
3,policy,0,2729,4,4,0.6582
3,policy,0,2729,5,5,0.6621
3,policy,0,2729,6,6,0.6621
3,policy,0,2729,7,7,0.6595
3,policy,0,2729,8,8,0.6595
3,policy,0,2984,0,0,0.2903
3,policy,0,2984,1,1,0.7779
3,policy,0,2984,2,2,0.7846
3,policy,0,2984,3,3,0.7846
3,policy,0,2984,4,4,0.7846
3,policy,0,2984,5,5,0.7885
3,policy,0,2984,6,6,0.7885
3,policy,0,2984,7,7,0.7885
3,policy,0,2984,8,8,0.7936
3,policy,0,1888,0,0,0.8486
3,policy,0,1888,1,1,0.6023
3,policy,0,1888,2,2,0.6817
3,policy,0,1888,3,3,0.7543
3,policy,0,1888,4,4,0.7543
3,policy,0,1888,5,5,0.7543
3,policy,0,1888,6,6,0.7543
3,policy,0,1888,7,7,0.7601
3,policy,0,1888,8,8,0.7601
3,policy,0,2664,0,0,0.5649
3,policy,0,2664,1,1,0.8358
3,policy,0,2664,2,2,0.8263
3,policy,0,2664,3,3,0.8611
3,policy,0,2664,4,4,0.8611
3,policy,0,2664,5,5,0.8611
3,policy,0,2664,6,6,0.8611
3,policy,0,2664,7,7,0.8611
3,policy,0,2664,8,8,0.8611
3,policy,0,5442,0,0,0.5400
3,policy,0,5442,1,1,0.6471
3,policy,0,5442,2,2,0.5795
3,policy,0,5442,3,3,0.6051
3,policy,0,5442,4,4,0.6051
3,policy,0,5442,5,5,0.6051
3,policy,0,5442,6,6,0.6051
3,policy,0,5442,7,7,0.6025
3,policy,0,5442,8,8,0.6025
3,policy,0,780,0,0,0.1331
3,policy,0,780,1,1,0.2903
3,policy,0,780,2,2,0.3909
3,policy,0,780,3,3,0.3273
3,policy,0,780,4,4,0.3273
3,policy,0,780,5,5,0.3341
3,policy,0,780,6,6,0.3341
3,policy,0,780,7,7,0.3273
3,policy,0,780,8,8,0.3273
3,policy,0,5879,0,0,0.6083
3,policy,0,5879,1,1,0.4833
3,policy,0,5879,2,2,0.4531
3,policy,0,5879,3,3,0.4531
3,policy,0,5879,4,4,0.4531
3,policy,0,5879,5,5,0.4570
3,policy,0,5879,6,6,0.4570
3,policy,0,5879,7,7,0.4734
3,policy,0,5879,8,8,0.4784
3,policy,0,2848,0,0,0.4537
3,policy,0,2848,1,1,0.4669
3,policy,0,2848,2,1,0.4669
3,policy,0,2848,3,2,0.2903
3,policy,0,2848,4,3,0.3539
3,policy,0,2848,5,3,0.3539
3,policy,0,2848,6,4,0.2903
3,policy,0,2848,7,5,0.3706
3,policy,0,2848,8,6,0.2025
3,policy,0,4669,0,0,0.3693
3,policy,0,4669,1,0,0.3693
3,policy,0,4669,2,1,0.0000
3,policy,0,4669,3,1,0.0000
3,policy,0,4669,4,2,0.0000
3,policy,0,4669,5,3,0.0000
3,policy,0,4669,6,4,0.0000
3,policy,0,4669,7,5,0.0000
3,policy,0,4669,8,6,0.0000
3,policy,0,5086,0,0,0.6906
3,policy,0,5086,1,1,0.3715
3,policy,0,5086,2,2,0.7242
3,policy,0,5086,3,3,0.7663
3,policy,0,5086,4,4,0.7663
3,policy,0,5086,5,5,0.7663
3,policy,0,5086,6,6,0.7663
3,policy,0,5086,7,7,0.7124
3,policy,0,5086,8,8,0.7760
3,policy,0,2874,0,0,0.2906
3,policy,0,2874,1,1,0.5834
3,policy,0,2874,2,2,0.4690
3,policy,0,2874,3,3,0.4690
3,policy,0,2874,4,4,0.4690
3,policy,0,2874,5,5,0.5326
3,policy,0,2874,6,6,0.5326
3,policy,0,2874,7,7,0.4690
3,policy,0,2874,8,8,0.4690
3,policy,0,1097,0,0,0.0000
3,policy,0,1097,1,1,0.0000
3,policy,0,1097,2,1,0.0000
3,policy,0,1097,3,2,0.0000
3,policy,0,1097,4,3,0.0000
3,policy,0,1097,5,4,0.0000
3,policy,0,1097,6,5,0.0000
3,policy,0,1097,7,5,0.0000
3,policy,0,1097,8,5,0.0000
3,policy,0,1958,0,0,0.5104
3,policy,0,1958,1,1,0.4937
3,policy,0,1958,2,2,0.3843
3,policy,0,1958,3,3,0.2201
3,policy,0,1958,4,4,0.2837
3,policy,0,1958,5,5,0.2837
3,policy,0,1958,6,6,0.2837
3,policy,0,1958,7,7,0.2837
3,policy,0,1958,8,8,0.3052
3,policy,0,4876,0,0,0.3223
3,policy,0,4876,1,1,0.3996
3,policy,0,4876,2,2,0.3183
3,policy,0,4876,3,3,0.4007
3,policy,0,4876,4,4,0.4035
3,policy,0,4876,5,5,0.4124
3,policy,0,4876,6,6,0.4221
3,policy,0,4876,7,7,0.4951
3,policy,0,4876,8,7,0.4951
3,policy,0,4990,0,0,0.0901
3,policy,0,4990,1,1,0.0000
3,policy,0,4990,2,1,0.0000
3,policy,0,4990,3,2,0.0000
3,policy,0,4990,4,2,0.0000
3,policy,0,4990,5,2,0.0000
3,policy,0,4990,6,3,0.0000
3,policy,0,4990,7,4,0.0000
3,policy,0,4990,8,5,0.0000
3,policy,0,4212,0,0,0.7015
3,policy,0,4212,1,1,0.9306
3,policy,0,4212,2,2,0.9306
3,policy,0,4212,3,3,0.9266
3,policy,0,4212,4,4,0.9266
3,policy,0,4212,5,5,0.9216
3,policy,0,4212,6,6,0.9149
3,policy,0,4212,7,7,0.9149
3,policy,0,4212,8,8,0.9052
3,policy,0,5412,0,0,0.8604
3,policy,0,5412,1,1,0.5107
3,policy,0,5412,2,2,0.7779
3,policy,0,5412,3,3,0.8116
3,policy,0,5412,4,4,0.8048
3,policy,0,5412,5,5,0.7315
3,policy,0,5412,6,6,0.6759
3,policy,0,5412,7,7,0.5959
3,policy,0,5412,8,8,0.8643
3,policy,0,5621,0,0,0.0000
3,policy,0,5621,1,1,0.0000
3,policy,0,5621,2,1,0.0000
3,policy,0,5621,3,2,0.0000
3,policy,0,5621,4,3,0.0000
3,policy,0,5621,5,3,0.0000
3,policy,0,5621,6,4,0.0000
3,policy,0,5621,7,5,0.0000
3,policy,0,5621,8,6,0.0000
3,policy,0,4273,0,0,0.0948
3,policy,0,4273,1,0,0.0948
3,policy,0,4273,2,0,0.0948
3,policy,0,4273,3,1,0.0000
3,policy,0,4273,4,2,0.0000
3,policy,0,4273,5,3,0.0000
3,policy,0,4273,6,4,0.0000
3,policy,0,4273,7,5,0.0000
3,policy,0,4273,8,6,0.0000
3,policy,0,1869,0,0,0.3836
3,policy,0,1869,1,1,0.6727
3,policy,0,1869,2,2,0.7097
3,policy,0,1869,3,3,0.6902
3,policy,0,1869,4,4,0.6902
3,policy,0,1869,5,5,0.7538
3,policy,0,1869,6,6,0.7538
3,policy,0,1869,7,7,0.6902
3,policy,0,1869,8,8,0.6870
3,policy,0,5970,0,0,0.2122
3,policy,0,5970,1,1,0.2736
3,policy,0,5970,2,2,0.2240
3,policy,0,5970,3,3,0.2330
3,policy,0,5970,4,4,0.2466
3,policy,0,5970,5,5,0.2579
3,policy,0,5970,6,6,0.2867
3,policy,0,5970,7,7,0.2867
3,policy,0,5970,8,8,0.2547
3,policy,0,2055,0,0,0.6333
3,policy,0,2055,1,1,0.8701
3,policy,0,2055,2,2,0.7084
3,policy,0,2055,3,3,0.7084
3,policy,0,2055,4,4,0.7084
3,policy,0,2055,5,5,0.7084
3,policy,0,2055,6,6,0.7084
3,policy,0,2055,7,7,0.7084
3,policy,0,2055,8,8,0.7034
3,policy,0,487,0,0,0.3622
3,policy,0,487,1,0,0.3622
3,policy,0,487,2,0,0.3622
3,policy,0,487,3,1,0.5215
3,policy,0,487,4,2,0.5215
3,policy,0,487,5,2,0.5215
3,policy,0,487,6,3,0.5215
3,policy,0,487,7,4,0.5215
3,policy,0,487,8,5,0.5215
3,policy,0,2399,0,0,0.3967
3,policy,0,2399,1,0,0.3967
3,policy,0,2399,2,0,0.3967
3,policy,0,2399,3,1,0.6173
3,policy,0,2399,4,2,0.6173
3,policy,0,2399,5,2,0.6173
3,policy,0,2399,6,3,0.6173
3,policy,0,2399,7,4,0.6809
3,policy,0,2399,8,5,0.6809
3,policy,0,4740,0,0,0.2350
3,policy,0,4740,1,0,0.2350
3,policy,0,4740,2,0,0.2350
3,policy,0,4740,3,0,0.2350
3,policy,0,4740,4,1,0.3188
3,policy,0,4740,5,1,0.3188
3,policy,0,4740,6,1,0.3188
3,policy,0,4740,7,2,0.2350
3,policy,0,4740,8,2,0.2350
3,policy,0,4414,0,0,0.7156
3,policy,0,4414,1,0,0.7156
3,policy,0,4414,2,1,0.8237
3,policy,0,4414,3,2,0.8390
3,policy,0,4414,4,3,0.8553
3,policy,0,4414,5,4,0.8553
3,policy,0,4414,6,5,0.8482
3,policy,0,4414,7,6,0.8482
3,policy,0,4414,8,7,0.8482
3,policy,0,1974,0,0,0.0000
3,policy,0,1974,1,1,0.0000
3,policy,0,1974,2,2,0.0000
3,policy,0,1974,3,3,0.0000
3,policy,0,1974,4,4,0.0000
3,policy,0,1974,5,4,0.0000
3,policy,0,1974,6,5,0.0000
3,policy,0,1974,7,6,0.0000
3,policy,0,1974,8,7,0.0000
3,policy,0,4126,0,0,0.2817
3,policy,0,4126,1,0,0.2817
3,policy,0,4126,2,1,0.7223
3,policy,0,4126,3,2,0.7184
3,policy,0,4126,4,3,0.6902
3,policy,0,4126,5,4,0.6969
3,policy,0,4126,6,5,0.6969
3,policy,0,4126,7,6,0.6969
3,policy,0,4126,8,7,0.7066
3,policy,0,2232,0,0,0.3149
3,policy,0,2232,1,1,0.3629
3,policy,0,2232,2,2,0.3621
3,policy,0,2232,3,3,0.0694
3,policy,0,2232,4,4,0.0000
3,policy,0,2232,5,5,0.0000
3,policy,0,2232,6,6,0.0000
3,policy,0,2232,7,7,0.0000
3,policy,0,2232,8,8,0.0000
3,policy,0,5927,0,0,0.0000
3,policy,0,5927,1,0,0.0000
3,policy,0,5927,2,0,0.0000
3,policy,0,5927,3,1,0.0000
3,policy,0,5927,4,1,0.0000
3,policy,0,5927,5,1,0.0000
3,policy,0,5927,6,2,0.0000
3,policy,0,5927,7,3,0.0000
3,policy,0,5927,8,4,0.0000
3,policy,0,3023,0,0,0.3636
3,policy,0,3023,1,1,0.7417
3,policy,0,3023,2,2,0.7058
3,policy,0,3023,3,3,0.7020
3,policy,0,3023,4,4,0.7020
3,policy,0,3023,5,5,0.6988
3,policy,0,3023,6,6,0.7084
3,policy,0,3023,7,7,0.7116
3,policy,0,3023,8,8,0.7066
3,policy,0,607,0,0,0.0000
3,policy,0,607,1,0,0.0000
3,policy,0,607,2,1,0.0000
3,policy,0,607,3,2,0.0000
3,policy,0,607,4,3,0.0000
3,policy,0,607,5,4,0.0000
3,policy,0,607,6,5,0.0000
3,policy,0,607,7,6,0.0000
3,policy,0,607,8,7,0.0000
3,policy,1,1216,0,0,0.0000
3,policy,1,1216,1,1,0.0000
3,policy,1,1216,2,2,0.0000
3,policy,1,1216,3,3,0.0000
3,policy,1,1216,4,4,0.0000
3,policy,1,1216,5,5,0.0000
3,policy,1,1216,6,6,0.0000
3,policy,1,1216,7,7,0.0000
3,policy,1,1216,8,7,0.0000
3,policy,1,2820,0,0,0.0000
3,policy,1,2820,1,0,0.0000
3,policy,1,2820,2,0,0.0000
3,policy,1,2820,3,1,0.0000
3,policy,1,2820,4,1,0.0000
3,policy,1,2820,5,1,0.0000
3,policy,1,2820,6,2,0.0000
3,policy,1,2820,7,3,0.0000
3,policy,1,2820,8,3,0.0000
3,policy,1,3017,0,0,0.4937
3,policy,1,3017,1,1,0.4042
3,policy,1,3017,2,2,0.4923
3,policy,1,3017,3,3,0.3405
3,policy,1,3017,4,4,0.3405
3,policy,1,3017,5,5,0.3445
3,policy,1,3017,6,6,0.3348
3,policy,1,3017,7,7,0.3322
3,policy,1,3017,8,8,0.2646
3,policy,1,1260,0,0,0.0663
3,policy,1,1260,1,1,0.0000
3,policy,1,1260,2,2,0.0663
3,policy,1,1260,3,3,0.0663
3,policy,1,1260,4,4,0.1299
3,policy,1,1260,5,5,0.1299
3,policy,1,1260,6,6,0.0694
3,policy,1,1260,7,7,0.1370
3,policy,1,1260,8,8,0.1396
3,policy,1,1920,0,0,0.0000
3,policy,1,1920,1,1,0.0000
3,policy,1,1920,2,2,0.0694
3,policy,1,1920,3,3,0.0851
3,policy,1,1920,4,4,0.0851
3,policy,1,1920,5,5,0.0784
3,policy,1,1920,6,6,0.0784
3,policy,1,1920,7,7,0.0851
3,policy,1,1920,8,8,0.0851
3,policy,1,693,0,0,0.0000
3,policy,1,693,1,0,0.0000
3,policy,1,693,2,0,0.0000
3,policy,1,693,3,1,0.0000
3,policy,1,693,4,2,0.0000
3,policy,1,693,5,3,0.0980
3,policy,1,693,6,4,0.2091
3,policy,1,693,7,4,0.2091
3,policy,1,693,8,5,0.2091
3,policy,1,3268,0,0,0.0000
3,policy,1,3268,1,0,0.0000
3,policy,1,3268,2,1,0.0000
3,policy,1,3268,3,2,0.0000
3,policy,1,3268,4,3,0.0000
3,policy,1,3268,5,4,0.1232
3,policy,1,3268,6,5,0.1510
3,policy,1,3268,7,6,0.0000
3,policy,1,3268,8,7,0.0000
3,policy,1,3548,0,0,0.1089
3,policy,1,3548,1,0,0.1089
3,policy,1,3548,2,0,0.1089
3,policy,1,3548,3,1,0.0000
3,policy,1,3548,4,2,0.0000
3,policy,1,3548,5,3,0.0000
3,policy,1,3548,6,4,0.0000
3,policy,1,3548,7,5,0.0000
3,policy,1,3548,8,5,0.0000
3,policy,1,2780,0,0,0.2240
3,policy,1,2780,1,1,0.0000
3,policy,1,2780,2,2,0.2399
3,policy,1,2780,3,3,0.2743
3,policy,1,2780,4,4,0.2494
3,policy,1,2780,5,5,0.2376
3,policy,1,2780,6,6,0.2305
3,policy,1,2780,7,7,0.1546
3,policy,1,2780,8,8,0.3597
3,policy,1,5328,0,0,0.2942
3,policy,1,5328,1,1,0.3165
3,policy,1,5328,2,2,0.2337
3,policy,1,5328,3,3,0.3125
3,policy,1,5328,4,4,0.3273
3,policy,1,5328,5,5,0.3341
3,policy,1,5328,6,6,0.4073
3,policy,1,5328,7,7,0.4100
3,policy,1,5328,8,8,0.4131
3,policy,1,3770,0,0,0.0000
3,policy,1,3770,1,1,0.5193
3,policy,1,3770,2,2,0.2618
3,policy,1,3770,3,3,0.1396
3,policy,1,3770,4,4,0.1331
3,policy,1,3770,5,5,0.2154
3,policy,1,3770,6,6,0.1447
3,policy,1,3770,7,7,0.1299
3,policy,1,3770,8,8,0.1299
3,policy,1,5135,0,0,0.2201
3,policy,1,5135,1,1,0.0734
3,policy,1,5135,2,2,0.3149
3,policy,1,5135,3,3,0.0000
3,policy,1,5135,4,4,0.0000
3,policy,1,5135,5,5,0.0000
3,policy,1,5135,6,6,0.0000
3,policy,1,5135,7,7,0.0000
3,policy,1,5135,8,8,0.0000
3,policy,1,781,0,0,0.0000
3,policy,1,781,1,0,0.0000
3,policy,1,781,2,1,0.0000
3,policy,1,781,3,1,0.0000
3,policy,1,781,4,2,0.0000
3,policy,1,781,5,3,0.0000
3,policy,1,781,6,3,0.0000
3,policy,1,781,7,4,0.0000
3,policy,1,781,8,4,0.0000
3,policy,1,2908,0,0,0.7631
3,policy,1,2908,1,1,0.8604
3,policy,1,2908,2,2,0.9149
3,policy,1,2908,3,3,0.9306
3,policy,1,2908,4,4,0.9216
3,policy,1,2908,5,5,0.9149
3,policy,1,2908,6,6,0.9052
3,policy,1,2908,7,7,0.9052
3,policy,1,2908,8,8,0.9052
3,policy,1,4075,0,0,0.0000
3,policy,1,4075,1,0,0.0000
3,policy,1,4075,2,0,0.0000
3,policy,1,4075,3,1,0.0000
3,policy,1,4075,4,1,0.0000
3,policy,1,4075,5,2,0.0000
3,policy,1,4075,6,3,0.0000
3,policy,1,4075,7,4,0.0000
3,policy,1,4075,8,4,0.0000
3,policy,1,3106,0,0,0.0000
3,policy,1,3106,1,0,0.0000
3,policy,1,3106,2,0,0.0000
3,policy,1,3106,3,1,0.0901
3,policy,1,3106,4,2,0.0979
3,policy,1,3106,5,2,0.0979
3,policy,1,3106,6,3,0.0979
3,policy,1,3106,7,4,0.0979
3,policy,1,3106,8,5,0.0901
3,policy,1,759,0,0,0.0000
3,policy,1,759,1,0,0.0000
3,policy,1,759,2,0,0.0000
3,policy,1,759,3,1,0.0000
3,policy,1,759,4,1,0.0000
3,policy,1,759,5,2,0.0636
3,policy,1,759,6,3,0.0000
3,policy,1,759,7,4,0.0000
3,policy,1,759,8,4,0.0000
3,policy,1,5467,0,0,0.2528
3,policy,1,5467,1,1,0.0694
3,policy,1,5467,2,2,0.3341
3,policy,1,5467,3,3,0.4153
3,policy,1,5467,4,4,0.3689
3,policy,1,5467,5,5,0.2895
3,policy,1,5467,6,6,0.2837
3,policy,1,5467,7,7,0.2837
3,policy,1,5467,8,8,0.4085
3,policy,1,5744,0,0,0.0000
3,policy,1,5744,1,0,0.0000
3,policy,1,5744,2,0,0.0000
3,policy,1,5744,3,1,0.0000
3,policy,1,5744,4,2,0.0000
3,policy,1,5744,5,3,0.0000
3,policy,1,5744,6,4,0.0000
3,policy,1,5744,7,5,0.0000
3,policy,1,5744,8,6,0.0000
3,policy,1,3129,0,0,0.0000
3,policy,1,3129,1,0,0.0000
3,policy,1,3129,2,0,0.0000
3,policy,1,3129,3,1,0.0000
3,policy,1,3129,4,2,0.0000
3,policy,1,3129,5,2,0.0000
3,policy,1,3129,6,3,0.0000
3,policy,1,3129,7,4,0.0000
3,policy,1,3129,8,4,0.0000
3,policy,1,5990,0,0,0.0000
3,policy,1,5990,1,0,0.0000
3,policy,1,5990,2,0,0.0000
3,policy,1,5990,3,1,0.2048
3,policy,1,5990,4,2,0.2337
3,policy,1,5990,5,3,0.2985
3,policy,1,5990,6,4,0.3149
3,policy,1,5990,7,5,0.3149
3,policy,1,5990,8,5,0.3149
3,policy,1,306,0,0,0.0000
3,policy,1,306,1,1,0.1795
3,policy,1,306,2,2,0.1299
3,policy,1,306,3,3,0.2208
3,policy,1,306,4,4,0.2182
3,policy,1,306,5,4,0.2182
3,policy,1,306,6,5,0.2278
3,policy,1,306,7,6,0.2272
3,policy,1,306,8,6,0.2272
3,policy,1,3832,0,0,0.1795
3,policy,1,3832,1,1,0.0784
3,policy,1,3832,2,2,0.0694
3,policy,1,3832,3,3,0.0663
3,policy,1,3832,4,4,0.0694
3,policy,1,3832,5,5,0.0734
3,policy,1,3832,6,6,0.0784
3,policy,1,3832,7,7,0.0784
3,policy,1,3832,8,8,0.0784
3,policy,1,1356,0,0,0.0000
3,policy,1,1356,1,0,0.0000
3,policy,1,1356,2,0,0.0000
3,policy,1,1356,3,1,0.0000
3,policy,1,1356,4,2,0.0000
3,policy,1,1356,5,3,0.0000
3,policy,1,1356,6,3,0.0000
3,policy,1,1356,7,4,0.0000
3,policy,1,1356,8,5,0.0000
3,policy,1,5279,0,0,0.0000
3,policy,1,5279,1,0,0.0000
3,policy,1,5279,2,1,0.0000
3,policy,1,5279,3,2,0.0000
3,policy,1,5279,4,3,0.0000
3,policy,1,5279,5,4,0.0000
3,policy,1,5279,6,5,0.0000
3,policy,1,5279,7,6,0.0000
3,policy,1,5279,8,7,0.0000
3,policy,1,3201,0,0,0.2122
3,policy,1,3201,1,1,0.2201
3,policy,1,3201,2,2,0.0636
3,policy,1,3201,3,3,0.0000
3,policy,1,3201,4,4,0.0734
3,policy,1,3201,5,5,0.1795
3,policy,1,3201,6,6,0.2240
3,policy,1,3201,7,7,0.2337
3,policy,1,3201,8,8,0.2973
3,policy,1,370,0,0,0.0000
3,policy,1,370,1,0,0.0000
3,policy,1,370,2,0,0.0000
3,policy,1,370,3,1,0.0000
3,policy,1,370,4,2,0.0000
3,policy,1,370,5,3,0.0000
3,policy,1,370,6,4,0.0000
3,policy,1,370,7,5,0.0000
3,policy,1,370,8,5,0.0000
3,policy,1,2012,0,0,0.0000
3,policy,1,2012,1,1,0.3052
3,policy,1,2012,2,2,0.1478
3,policy,1,2012,3,3,0.0000
3,policy,1,2012,4,4,0.0000
3,policy,1,2012,5,5,0.0000
3,policy,1,2012,6,6,0.0000
3,policy,1,2012,7,7,0.0000
3,policy,1,2012,8,8,0.0000
3,policy,1,3899,0,0,0.0000
3,policy,1,3899,1,1,0.2376
3,policy,1,3899,2,2,0.5751
3,policy,1,3899,3,3,0.6777
3,policy,1,3899,4,4,0.6777
3,policy,1,3899,5,5,0.6083
3,policy,1,3899,6,6,0.5420
3,policy,1,3899,7,7,0.6115
3,policy,1,3899,8,8,0.5479
3,policy,1,2979,0,0,0.0000
3,policy,1,2979,1,0,0.0000
3,policy,1,2979,2,1,0.0000
3,policy,1,2979,3,2,0.0948
3,policy,1,2979,4,3,0.0948
3,policy,1,2979,5,4,0.0948
3,policy,1,2979,6,5,0.0948
3,policy,1,2979,7,6,0.0948
3,policy,1,2979,8,7,0.0948
3,policy,1,2748,0,0,0.0000
3,policy,1,2748,1,1,0.0000
3,policy,1,2748,2,2,0.0000
3,policy,1,2748,3,3,0.0000
3,policy,1,2748,4,4,0.0000
3,policy,1,2748,5,5,0.0000
3,policy,1,2748,6,6,0.0000
3,policy,1,2748,7,7,0.0000
3,policy,1,2748,8,8,0.0000
3,policy,1,821,0,0,0.2201
3,policy,1,821,1,1,0.2240
3,policy,1,821,2,2,0.3629
3,policy,1,821,3,3,0.0000
3,policy,1,821,4,4,0.0000
3,policy,1,821,5,5,0.0000
3,policy,1,821,6,6,0.0000
3,policy,1,821,7,7,0.0663
3,policy,1,821,8,8,0.0663
3,policy,1,3891,0,0,0.1763
3,policy,1,3891,1,1,0.1884
3,policy,1,3891,2,2,0.1732
3,policy,1,3891,3,3,0.2368
3,policy,1,3891,4,4,0.1732
3,policy,1,3891,5,5,0.1100
3,policy,1,3891,6,6,0.1100
3,policy,1,3891,7,7,0.1100
3,policy,1,3891,8,8,0.1100
3,policy,1,3250,0,0,0.0000
3,policy,1,3250,1,1,0.0000
3,policy,1,3250,2,1,0.0000
3,policy,1,3250,3,2,0.0636
3,policy,1,3250,4,2,0.0636
3,policy,1,3250,5,2,0.0636
3,policy,1,3250,6,3,0.0000
3,policy,1,3250,7,4,0.0000
3,policy,1,3250,8,5,0.0000
3,policy,1,4478,0,0,0.1514
3,policy,1,4478,1,1,0.1100
3,policy,1,4478,2,2,0.0000
3,policy,1,4478,3,3,0.0000
3,policy,1,4478,4,4,0.0000
3,policy,1,4478,5,5,0.0000
3,policy,1,4478,6,6,0.0000
3,policy,1,4478,7,7,0.0000
3,policy,1,4478,8,8,0.0000
3,policy,1,2536,0,0,0.4016
3,policy,1,2536,1,1,0.0636
3,policy,1,2536,2,2,0.0694
3,policy,1,2536,3,3,0.1447
3,policy,1,2536,4,4,0.2154
3,policy,1,2536,5,5,0.2426
3,policy,1,2536,6,6,0.3610
3,policy,1,2536,7,7,0.3846
3,policy,1,2536,8,8,0.3917
3,policy,1,1250,0,0,0.0000
3,policy,1,1250,1,0,0.0000
3,policy,1,1250,2,1,0.0000
3,policy,1,1250,3,1,0.0000
3,policy,1,1250,4,2,0.0000
3,policy,1,1250,5,3,0.0000
3,policy,1,1250,6,3,0.0000
3,policy,1,1250,7,4,0.0000
3,policy,1,1250,8,5,0.0000
3,policy,1,4763,0,0,0.0000
3,policy,1,4763,1,0,0.0000
3,policy,1,4763,2,0,0.0000
3,policy,1,4763,3,1,0.0000
3,policy,1,4763,4,2,0.0000
3,policy,1,4763,5,2,0.0000
3,policy,1,4763,6,2,0.0000
3,policy,1,4763,7,2,0.0000
3,policy,1,4763,8,3,0.0000
3,policy,1,4757,0,0,0.0000
3,policy,1,4757,1,0,0.0000
3,policy,1,4757,2,0,0.0000
3,policy,1,4757,3,1,0.1461
3,policy,1,4757,4,1,0.1461
3,policy,1,4757,5,2,0.1696
3,policy,1,4757,6,3,0.2140
3,policy,1,4757,7,4,0.2140
3,policy,1,4757,8,4,0.2140
3,policy,1,5792,0,0,0.0000
3,policy,1,5792,1,0,0.0000
3,policy,1,5792,2,0,0.0000
3,policy,1,5792,3,1,0.0734
3,policy,1,5792,4,2,0.0663
3,policy,1,5792,5,3,0.0663
3,policy,1,5792,6,4,0.0663
3,policy,1,5792,7,4,0.0663
3,policy,1,5792,8,4,0.0663
3,policy,1,6025,0,0,0.0000
3,policy,1,6025,1,1,0.2201
3,policy,1,6025,2,2,0.1420
3,policy,1,6025,3,3,0.1546
3,policy,1,6025,4,4,0.1428
3,policy,1,6025,5,5,0.1428
3,policy,1,6025,6,6,0.1428
3,policy,1,6025,7,7,0.1428
3,policy,1,6025,8,8,0.1428
3,policy,1,5989,0,0,0.1389
3,policy,1,5989,1,1,0.1763
3,policy,1,5989,2,2,0.0000
3,policy,1,5989,3,3,0.1514
3,policy,1,5989,4,4,0.1514
3,policy,1,5989,5,5,0.1514
3,policy,1,5989,6,6,0.1514
3,policy,1,5989,7,7,0.1447
3,policy,1,5989,8,8,0.1331
3,policy,1,1434,0,0,0.0000
3,policy,1,1434,1,0,0.0000
3,policy,1,1434,2,0,0.0000
3,policy,1,1434,3,1,0.0000
3,policy,1,1434,4,1,0.0000
3,policy,1,1434,5,1,0.0000
3,policy,1,1434,6,2,0.0955
3,policy,1,1434,7,3,0.1078
3,policy,1,1434,8,3,0.1078
3,policy,1,4950,0,0,0.1993
3,policy,1,4950,1,1,0.2083
3,policy,1,4950,2,2,0.4780
3,policy,1,4950,3,3,0.6754
3,policy,1,4950,4,4,0.5959
3,policy,1,4950,5,5,0.5670
3,policy,1,4950,6,6,0.5919
3,policy,1,4950,7,7,0.5631
3,policy,1,4950,8,8,0.6137
3,policy,1,4781,0,0,0.0000
3,policy,1,4781,1,1,0.0734
3,policy,1,4781,2,1,0.0734
3,policy,1,4781,3,2,0.1447
3,policy,1,4781,4,3,0.1370
3,policy,1,4781,5,4,0.0734
3,policy,1,4781,6,5,0.0784
3,policy,1,4781,7,6,0.0734
3,policy,1,4781,8,6,0.0734
3,policy,1,3169,0,0,0.0000
3,policy,1,3169,1,1,0.0000
3,policy,1,3169,2,2,0.0000
3,policy,1,3169,3,3,0.0000
3,policy,1,3169,4,4,0.0000
3,policy,1,3169,5,5,0.0000
3,policy,1,3169,6,6,0.0000
3,policy,1,3169,7,7,0.0000
3,policy,1,3169,8,8,0.0000
3,policy,1,574,0,0,0.0784
3,policy,1,574,1,0,0.0784
3,policy,1,574,2,1,0.4710
3,policy,1,574,3,2,0.4584
3,policy,1,574,4,3,0.4558
3,policy,1,574,5,4,0.4616
3,policy,1,574,6,5,0.4584
3,policy,1,574,7,6,0.4584
3,policy,1,574,8,7,0.4558
3,policy,1,955,0,0,0.0000
3,policy,1,955,1,0,0.0000
3,policy,1,955,2,0,0.0000
3,policy,1,955,3,1,0.1389
3,policy,1,955,4,2,0.2201
3,policy,1,955,5,3,0.1389
3,policy,1,955,6,4,0.1389
3,policy,1,955,7,5,0.1389
3,policy,1,955,8,5,0.1389
3,policy,1,3445,0,0,0.0000
3,policy,1,3445,1,0,0.0000
3,policy,1,3445,2,0,0.0000
3,policy,1,3445,3,1,0.0000
3,policy,1,3445,4,2,0.0000
3,policy,1,3445,5,2,0.0000
3,policy,1,3445,6,2,0.0000
3,policy,1,3445,7,2,0.0000
3,policy,1,3445,8,2,0.0000
3,policy,1,585,0,0,0.0911
3,policy,1,585,1,1,0.2468
3,policy,1,585,2,2,0.2864
3,policy,1,585,3,3,0.2864
3,policy,1,585,4,4,0.2864
3,policy,1,585,5,5,0.2864
3,policy,1,585,6,6,0.2864
3,policy,1,585,7,7,0.2864
3,policy,1,585,8,8,0.2784
3,policy,1,5503,0,0,0.1795
3,policy,1,5503,1,1,0.4249
3,policy,1,5503,2,2,0.6438
3,policy,1,5503,3,3,0.6602
3,policy,1,5503,4,4,0.6602
3,policy,1,5503,5,5,0.6531
3,policy,1,5503,6,6,0.6505
3,policy,1,5503,7,7,0.5798
3,policy,1,5503,8,8,0.5740
3,policy,1,362,0,0,0.0000
3,policy,1,362,1,0,0.0000
3,policy,1,362,2,0,0.0000
3,policy,1,362,3,1,0.0000
3,policy,1,362,4,2,0.0000
3,policy,1,362,5,2,0.0000
3,policy,1,362,6,3,0.0000
3,policy,1,362,7,4,0.0000
3,policy,1,362,8,5,0.0000
3,policy,1,3332,0,0,0.0000
3,policy,1,3332,1,1,0.0000
3,policy,1,3332,2,2,0.0784
3,policy,1,3332,3,3,0.0663
3,policy,1,3332,4,4,0.0663
3,policy,1,3332,5,5,0.0694
3,policy,1,3332,6,6,0.0694
3,policy,1,3332,7,7,0.0694
3,policy,1,3332,8,8,0.0663
3,policy,1,554,0,0,0.0000
3,policy,1,554,1,0,0.0000
3,policy,1,554,2,0,0.0000
3,policy,1,554,3,1,0.0000
3,policy,1,554,4,2,0.0000
3,policy,1,554,5,3,0.0000
3,policy,1,554,6,4,0.0000
3,policy,1,554,7,5,0.0000
3,policy,1,554,8,5,0.0000
3,policy,1,3282,0,0,0.0663
3,policy,1,3282,1,1,0.1389
3,policy,1,3282,2,2,0.0000
3,policy,1,3282,3,3,0.0636
3,policy,1,3282,4,4,0.0000
3,policy,1,3282,5,5,0.0000
3,policy,1,3282,6,6,0.0000
3,policy,1,3282,7,7,0.0000
3,policy,1,3282,8,8,0.0000
3,policy,1,5925,0,0,0.0000
3,policy,1,5925,1,0,0.0000
3,policy,1,5925,2,0,0.0000
3,policy,1,5925,3,1,0.0000
3,policy,1,5925,4,2,0.0000
3,policy,1,5925,5,3,0.0000
3,policy,1,5925,6,4,0.0000
3,policy,1,5925,7,5,0.0000
3,policy,1,5925,8,6,0.0000
3,policy,1,1610,0,0,0.1396
3,policy,1,1610,1,1,0.3636
3,policy,1,1610,2,2,0.1584
3,policy,1,1610,3,3,0.2903
3,policy,1,1610,4,4,0.2903
3,policy,1,1610,5,5,0.2521
3,policy,1,1610,6,6,0.2497
3,policy,1,1610,7,7,0.3471
3,policy,1,1610,8,8,0.2876
3,policy,1,3354,0,0,0.0000
3,policy,1,3354,1,0,0.0000
3,policy,1,3354,2,0,0.0000
3,policy,1,3354,3,1,0.0000
3,policy,1,3354,4,2,0.0000
3,policy,1,3354,5,3,0.0000
3,policy,1,3354,6,4,0.0000
3,policy,1,3354,7,5,0.0000
3,policy,1,3354,8,5,0.0000
3,policy,1,1693,0,0,0.1952
3,policy,1,1693,1,1,0.3715
3,policy,1,1693,2,2,0.2150
3,policy,1,1693,3,3,0.2247
3,policy,1,1693,4,4,0.1514
3,policy,1,1693,5,5,0.1546
3,policy,1,1693,6,6,0.1514
3,policy,1,1693,7,7,0.0694
3,policy,1,1693,8,8,0.0663
3,policy,1,1856,0,0,0.0000
3,policy,1,1856,1,0,0.0000
3,policy,1,1856,2,0,0.0000
3,policy,1,1856,3,1,0.0000
3,policy,1,1856,4,2,0.0000
3,policy,1,1856,5,2,0.0000
3,policy,1,1856,6,3,0.0000
3,policy,1,1856,7,4,0.0000
3,policy,1,1856,8,5,0.0000
3,policy,1,984,0,0,0.1100
3,policy,1,984,1,1,0.0000
3,policy,1,984,2,2,0.0000
3,policy,1,984,3,3,0.0663
3,policy,1,984,4,4,0.0636
3,policy,1,984,5,5,0.0000
3,policy,1,984,6,6,0.0000
3,policy,1,984,7,7,0.0000
3,policy,1,984,8,8,0.0636
3,policy,1,2490,0,0,0.1100
3,policy,1,2490,1,0,0.1100
3,policy,1,2490,2,1,0.0948
3,policy,1,2490,3,2,0.1642
3,policy,1,2490,4,3,0.1610
3,policy,1,2490,5,4,0.1682
3,policy,1,2490,6,5,0.1682
3,policy,1,2490,7,6,0.1682
3,policy,1,2490,8,7,0.1642
3,policy,1,2395,0,0,0.0000
3,policy,1,2395,1,0,0.0000
3,policy,1,2395,2,0,0.0000
3,policy,1,2395,3,1,0.0000
3,policy,1,2395,4,1,0.0000
3,policy,1,2395,5,2,0.0000
3,policy,1,2395,6,3,0.0000
3,policy,1,2395,7,4,0.0000
3,policy,1,2395,8,4,0.0000
3,policy,1,4666,0,0,0.0000
3,policy,1,4666,1,0,0.0000
3,policy,1,4666,2,0,0.0000
3,policy,1,4666,3,1,0.0000
3,policy,1,4666,4,2,0.0000
3,policy,1,4666,5,2,0.0000
3,policy,1,4666,6,2,0.0000
3,policy,1,4666,7,3,0.0000
3,policy,1,4666,8,4,0.0000
3,policy,1,4638,0,0,0.0000
3,policy,1,4638,1,1,0.0000
3,policy,1,4638,2,1,0.0000
3,policy,1,4638,3,2,0.0000
3,policy,1,4638,4,3,0.0000
3,policy,1,4638,5,3,0.0000
3,policy,1,4638,6,4,0.0000
3,policy,1,4638,7,5,0.0000
3,policy,1,4638,8,5,0.0000
3,policy,1,1726,0,0,0.4000
3,policy,1,1726,1,1,0.6968
3,policy,1,1726,2,2,0.8482
3,policy,1,1726,3,3,0.7885
3,policy,1,1726,4,4,0.7788
3,policy,1,1726,5,5,0.7820
3,policy,1,1726,6,6,0.7223
3,policy,1,1726,7,7,0.7184
3,policy,1,1726,8,8,0.7184
3,policy,1,1544,0,0,0.1546
3,policy,1,1544,1,1,0.0000
3,policy,1,1544,2,2,0.0000
3,policy,1,1544,3,3,0.0000
3,policy,1,1544,4,4,0.0000
3,policy,1,1544,5,5,0.0000
3,policy,1,1544,6,6,0.0000
3,policy,1,1544,7,7,0.0000
3,policy,1,1544,8,8,0.0663
3,policy,1,1401,0,0,0.0000
3,policy,1,1401,1,0,0.0000
3,policy,1,1401,2,0,0.0000
3,policy,1,1401,3,1,0.0000
3,policy,1,1401,4,2,0.0000
3,policy,1,1401,5,3,0.0000
3,policy,1,1401,6,4,0.0000
3,policy,1,1401,7,4,0.0000
3,policy,1,1401,8,5,0.0000
3,policy,1,1712,0,0,0.0000
3,policy,1,1712,1,0,0.0000
3,policy,1,1712,2,0,0.0000
3,policy,1,1712,3,1,0.0000
3,policy,1,1712,4,2,0.0000
3,policy,1,1712,5,2,0.0000
3,policy,1,1712,6,2,0.0000
3,policy,1,1712,7,3,0.0000
3,policy,1,1712,8,4,0.0000
3,policy,1,1348,0,0,0.0000
3,policy,1,1348,1,1,0.4409
3,policy,1,1348,2,2,0.0979
3,policy,1,1348,3,3,0.0000
3,policy,1,1348,4,4,0.0000
3,policy,1,1348,5,5,0.0000
3,policy,1,1348,6,6,0.0000
3,policy,1,1348,7,7,0.0000
3,policy,1,1348,8,8,0.0000
3,policy,1,4769,0,0,0.1357
3,policy,1,4769,1,0,0.1357
3,policy,1,4769,2,0,0.1357
3,policy,1,4769,3,1,0.0000
3,policy,1,4769,4,2,0.0000
3,policy,1,4769,5,2,0.0000
3,policy,1,4769,6,2,0.0000
3,policy,1,4769,7,2,0.0000
3,policy,1,4769,8,3,0.0000
3,policy,1,3915,0,0,0.0784
3,policy,1,3915,1,1,0.5271
3,policy,1,3915,2,2,0.5455
3,policy,1,3915,3,3,0.5482
3,policy,1,3915,4,4,0.5482
3,policy,1,3915,5,5,0.5965
3,policy,1,3915,6,6,0.5926
3,policy,1,3915,7,7,0.5926
3,policy,1,3915,8,8,0.5965
3,policy,1,3137,0,0,0.0000
3,policy,1,3137,1,1,0.0948
3,policy,1,3137,2,2,0.2743
3,policy,1,3137,3,3,0.3569
3,policy,1,3137,4,4,0.3569
3,policy,1,3137,5,5,0.3569
3,policy,1,3137,6,6,0.3542
3,policy,1,3137,7,7,0.3569
3,policy,1,3137,8,8,0.3529
3,policy,1,3056,0,0,0.0000
3,policy,1,3056,1,0,0.0000
3,policy,1,3056,2,1,0.0000
3,policy,1,3056,3,2,0.0000
3,policy,1,3056,4,3,0.0000
3,policy,1,3056,5,4,0.0000
3,policy,1,3056,6,5,0.0000
3,policy,1,3056,7,6,0.0000
3,policy,1,3056,8,7,0.0000
3,policy,1,3344,0,0,0.0000
3,policy,1,3344,1,1,0.1100
3,policy,1,3344,2,2,0.2900
3,policy,1,3344,3,3,0.3273
3,policy,1,3344,4,4,0.3273
3,policy,1,3344,5,5,0.3341
3,policy,1,3344,6,6,0.3341
3,policy,1,3344,7,7,0.3223
3,policy,1,3344,8,8,0.3183
3,policy,1,2009,0,0,0.0948
3,policy,1,2009,1,1,0.0948
3,policy,1,2009,2,2,0.1518
3,policy,1,2009,3,3,0.0948
3,policy,1,2009,4,4,0.0948
3,policy,1,2009,5,5,0.0851
3,policy,1,2009,6,6,0.0851
3,policy,1,2009,7,7,0.0948
3,policy,1,2009,8,8,0.0948
3,policy,1,2794,0,0,0.0000
3,policy,1,2794,1,1,0.2201
3,policy,1,2794,2,2,0.0784
3,policy,1,2794,3,3,0.0000
3,policy,1,2794,4,4,0.0000
3,policy,1,2794,5,5,0.0000
3,policy,1,2794,6,6,0.0000
3,policy,1,2794,7,7,0.0000
3,policy,1,2794,8,8,0.0000
3,policy,1,5653,0,0,0.3437
3,policy,1,5653,1,1,0.0000
3,policy,1,5653,2,2,0.0663
3,policy,1,5653,3,3,0.0663
3,policy,1,5653,4,4,0.0663
3,policy,1,5653,5,5,0.0663
3,policy,1,5653,6,6,0.0663
3,policy,1,5653,7,7,0.0663
3,policy,1,5653,8,8,0.0000
3,policy,1,5615,0,0,0.0000
3,policy,1,5615,1,1,0.0000
3,policy,1,5615,2,2,0.0000
3,policy,1,5615,3,3,0.0000
3,policy,1,5615,4,4,0.0000
3,policy,1,5615,5,5,0.0000
3,policy,1,5615,6,6,0.0000
3,policy,1,5615,7,7,0.0000
3,policy,1,5615,8,7,0.0000
3,policy,1,3884,0,0,0.1732
3,policy,1,3884,1,1,0.2247
3,policy,1,3884,2,2,0.2247
3,policy,1,3884,3,3,0.3012
3,policy,1,3884,4,4,0.3038
3,policy,1,3884,5,5,0.3227
3,policy,1,3884,6,6,0.3348
3,policy,1,3884,7,7,0.4928
3,policy,1,3884,8,8,0.4480
3,policy,1,399,0,0,0.0000
3,policy,1,399,1,1,0.0000
3,policy,1,399,2,2,0.0000
3,policy,1,399,3,3,0.0000
3,policy,1,399,4,4,0.0000
3,policy,1,399,5,5,0.0000
3,policy,1,399,6,5,0.0000
3,policy,1,399,7,6,0.0000
3,policy,1,399,8,7,0.0000
3,policy,1,4972,0,0,0.0851
3,policy,1,4972,1,1,0.2201
3,policy,1,4972,2,2,0.1389
3,policy,1,4972,3,3,0.0948
3,policy,1,4972,4,4,0.0851
3,policy,1,4972,5,5,0.0851
3,policy,1,4972,6,6,0.0694
3,policy,1,4972,7,7,0.0000
3,policy,1,4972,8,8,0.0000
3,policy,1,6,0,0,0.1131
3,policy,1,6,1,0,0.1131
3,policy,1,6,2,0,0.1131
3,policy,1,6,3,1,0.3661
3,policy,1,6,4,2,0.3799
3,policy,1,6,5,3,0.3903
3,policy,1,6,6,4,0.3903
3,policy,1,6,7,5,0.3903
3,policy,1,6,8,6,0.3843
3,policy,1,4963,0,0,0.2051
3,policy,1,4963,1,1,0.0636
3,policy,1,4963,2,2,0.2863
3,policy,1,4963,3,3,0.3621
3,policy,1,4963,4,4,0.2985
3,policy,1,4963,5,5,0.2985
3,policy,1,4963,6,6,0.2935
3,policy,1,4963,7,7,0.2935
3,policy,1,4963,8,8,0.4748
3,policy,1,666,0,0,0.0000
3,policy,1,666,1,1,0.0000
3,policy,1,666,2,2,0.0000
3,policy,1,666,3,3,0.0000
3,policy,1,666,4,4,0.0000
3,policy,1,666,5,5,0.0000
3,policy,1,666,6,6,0.0000
3,policy,1,666,7,7,0.0000
3,policy,1,666,8,8,0.0000
3,policy,1,2621,0,0,0.0000
3,policy,1,2621,1,0,0.0000
3,policy,1,2621,2,0,0.0000
3,policy,1,2621,3,1,0.0000
3,policy,1,2621,4,1,0.0000
3,policy,1,2621,5,2,0.0000
3,policy,1,2621,6,3,0.0000
3,policy,1,2621,7,4,0.0000
3,policy,1,2621,8,5,0.0000
3,policy,1,465,0,0,0.0000
3,policy,1,465,1,1,0.0636
3,policy,1,465,2,1,0.0636
3,policy,1,465,3,2,0.3706
3,policy,1,465,4,3,0.3120
3,policy,1,465,5,3,0.3120
3,policy,1,465,6,4,0.3783
3,policy,1,465,7,5,0.2832
3,policy,1,465,8,6,0.2279
3,policy,1,2226,0,0,0.0000
3,policy,1,2226,1,0,0.0000
3,policy,1,2226,2,0,0.0000
3,policy,1,2226,3,1,0.0000
3,policy,1,2226,4,2,0.0000
3,policy,1,2226,5,3,0.0000
3,policy,1,2226,6,4,0.0000
3,policy,1,2226,7,5,0.0000
3,policy,1,2226,8,6,0.0000
3,policy,1,1528,0,0,0.0000
3,policy,1,1528,1,0,0.0000
3,policy,1,1528,2,1,0.0827
3,policy,1,1528,3,2,0.0916
3,policy,1,1528,4,3,0.1063
3,policy,1,1528,5,4,0.0979
3,policy,1,1528,6,5,0.1063
3,policy,1,1528,7,6,0.1063
3,policy,1,1528,8,7,0.1063
3,policy,1,247,0,0,0.0000
3,policy,1,247,1,1,0.0000
3,policy,1,247,2,2,0.0000
3,policy,1,247,3,3,0.0000
3,policy,1,247,4,4,0.0000
3,policy,1,247,5,5,0.0000
3,policy,1,247,6,6,0.0000
3,policy,1,247,7,7,0.0000
3,policy,1,247,8,8,0.0000
3,policy,1,5648,0,0,0.0000
3,policy,1,5648,1,1,0.0851
3,policy,1,5648,2,2,0.0784
3,policy,1,5648,3,3,0.0000
3,policy,1,5648,4,4,0.0000
3,policy,1,5648,5,5,0.0000
3,policy,1,5648,6,6,0.0000
3,policy,1,5648,7,7,0.0000
3,policy,1,5648,8,8,0.0000
3,policy,1,3710,0,0,0.1100
3,policy,1,3710,1,0,0.1100
3,policy,1,3710,2,1,0.0784
3,policy,1,3710,3,2,0.0694
3,policy,1,3710,4,3,0.0000
3,policy,1,3710,5,4,0.0000
3,policy,1,3710,6,5,0.0000
3,policy,1,3710,7,6,0.0000
3,policy,1,3710,8,7,0.0000
3,policy,1,4163,0,0,0.0000
3,policy,1,4163,1,0,0.0000
3,policy,1,4163,2,0,0.0000
3,policy,1,4163,3,1,0.0000
3,policy,1,4163,4,2,0.0000
3,policy,1,4163,5,3,0.0000
3,policy,1,4163,6,4,0.0000
3,policy,1,4163,7,4,0.0000
3,policy,1,4163,8,4,0.0000
3,policy,1,4625,0,0,0.5225
3,policy,1,4625,1,1,0.0000
3,policy,1,4625,2,2,0.2318
3,policy,1,4625,3,3,0.3972
3,policy,1,4625,4,4,0.3922
3,policy,1,4625,5,5,0.3815
3,policy,1,4625,6,6,0.3718
3,policy,1,4625,7,7,0.3718
3,policy,1,4625,8,8,0.3922
3,policy,1,1121,0,0,0.0000
3,policy,1,1121,1,0,0.0000
3,policy,1,1121,2,0,0.0000
3,policy,1,1121,3,1,0.0000
3,policy,1,1121,4,2,0.0000
3,policy,1,1121,5,3,0.0000
3,policy,1,1121,6,4,0.0000
3,policy,1,1121,7,5,0.0000
3,policy,1,1121,8,6,0.0636
3,policy,1,4026,0,0,0.0000
3,policy,1,4026,1,0,0.0000
3,policy,1,4026,2,0,0.0000
3,policy,1,4026,3,1,0.0843
3,policy,1,4026,4,2,0.0761
3,policy,1,4026,5,3,0.0761
3,policy,1,4026,6,4,0.0761
3,policy,1,4026,7,5,0.0761
3,policy,1,4026,8,6,0.1996
3,policy,1,1685,0,0,0.0000
3,policy,1,1685,1,1,0.0000
3,policy,1,1685,2,2,0.0000
3,policy,1,1685,3,3,0.0000
3,policy,1,1685,4,4,0.0000
3,policy,1,1685,5,4,0.0000
3,policy,1,1685,6,5,0.0000
3,policy,1,1685,7,6,0.0000
3,policy,1,1685,8,7,0.0000
3,policy,1,248,0,0,0.0784
3,policy,1,248,1,1,0.0000
3,policy,1,248,2,2,0.0784
3,policy,1,248,3,3,0.0948
3,policy,1,248,4,4,0.0948
3,policy,1,248,5,5,0.0948
3,policy,1,248,6,6,0.0948
3,policy,1,248,7,7,0.0948
3,policy,1,248,8,8,0.0948
3,policy,1,1221,0,0,0.0000
3,policy,1,1221,1,0,0.0000
3,policy,1,1221,2,1,0.0000
3,policy,1,1221,3,2,0.0000
3,policy,1,1221,4,3,0.0000
3,policy,1,1221,5,4,0.0000
3,policy,1,1221,6,5,0.0000
3,policy,1,1221,7,6,0.0000
3,policy,1,1221,8,7,0.0000
3,policy,1,132,0,0,0.0000
3,policy,1,132,1,0,0.0000
3,policy,1,132,2,1,0.0000
3,policy,1,132,3,2,0.0000
3,policy,1,132,4,3,0.0000
3,policy,1,132,5,4,0.0000
3,policy,1,132,6,5,0.0000
3,policy,1,132,7,6,0.0000
3,policy,1,132,8,7,0.0000
3,policy,1,2718,0,0,0.0000
3,policy,1,2718,1,1,0.0000
3,policy,1,2718,2,1,0.0000
3,policy,1,2718,3,2,0.2201
3,policy,1,2718,4,3,0.2201
3,policy,1,2718,5,4,0.2201
3,policy,1,2718,6,5,0.2201
3,policy,1,2718,7,6,0.1389
3,policy,1,2718,8,7,0.2935
3,policy,1,507,0,0,0.0000
3,policy,1,507,1,1,0.0734
3,policy,1,507,2,2,0.2985
3,policy,1,507,3,3,0.2201
3,policy,1,507,4,4,0.2201
3,policy,1,507,5,5,0.2201
3,policy,1,507,6,6,0.2201
3,policy,1,507,7,7,0.2201
3,policy,1,507,8,8,0.2201
3,policy,1,4786,0,0,0.0000
3,policy,1,4786,1,0,0.0000
3,policy,1,4786,2,1,0.1357
3,policy,1,4786,3,2,0.0000
3,policy,1,4786,4,3,0.1357
3,policy,1,4786,5,3,0.1357
3,policy,1,4786,6,3,0.1357
3,policy,1,4786,7,4,0.1413
3,policy,1,4786,8,5,0.1357
3,policy,1,241,0,0,0.0636
3,policy,1,241,1,1,0.0000
3,policy,1,241,2,2,0.0694
3,policy,1,241,3,3,0.0694
3,policy,1,241,4,4,0.0734
3,policy,1,241,5,5,0.0734
3,policy,1,241,6,6,0.0851
3,policy,1,241,7,7,0.0851
3,policy,1,241,8,8,0.0851
3,policy,1,2456,0,0,0.1100
3,policy,1,2456,1,1,0.3281
3,policy,1,2456,2,2,0.4570
3,policy,1,2456,3,3,0.5510
3,policy,1,2456,4,4,0.5442
3,policy,1,2456,5,5,0.5416
3,policy,1,2456,6,6,0.5299
3,policy,1,2456,7,7,0.4666
3,policy,1,2456,8,8,0.4666
3,policy,1,3202,0,0,0.0000
3,policy,1,3202,1,1,0.1389
3,policy,1,3202,2,2,0.1100
3,policy,1,3202,3,3,0.1100
3,policy,1,3202,4,4,0.1100
3,policy,1,3202,5,5,0.0948
3,policy,1,3202,6,6,0.0948
3,policy,1,3202,7,7,0.2201
3,policy,1,3202,8,8,0.2201
3,policy,1,62,0,0,0.0000
3,policy,1,62,1,0,0.0000
3,policy,1,62,2,1,0.0000
3,policy,1,62,3,1,0.0000
3,policy,1,62,4,2,0.0000
3,policy,1,62,5,3,0.0000
3,policy,1,62,6,3,0.0000
3,policy,1,62,7,4,0.0000
3,policy,1,62,8,5,0.0000
3,policy,1,3811,0,0,0.0000
3,policy,1,3811,1,1,0.1488
3,policy,1,3811,2,2,0.0663
3,policy,1,3811,3,3,0.0000
3,policy,1,3811,4,4,0.0663
3,policy,1,3811,5,5,0.0694
3,policy,1,3811,6,6,0.0734
3,policy,1,3811,7,7,0.0784
3,policy,1,3811,8,8,0.0784
3,policy,1,4901,0,0,0.0663
3,policy,1,4901,1,1,0.0948
3,policy,1,4901,2,2,0.1389
3,policy,1,4901,3,3,0.2863
3,policy,1,4901,4,4,0.2863
3,policy,1,4901,5,5,0.1584
3,policy,1,4901,6,5,0.1584
3,policy,1,4901,7,6,0.0948
3,policy,1,4901,8,7,0.1370
3,policy,1,4689,0,0,0.0000
3,policy,1,4689,1,0,0.0000
3,policy,1,4689,2,1,0.0000
3,policy,1,4689,3,2,0.0000
3,policy,1,4689,4,3,0.0000
3,policy,1,4689,5,4,0.0000
3,policy,1,4689,6,5,0.0000
3,policy,1,4689,7,6,0.0000
3,policy,1,4689,8,7,0.0000
3,policy,1,2509,0,0,0.0000
3,policy,1,2509,1,0,0.0000
3,policy,1,2509,2,0,0.0000
3,policy,1,2509,3,1,0.0000
3,policy,1,2509,4,2,0.0000
3,policy,1,2509,5,2,0.0000
3,policy,1,2509,6,3,0.0000
3,policy,1,2509,7,4,0.0000
3,policy,1,2509,8,5,0.0000
3,policy,1,5274,0,0,0.0784
3,policy,1,5274,1,0,0.0784
3,policy,1,5274,2,0,0.0784
3,policy,1,5274,3,1,0.0000
3,policy,1,5274,4,1,0.0000
3,policy,1,5274,5,2,0.2736
3,policy,1,5274,6,3,0.2583
3,policy,1,5274,7,4,0.2376
3,policy,1,5274,8,5,0.2376
3,policy,1,5586,0,0,0.1331
3,policy,1,5586,1,0,0.1331
3,policy,1,5586,2,0,0.1331
3,policy,1,5586,3,1,0.0000
3,policy,1,5586,4,2,0.0000
3,policy,1,5586,5,3,0.0000
3,policy,1,5586,6,4,0.0000
3,policy,1,5586,7,5,0.0000
3,policy,1,5586,8,6,0.0000
3,policy,1,9,0,0,0.2782
3,policy,1,9,1,1,0.5587
3,policy,1,9,2,2,0.3668
3,policy,1,9,3,3,0.2835
3,policy,1,9,4,4,0.2980
3,policy,1,9,5,5,0.2727
3,policy,1,9,6,6,0.2745
3,policy,1,9,7,7,0.1389
3,policy,1,9,8,8,0.1389
3,policy,1,863,0,0,0.1389
3,policy,1,863,1,1,0.3846
3,policy,1,863,2,2,0.2221
3,policy,1,863,3,3,0.0663
3,policy,1,863,4,4,0.1357
3,policy,1,863,5,5,0.1478
3,policy,1,863,6,6,0.2090
3,policy,1,863,7,7,0.2248
3,policy,1,863,8,7,0.2248
3,policy,1,2370,0,0,0.0000
3,policy,1,2370,1,0,0.0000
3,policy,1,2370,2,0,0.0000
3,policy,1,2370,3,1,0.0851
3,policy,1,2370,4,2,0.0948
3,policy,1,2370,5,3,0.0948
3,policy,1,2370,6,4,0.0948
3,policy,1,2370,7,5,0.0948
3,policy,1,2370,8,6,0.0948
3,policy,1,3588,0,0,0.1635
3,policy,1,3588,1,1,0.2489
3,policy,1,3588,2,2,0.3348
3,policy,1,3588,3,3,0.2900
3,policy,1,3588,4,4,0.2900
3,policy,1,3588,5,5,0.3536
3,policy,1,3588,6,6,0.3469
3,policy,1,3588,7,7,0.2900
3,policy,1,3588,8,8,0.2832
3,policy,1,2915,0,0,0.0000
3,policy,1,2915,1,1,0.0000
3,policy,1,2915,2,2,0.3301
3,policy,1,2915,3,3,0.4226
3,policy,1,2915,4,4,0.4226
3,policy,1,2915,5,5,0.4226
3,policy,1,2915,6,6,0.4226
3,policy,1,2915,7,7,0.4226
3,policy,1,2915,8,8,0.4171
3,policy,1,4407,0,0,0.0784
3,policy,1,4407,1,1,0.7917
3,policy,1,4407,2,2,0.3715
3,policy,1,4407,3,3,0.2368
3,policy,1,4407,4,4,0.2173
3,policy,1,4407,5,5,0.2240
3,policy,1,4407,6,6,0.2973
3,policy,1,4407,7,7,0.2973
3,policy,1,4407,8,8,0.1428
3,policy,1,2416,0,0,0.0000
3,policy,1,2416,1,1,0.0000
3,policy,1,2416,2,1,0.0000
3,policy,1,2416,3,2,0.0000
3,policy,1,2416,4,2,0.0000
3,policy,1,2416,5,2,0.0000
3,policy,1,2416,6,2,0.0000
3,policy,1,2416,7,2,0.0000
3,policy,1,2416,8,2,0.0000
3,policy,1,5173,0,0,0.0000
3,policy,1,5173,1,0,0.0000
3,policy,1,5173,2,0,0.0000
3,policy,1,5173,3,0,0.0000
3,policy,1,5173,4,1,0.0000
3,policy,1,5173,5,1,0.0000
3,policy,1,5173,6,1,0.0000
3,policy,1,5173,7,1,0.0000
3,policy,1,5173,8,1,0.0000
3,policy,1,4915,0,0,0.0784
3,policy,1,4915,1,0,0.0784
3,policy,1,4915,2,1,0.0000
3,policy,1,4915,3,2,0.0784
3,policy,1,4915,4,3,0.0784
3,policy,1,4915,5,4,0.0784
3,policy,1,4915,6,5,0.0734
3,policy,1,4915,7,6,0.0636
3,policy,1,4915,8,7,0.0000
3,policy,1,4446,0,0,0.1642
3,policy,1,4446,1,1,0.3195
3,policy,1,4446,2,2,0.3347
3,policy,1,4446,3,3,0.2711
3,policy,1,4446,4,4,0.2048
3,policy,1,4446,5,5,0.2368
3,policy,1,4446,6,6,0.3089
3,policy,1,4446,7,7,0.3215
3,policy,1,4446,8,8,0.3102
3,policy,1,5549,0,0,0.1763
3,policy,1,5549,1,1,0.4477
3,policy,1,5549,2,2,0.5677
3,policy,1,5549,3,3,0.6157
3,policy,1,5549,4,4,0.6118
3,policy,1,5549,5,5,0.5431
3,policy,1,5549,6,6,0.6067
3,policy,1,5549,7,7,0.6067
3,policy,1,5549,8,8,0.6067
3,policy,1,2431,0,0,0.0000
3,policy,1,2431,1,0,0.0000
3,policy,1,2431,2,0,0.0000
3,policy,1,2431,3,1,0.0000
3,policy,1,2431,4,2,0.0000
3,policy,1,2431,5,2,0.0000
3,policy,1,2431,6,3,0.0000
3,policy,1,2431,7,4,0.0000
3,policy,1,2431,8,5,0.0000
3,policy,1,4918,0,0,0.0000
3,policy,1,4918,1,0,0.0000
3,policy,1,4918,2,0,0.0000
3,policy,1,4918,3,1,0.0000
3,policy,1,4918,4,2,0.0000
3,policy,1,4918,5,3,0.0000
3,policy,1,4918,6,4,0.0000
3,policy,1,4918,7,5,0.0000
3,policy,1,4918,8,6,0.0000
3,policy,1,3343,0,0,0.0000
3,policy,1,3343,1,1,0.0000
3,policy,1,3343,2,2,0.0000
3,policy,1,3343,3,3,0.0000
3,policy,1,3343,4,4,0.0000
3,policy,1,3343,5,5,0.0000
3,policy,1,3343,6,6,0.0000
3,policy,1,3343,7,7,0.0000
3,policy,1,3343,8,7,0.0000
3,policy,1,3736,0,0,0.0734
3,policy,1,3736,1,1,0.0694
3,policy,1,3736,2,2,0.3647
3,policy,1,3736,3,3,0.4729
3,policy,1,3736,4,4,0.4698
3,policy,1,3736,5,5,0.4506
3,policy,1,3736,6,6,0.4545
3,policy,1,3736,7,7,0.4658
3,policy,1,3736,8,8,0.4698
3,policy,1,2110,0,0,0.0000
3,policy,1,2110,1,1,0.0000
3,policy,1,2110,2,1,0.0000
3,policy,1,2110,3,2,0.0000
3,policy,1,2110,4,2,0.0000
3,policy,1,2110,5,2,0.0000
3,policy,1,2110,6,2,0.0000
3,policy,1,2110,7,2,0.0000
3,policy,1,2110,8,3,0.0000
3,policy,1,3782,0,0,0.0000
3,policy,1,3782,1,1,0.0000
3,policy,1,3782,2,1,0.0000
3,policy,1,3782,3,2,0.0000
3,policy,1,3782,4,2,0.0000
3,policy,1,3782,5,2,0.0000
3,policy,1,3782,6,3,0.0000
3,policy,1,3782,7,3,0.0000
3,policy,1,3782,8,4,0.0000
3,policy,1,5362,0,0,0.0000
3,policy,1,5362,1,1,0.0000
3,policy,1,5362,2,2,0.0851
3,policy,1,5362,3,3,0.1100
3,policy,1,5362,4,4,0.1100
3,policy,1,5362,5,5,0.1100
3,policy,1,5362,6,6,0.1100
3,policy,1,5362,7,7,0.1100
3,policy,1,5362,8,8,0.1100
3,policy,1,4839,0,0,0.0636
3,policy,1,4839,1,1,0.2201
3,policy,1,4839,2,2,0.0636
3,policy,1,4839,3,3,0.1389
3,policy,1,4839,4,4,0.2201
3,policy,1,4839,5,5,0.2201
3,policy,1,4839,6,6,0.2201
3,policy,1,4839,7,7,0.2201
3,policy,1,4839,8,8,0.2201
3,policy,1,5739,0,0,0.0000
3,policy,1,5739,1,0,0.0000
3,policy,1,5739,2,1,0.0000
3,policy,1,5739,3,2,0.0000
3,policy,1,5739,4,3,0.0000
3,policy,1,5739,5,4,0.0000
3,policy,1,5739,6,5,0.0000
3,policy,1,5739,7,6,0.0000
3,policy,1,5739,8,7,0.0000
3,policy,1,4541,0,0,0.0000
3,policy,1,4541,1,1,0.0000
3,policy,1,4541,2,1,0.0000
3,policy,1,4541,3,2,0.1815
3,policy,1,4541,4,2,0.1815
3,policy,1,4541,5,2,0.1815
3,policy,1,4541,6,3,0.1815
3,policy,1,4541,7,4,0.2021
3,policy,1,4541,8,5,0.2021
3,policy,1,5964,0,0,0.0000
3,policy,1,5964,1,0,0.0000
3,policy,1,5964,2,0,0.0000
3,policy,1,5964,3,0,0.0000
3,policy,1,5964,4,1,0.0000
3,policy,1,5964,5,1,0.0000
3,policy,1,5964,6,1,0.0000
3,policy,1,5964,7,1,0.0000
3,policy,1,5964,8,2,0.0000
3,policy,1,2130,0,0,0.0694
3,policy,1,2130,1,1,0.4085
3,policy,1,2130,2,2,0.0851
3,policy,1,2130,3,3,0.0000
3,policy,1,2130,4,4,0.0000
3,policy,1,2130,5,5,0.0000
3,policy,1,2130,6,6,0.0000
3,policy,1,2130,7,7,0.0000
3,policy,1,2130,8,8,0.0000
3,policy,1,5494,0,0,0.2140
3,policy,1,5494,1,0,0.2140
3,policy,1,5494,2,0,0.2140
3,policy,1,5494,3,1,0.1021
3,policy,1,5494,4,2,0.0980
3,policy,1,5494,5,3,0.0980
3,policy,1,5494,6,4,0.0980
3,policy,1,5494,7,4,0.0980
3,policy,1,5494,8,5,0.0000
3,policy,1,1586,0,0,0.1478
3,policy,1,1586,1,1,0.4697
3,policy,1,1586,2,2,0.3348
3,policy,1,1586,3,3,0.2719
3,policy,1,1586,4,4,0.2817
3,policy,1,1586,5,5,0.3542
3,policy,1,1586,6,6,0.3601
3,policy,1,1586,7,7,0.3668
3,policy,1,1586,8,8,0.1682
3,policy,1,650,0,0,0.1514
3,policy,1,650,1,1,0.8522
3,policy,1,650,2,2,0.7936
3,policy,1,650,3,3,0.8007
3,policy,1,650,4,4,0.7264
3,policy,1,650,5,5,0.6115
3,policy,1,650,6,6,0.6267
3,policy,1,650,7,7,0.4695
3,policy,1,650,8,8,0.4695
3,policy,1,2011,0,0,0.0000
3,policy,1,2011,1,1,0.3301
3,policy,1,2011,2,2,0.3938
3,policy,1,2011,3,3,0.1884
3,policy,1,2011,4,4,0.1884
3,policy,1,2011,5,5,0.3183
3,policy,1,2011,6,6,0.2618
3,policy,1,2011,7,7,0.2376
3,policy,1,2011,8,8,0.2844
3,policy,1,6007,0,0,0.0000
3,policy,1,6007,1,0,0.0000
3,policy,1,6007,2,0,0.0000
3,policy,1,6007,3,1,0.1564
3,policy,1,6007,4,2,0.1815
3,policy,1,6007,5,3,0.1672
3,policy,1,6007,6,4,0.1672
3,policy,1,6007,7,5,0.1672
3,policy,1,6007,8,6,0.1564
3,policy,1,5044,0,0,0.0000
3,policy,1,5044,1,1,0.0911
3,policy,1,5044,2,1,0.0911
3,policy,1,5044,3,2,0.1009
3,policy,1,5044,4,2,0.1009
3,policy,1,5044,5,2,0.1009
3,policy,1,5044,6,2,0.1009
3,policy,1,5044,7,2,0.1009
3,policy,1,5044,8,3,0.1009
3,policy,1,2227,0,0,0.0734
3,policy,1,2227,1,0,0.0734
3,policy,1,2227,2,1,0.1952
3,policy,1,2227,3,2,0.1799
3,policy,1,2227,4,3,0.1732
3,policy,1,2227,5,4,0.1799
3,policy,1,2227,6,5,0.1732
3,policy,1,2227,7,6,0.1732
3,policy,1,2227,8,7,0.1732
3,policy,1,2595,0,0,0.0000
3,policy,1,2595,1,0,0.0000
3,policy,1,2595,2,0,0.0000
3,policy,1,2595,3,1,0.0000
3,policy,1,2595,4,2,0.0000
3,policy,1,2595,5,2,0.0000
3,policy,1,2595,6,3,0.0000
3,policy,1,2595,7,4,0.0000
3,policy,1,2595,8,4,0.0000
3,policy,1,2426,0,0,0.2489
3,policy,1,2426,1,1,0.0784
3,policy,1,2426,2,1,0.0784
3,policy,1,2426,3,2,0.0000
3,policy,1,2426,4,3,0.0000
3,policy,1,2426,5,4,0.0000
3,policy,1,2426,6,5,0.0000
3,policy,1,2426,7,6,0.0000
3,policy,1,2426,8,6,0.0000
3,policy,1,3355,0,0,0.2489
3,policy,1,3355,1,1,0.2711
3,policy,1,3355,2,2,0.3152
3,policy,1,3355,3,3,0.3788
3,policy,1,3355,4,4,0.3125
3,policy,1,3355,5,5,0.4600
3,policy,1,3355,6,6,0.4698
3,policy,1,3355,7,7,0.4734
3,policy,1,3355,8,8,0.4124
3,policy,1,5088,0,0,0.0000
3,policy,1,5088,1,0,0.0000
3,policy,1,5088,2,0,0.0000
3,policy,1,5088,3,1,0.0901
3,policy,1,5088,4,1,0.0901
3,policy,1,5088,5,1,0.0901
3,policy,1,5088,6,2,0.1596
3,policy,1,5088,7,3,0.0901
3,policy,1,5088,8,3,0.0901
3,policy,1,4268,0,0,0.0000
3,policy,1,4268,1,1,0.0948
3,policy,1,4268,2,2,0.1100
3,policy,1,4268,3,3,0.1389
3,policy,1,4268,4,4,0.1389
3,policy,1,4268,5,5,0.2201
3,policy,1,4268,6,5,0.2201
3,policy,1,4268,7,6,0.2837
3,policy,1,4268,8,7,0.2837
3,policy,1,526,0,0,0.0000
3,policy,1,526,1,0,0.0000
3,policy,1,526,2,0,0.0000
3,policy,1,526,3,1,0.0000
3,policy,1,526,4,1,0.0000
3,policy,1,526,5,1,0.0000
3,policy,1,526,6,2,0.0000
3,policy,1,526,7,2,0.0000
3,policy,1,526,8,2,0.0000
3,policy,1,5980,0,0,0.0000
3,policy,1,5980,1,1,0.0663
3,policy,1,5980,2,2,0.0000
3,policy,1,5980,3,3,0.0000
3,policy,1,5980,4,4,0.0000
3,policy,1,5980,5,5,0.0000
3,policy,1,5980,6,6,0.0663
3,policy,1,5980,7,7,0.0663
3,policy,1,5980,8,8,0.0663
3,policy,1,1692,0,0,0.0663
3,policy,1,1692,1,1,0.2809
3,policy,1,1692,2,2,0.2579
3,policy,1,1692,3,3,0.2618
3,policy,1,1692,4,4,0.2618
3,policy,1,1692,5,5,0.2466
3,policy,1,1692,6,6,0.2494
3,policy,1,1692,7,7,0.2466
3,policy,1,1692,8,8,0.2279
3,policy,1,4601,0,0,0.1389
3,policy,1,4601,1,1,0.0000
3,policy,1,4601,2,2,0.1100
3,policy,1,4601,3,3,0.2025
3,policy,1,4601,4,3,0.2025
3,policy,1,4601,5,3,0.2025
3,policy,1,4601,6,4,0.2083
3,policy,1,4601,7,5,0.2051
3,policy,1,4601,8,6,0.2025
3,policy,1,5264,0,0,0.0000
3,policy,1,5264,1,1,0.0000
3,policy,1,5264,2,2,0.2685
3,policy,1,5264,3,3,0.4074
3,policy,1,5264,4,4,0.3882
3,policy,1,5264,5,5,0.3668
3,policy,1,5264,6,6,0.3693
3,policy,1,5264,7,7,0.2867
3,policy,1,5264,8,7,0.2867
3,policy,1,1534,0,0,0.0000
3,policy,1,1534,1,1,0.0000
3,policy,1,1534,2,1,0.0000
3,policy,1,1534,3,2,0.1312
3,policy,1,1534,4,2,0.1312
3,policy,1,1534,5,2,0.1312
3,policy,1,1534,6,2,0.1312
3,policy,1,1534,7,2,0.1312
3,policy,1,1534,8,3,0.1312
3,policy,1,233,0,0,0.0000
3,policy,1,233,1,0,0.0000
3,policy,1,233,2,0,0.0000
3,policy,1,233,3,1,0.0000
3,policy,1,233,4,2,0.0000
3,policy,1,233,5,2,0.0000
3,policy,1,233,6,2,0.0000
3,policy,1,233,7,2,0.0000
3,policy,1,233,8,3,0.0000
3,policy,1,2988,0,0,0.0000
3,policy,1,2988,1,1,0.0000
3,policy,1,2988,2,1,0.0000
3,policy,1,2988,3,2,0.0000
3,policy,1,2988,4,3,0.0000
3,policy,1,2988,5,4,0.0000
3,policy,1,2988,6,5,0.0000
3,policy,1,2988,7,6,0.0000
3,policy,1,2988,8,6,0.0000
3,policy,1,5717,0,0,0.5631
3,policy,1,5717,1,1,0.0000
3,policy,1,5717,2,2,0.2489
3,policy,1,5717,3,3,0.3052
3,policy,1,5717,4,4,0.2122
3,policy,1,5717,5,5,0.2051
3,policy,1,5717,6,6,0.1389
3,policy,1,5717,7,7,0.1389
3,policy,1,5717,8,8,0.2025
3,policy,1,2730,0,0,0.2895
3,policy,1,2730,1,1,0.4007
3,policy,1,2730,2,2,0.4761
3,policy,1,2730,3,3,0.4819
3,policy,1,2730,4,4,0.4787
3,policy,1,2730,5,5,0.3967
3,policy,1,2730,6,6,0.3859
3,policy,1,2730,7,7,0.3764
3,policy,1,2730,8,8,0.3227
3,policy,1,5011,0,0,0.0000
3,policy,1,5011,1,1,0.0000
3,policy,1,5011,2,2,0.0000
3,policy,1,5011,3,3,0.0000
3,policy,1,5011,4,4,0.0000
3,policy,1,5011,5,4,0.0000
3,policy,1,5011,6,5,0.0000
3,policy,1,5011,7,6,0.0000
3,policy,1,5011,8,7,0.0000
3,policy,1,3894,0,0,0.0000
3,policy,1,3894,1,0,0.0000
3,policy,1,3894,2,1,0.0000
3,policy,1,3894,3,2,0.0000
3,policy,1,3894,4,3,0.0694
3,policy,1,3894,5,4,0.0948
3,policy,1,3894,6,5,0.0948
3,policy,1,3894,7,6,0.0851
3,policy,1,3894,8,7,0.0851
3,policy,1,4366,0,0,0.0000
3,policy,1,4366,1,1,0.0000
3,policy,1,4366,2,2,0.0000
3,policy,1,4366,3,3,0.0000
3,policy,1,4366,4,4,0.0000
3,policy,1,4366,5,5,0.0000
3,policy,1,4366,6,6,0.0000
3,policy,1,4366,7,7,0.0000
3,policy,1,4366,8,8,0.0000
3,policy,1,1636,0,0,0.0000
3,policy,1,1636,1,1,0.0000
3,policy,1,1636,2,2,0.0000
3,policy,1,1636,3,3,0.0000
3,policy,1,1636,4,4,0.0000
3,policy,1,1636,5,5,0.0000
3,policy,1,1636,6,6,0.0000
3,policy,1,1636,7,7,0.0000
3,policy,1,1636,8,8,0.0000
3,policy,1,5047,0,0,0.1635
3,policy,1,5047,1,1,0.1389
3,policy,1,5047,2,2,0.2240
3,policy,1,5047,3,3,0.1635
3,policy,1,5047,4,4,0.1585
3,policy,1,5047,5,5,0.1447
3,policy,1,5047,6,6,0.0734
3,policy,1,5047,7,7,0.0694
3,policy,1,5047,8,8,0.0663
3,policy,1,1527,0,0,0.0000
3,policy,1,1527,1,0,0.0000
3,policy,1,1527,2,1,0.0000
3,policy,1,1527,3,2,0.0000
3,policy,1,1527,4,3,0.0000
3,policy,1,1527,5,4,0.0000
3,policy,1,1527,6,5,0.0000
3,policy,1,1527,7,6,0.0000
3,policy,1,1527,8,7,0.0000
3,policy,1,5390,0,0,0.0000
3,policy,1,5390,1,0,0.0000
3,policy,1,5390,2,0,0.0000
3,policy,1,5390,3,0,0.0000
3,policy,1,5390,4,1,0.0000
3,policy,1,5390,5,2,0.0000
3,policy,1,5390,6,2,0.0000
3,policy,1,5390,7,2,0.0000
3,policy,1,5390,8,2,0.0000
3,policy,1,1111,0,0,0.5135
3,policy,1,1111,1,1,0.4983
3,policy,1,1111,2,2,0.6570
3,policy,1,1111,3,3,0.5573
3,policy,1,1111,4,4,0.5299
3,policy,1,1111,5,5,0.3594
3,policy,1,1111,6,6,0.3594
3,policy,1,1111,7,7,0.3882
3,policy,1,1111,8,8,0.3278
3,policy,1,3741,0,0,0.0000
3,policy,1,3741,1,0,0.0000
3,policy,1,3741,2,0,0.0000
3,policy,1,3741,3,1,0.0636
3,policy,1,3741,4,2,0.0000
3,policy,1,3741,5,3,0.0694
3,policy,1,3741,6,4,0.0694
3,policy,1,3741,7,5,0.0694
3,policy,1,3741,8,6,0.0734
3,policy,1,2778,0,0,0.0000
3,policy,1,2778,1,1,0.0663
3,policy,1,2778,2,2,0.0784
3,policy,1,2778,3,3,0.3125
3,policy,1,2778,4,4,0.2973
3,policy,1,2778,5,5,0.2711
3,policy,1,2778,6,6,0.3031
3,policy,1,2778,7,7,0.2646
3,policy,1,2778,8,8,0.0636
3,policy,1,483,0,0,0.1389
3,policy,1,483,1,0,0.1389
3,policy,1,483,2,1,0.0000
3,policy,1,483,3,2,0.0000
3,policy,1,483,4,3,0.0000
3,policy,1,483,5,4,0.0000
3,policy,1,483,6,4,0.0000
3,policy,1,483,7,5,0.0000
3,policy,1,483,8,6,0.0000
3,policy,1,706,0,0,0.1596
3,policy,1,706,1,0,0.1596
3,policy,1,706,2,1,0.0000
3,policy,1,706,3,2,0.0000
3,policy,1,706,4,3,0.0000
3,policy,1,706,5,4,0.0000
3,policy,1,706,6,5,0.0000
3,policy,1,706,7,6,0.0000
3,policy,1,706,8,7,0.0000
3,policy,1,1938,0,0,0.0784
3,policy,1,1938,1,1,0.1584
3,policy,1,1938,2,1,0.1584
3,policy,1,1938,3,2,0.0000
3,policy,1,1938,4,3,0.0636
3,policy,1,1938,5,4,0.0636
3,policy,1,1938,6,5,0.0000
3,policy,1,1938,7,6,0.0000
3,policy,1,1938,8,7,0.0784
3,policy,1,2064,0,0,0.0000
3,policy,1,2064,1,0,0.0000
3,policy,1,2064,2,0,0.0000
3,policy,1,2064,3,1,0.0000
3,policy,1,2064,4,2,0.0000
3,policy,1,2064,5,2,0.0000
3,policy,1,2064,6,3,0.0000
3,policy,1,2064,7,4,0.0000
3,policy,1,2064,8,5,0.0000
3,policy,1,5812,0,0,0.0000
3,policy,1,5812,1,1,0.1642
3,policy,1,5812,2,2,0.1478
3,policy,1,5812,3,3,0.0694
3,policy,1,5812,4,4,0.0694
3,policy,1,5812,5,5,0.0636
3,policy,1,5812,6,6,0.0000
3,policy,1,5812,7,7,0.0663
3,policy,1,5812,8,8,0.0636
3,policy,1,5552,0,0,0.0000
3,policy,1,5552,1,1,0.0948
3,policy,1,5552,2,2,0.1100
3,policy,1,5552,3,3,0.0948
3,policy,1,5552,4,4,0.0948
3,policy,1,5552,5,5,0.0948
3,policy,1,5552,6,6,0.0948
3,policy,1,5552,7,7,0.0851
3,policy,1,5552,8,8,0.0734
3,policy,1,2389,0,0,0.0000
3,policy,1,2389,1,0,0.0000
3,policy,1,2389,2,1,0.0000
3,policy,1,2389,3,1,0.0000
3,policy,1,2389,4,2,0.0000
3,policy,1,2389,5,2,0.0000
3,policy,1,2389,6,3,0.0000
3,policy,1,2389,7,4,0.0000
3,policy,1,2389,8,5,0.0000
3,policy,1,704,0,0,0.0000
3,policy,1,704,1,1,0.0000
3,policy,1,704,2,2,0.0000
3,policy,1,704,3,3,0.0000
3,policy,1,704,4,4,0.0000
3,policy,1,704,5,5,0.0000
3,policy,1,704,6,6,0.0000
3,policy,1,704,7,7,0.0000
3,policy,1,704,8,8,0.0000
3,policy,1,110,0,0,0.0948
3,policy,1,110,1,0,0.0948
3,policy,1,110,2,0,0.0948
3,policy,1,110,3,1,0.0000
3,policy,1,110,4,2,0.0000
3,policy,1,110,5,3,0.0000
3,policy,1,110,6,4,0.0000
3,policy,1,110,7,5,0.0000
3,policy,1,110,8,5,0.0000
3,policy,1,113,0,0,0.0000
3,policy,1,113,1,0,0.0000
3,policy,1,113,2,0,0.0000
3,policy,1,113,3,1,0.0000
3,policy,1,113,4,1,0.0000
3,policy,1,113,5,2,0.0000
3,policy,1,113,6,3,0.0000
3,policy,1,113,7,4,0.0000
3,policy,1,113,8,4,0.0000
3,policy,1,2754,0,0,0.0000
3,policy,1,2754,1,0,0.0000
3,policy,1,2754,2,0,0.0000
3,policy,1,2754,3,1,0.0000
3,policy,1,2754,4,1,0.0000
3,policy,1,2754,5,2,0.0000
3,policy,1,2754,6,3,0.0000
3,policy,1,2754,7,4,0.0000
3,policy,1,2754,8,5,0.0000
3,policy,1,1153,0,0,0.0000
3,policy,1,1153,1,0,0.0000
3,policy,1,1153,2,0,0.0000
3,policy,1,1153,3,1,0.0000
3,policy,1,1153,4,2,0.0000
3,policy,1,1153,5,2,0.0000
3,policy,1,1153,6,2,0.0000
3,policy,1,1153,7,2,0.0000
3,policy,1,1153,8,3,0.0000
3,policy,1,1196,0,0,0.0000
3,policy,1,1196,1,0,0.0000
3,policy,1,1196,2,0,0.0000
3,policy,1,1196,3,1,0.0000
3,policy,1,1196,4,1,0.0000
3,policy,1,1196,5,1,0.0000
3,policy,1,1196,6,2,0.0000
3,policy,1,1196,7,3,0.0000
3,policy,1,1196,8,3,0.0000
3,policy,1,5229,0,0,0.2470
3,policy,1,5229,1,1,0.1546
3,policy,1,5229,2,2,0.4153
3,policy,1,5229,3,3,0.4690
3,policy,1,5229,4,4,0.4690
3,policy,1,5229,5,5,0.4537
3,policy,1,5229,6,6,0.5174
3,policy,1,5229,7,7,0.4690
3,policy,1,5229,8,8,0.4690
3,policy,1,5984,0,0,0.2895
3,policy,1,5984,1,0,0.2895
3,policy,1,5984,2,0,0.2895
3,policy,1,5984,3,1,0.0000
3,policy,1,5984,4,2,0.0000
3,policy,1,5984,5,3,0.0000
3,policy,1,5984,6,4,0.0000
3,policy,1,5984,7,4,0.0000
3,policy,1,5984,8,4,0.0000
3,policy,1,1282,0,0,0.0000
3,policy,1,1282,1,0,0.0000
3,policy,1,1282,2,1,0.0000
3,policy,1,1282,3,2,0.0000
3,policy,1,1282,4,3,0.0000
3,policy,1,1282,5,4,0.0000
3,policy,1,1282,6,4,0.0000
3,policy,1,1282,7,5,0.0000
3,policy,1,1282,8,6,0.0000
3,policy,1,3945,0,0,0.0663
3,policy,1,3945,1,0,0.0663
3,policy,1,3945,2,1,0.4537
3,policy,1,3945,3,2,0.4627
3,policy,1,3945,4,3,0.4284
3,policy,1,3945,5,4,0.4315
3,policy,1,3945,6,5,0.4355
3,policy,1,3945,7,6,0.3719
3,policy,1,3945,8,7,0.3747
3,policy,1,3853,0,0,0.0000
3,policy,1,3853,1,1,0.0694
3,policy,1,3853,2,2,0.0784
3,policy,1,3853,3,3,0.1100
3,policy,1,3853,4,4,0.0000
3,policy,1,3853,5,5,0.0000
3,policy,1,3853,6,6,0.0000
3,policy,1,3853,7,7,0.0000
3,policy,1,3853,8,8,0.0000
3,policy,1,3762,0,0,0.0000
3,policy,1,3762,1,1,0.0000
3,policy,1,3762,2,2,0.1389
3,policy,1,3762,3,3,0.1389
3,policy,1,3762,4,4,0.1389
3,policy,1,3762,5,5,0.1389
3,policy,1,3762,6,6,0.1389
3,policy,1,3762,7,7,0.1389
3,policy,1,3762,8,8,0.1389
3,policy,1,2173,0,0,0.2201
3,policy,1,2173,1,1,0.0000
3,policy,1,2173,2,2,0.2863
3,policy,1,2173,3,3,0.2201
3,policy,1,2173,4,4,0.2201
3,policy,1,2173,5,5,0.2837
3,policy,1,2173,6,6,0.2895
3,policy,1,2173,7,7,0.2240
3,policy,1,2173,8,8,0.2240
3,policy,1,5749,0,0,0.0000
3,policy,1,5749,1,1,0.0000
3,policy,1,5749,2,2,0.0694
3,policy,1,5749,3,3,0.1100
3,policy,1,5749,4,4,0.1100
3,policy,1,5749,5,5,0.0948
3,policy,1,5749,6,6,0.1100
3,policy,1,5749,7,7,0.0948
3,policy,1,5749,8,8,0.0636
3,policy,1,3083,0,0,0.0694
3,policy,1,3083,1,0,0.0694
3,policy,1,3083,2,0,0.0694
3,policy,1,3083,3,1,0.0000
3,policy,1,3083,4,2,0.0000
3,policy,1,3083,5,2,0.0000
3,policy,1,3083,6,3,0.0000
3,policy,1,3083,7,4,0.0000
3,policy,1,3083,8,5,0.0000
3,policy,1,563,0,0,0.0694
3,policy,1,563,1,1,0.0000
3,policy,1,563,2,2,0.0000
3,policy,1,563,3,3,0.0000
3,policy,1,563,4,4,0.0000
3,policy,1,563,5,5,0.0000
3,policy,1,563,6,6,0.0000
3,policy,1,563,7,6,0.0000
3,policy,1,563,8,7,0.0000
3,policy,1,2791,0,0,0.0000
3,policy,1,2791,1,1,0.0000
3,policy,1,2791,2,2,0.1488
3,policy,1,2791,3,3,0.1514
3,policy,1,2791,4,4,0.1514
3,policy,1,2791,5,5,0.1514
3,policy,1,2791,6,6,0.1396
3,policy,1,2791,7,7,0.1447
3,policy,1,2791,8,8,0.1514
3,policy,1,1840,0,0,0.1389
3,policy,1,1840,1,1,0.0000
3,policy,1,1840,2,2,0.0663
3,policy,1,1840,3,3,0.0000
3,policy,1,1840,4,4,0.0000
3,policy,1,1840,5,5,0.0000
3,policy,1,1840,6,6,0.0000
3,policy,1,1840,7,7,0.0000
3,policy,1,1840,8,8,0.0000
3,policy,1,3750,0,0,0.1546
3,policy,1,3750,1,1,0.5294
3,policy,1,3750,2,2,0.0636
3,policy,1,3750,3,3,0.0948
3,policy,1,3750,4,4,0.1389
3,policy,1,3750,5,5,0.1389
3,policy,1,3750,6,6,0.1389
3,policy,1,3750,7,7,0.2201
3,policy,1,3750,8,8,0.2895
3,policy,1,1204,0,0,0.3052
3,policy,1,1204,1,0,0.3052
3,policy,1,1204,2,0,0.3052
3,policy,1,1204,3,1,0.0000
3,policy,1,1204,4,1,0.0000
3,policy,1,1204,5,2,0.3747
3,policy,1,1204,6,3,0.3689
3,policy,1,1204,7,3,0.3689
3,policy,1,1204,8,4,0.3811
3,policy,1,51,0,0,0.0734
3,policy,1,51,1,0,0.0734
3,policy,1,51,2,1,0.2173
3,policy,1,51,3,2,0.1952
3,policy,1,51,4,3,0.2048
3,policy,1,51,5,4,0.2048
3,policy,1,51,6,5,0.2048
3,policy,1,51,7,6,0.2048
3,policy,1,51,8,7,0.2048
3,policy,1,3728,0,0,0.2934
3,policy,1,3728,1,1,0.1100
3,policy,1,3728,2,2,0.4093
3,policy,1,3728,3,3,0.4983
3,policy,1,3728,4,4,0.5072
3,policy,1,3728,5,5,0.5072
3,policy,1,3728,6,6,0.4955
3,policy,1,3728,7,7,0.5709
3,policy,1,3728,8,8,0.5709
3,policy,1,1159,0,0,0.0000
3,policy,1,1159,1,0,0.0000
3,policy,1,1159,2,1,0.0000
3,policy,1,1159,3,2,0.0000
3,policy,1,1159,4,3,0.0000
3,policy,1,1159,5,4,0.0000
3,policy,1,1159,6,4,0.0000
3,policy,1,1159,7,5,0.0000
3,policy,1,1159,8,6,0.0000
3,policy,1,492,0,0,0.1585
3,policy,1,492,1,0,0.1585
3,policy,1,492,2,1,0.0636
3,policy,1,492,3,2,0.2279
3,policy,1,492,4,3,0.2247
3,policy,1,492,5,4,0.1100
3,policy,1,492,6,5,0.1584
3,policy,1,492,7,6,0.0851
3,policy,1,492,8,7,0.0734
3,policy,1,5657,0,0,0.0000
3,policy,1,5657,1,1,0.0694
3,policy,1,5657,2,2,0.0000
3,policy,1,5657,3,3,0.0000
3,policy,1,5657,4,4,0.0000
3,policy,1,5657,5,5,0.0000
3,policy,1,5657,6,6,0.0000
3,policy,1,5657,7,7,0.0000
3,policy,1,5657,8,8,0.0000
3,policy,1,4907,0,0,0.0000
3,policy,1,4907,1,1,0.1799
3,policy,1,4907,2,2,0.0734
3,policy,1,4907,3,3,0.0663
3,policy,1,4907,4,4,0.0636
3,policy,1,4907,5,4,0.0636
3,policy,1,4907,6,5,0.0636
3,policy,1,4907,7,6,0.0636
3,policy,1,4907,8,7,0.0636
3,policy,1,2276,0,0,0.1952
3,policy,1,2276,1,0,0.1952
3,policy,1,2276,2,0,0.1952
3,policy,1,2276,3,1,0.0000
3,policy,1,2276,4,2,0.0000
3,policy,1,2276,5,2,0.0000
3,policy,1,2276,6,3,0.0000
3,policy,1,2276,7,3,0.0000
3,policy,1,2276,8,4,0.0000
3,policy,1,4534,0,0,0.1737
3,policy,1,4534,1,1,0.5670
3,policy,1,4534,2,2,0.5737
3,policy,1,4534,3,3,0.4374
3,policy,1,4534,4,4,0.4374
3,policy,1,4534,5,5,0.5175
3,policy,1,4534,6,6,0.5869
3,policy,1,4534,7,7,0.5036
3,policy,1,4534,8,8,0.5010
3,policy,1,2798,0,0,0.0000
3,policy,1,2798,1,0,0.0000
3,policy,1,2798,2,0,0.0000
3,policy,1,2798,3,1,0.0000
3,policy,1,2798,4,2,0.0000
3,policy,1,2798,5,2,0.0000
3,policy,1,2798,6,3,0.0000
3,policy,1,2798,7,4,0.0000
3,policy,1,2798,8,5,0.0000
3,policy,1,276,0,0,0.3066
3,policy,1,276,1,0,0.3066
3,policy,1,276,2,0,0.3066
3,policy,1,276,3,1,0.0000
3,policy,1,276,4,2,0.0000
3,policy,1,276,5,2,0.0000
3,policy,1,276,6,3,0.0000
3,policy,1,276,7,4,0.0000
3,policy,1,276,8,5,0.0000
3,policy,1,546,0,0,0.0000
3,policy,1,546,1,0,0.0000
3,policy,1,546,2,1,0.0000
3,policy,1,546,3,2,0.0000
3,policy,1,546,4,3,0.0000
3,policy,1,546,5,4,0.0000
3,policy,1,546,6,5,0.0000
3,policy,1,546,7,6,0.0000
3,policy,1,546,8,7,0.0000
3,policy,1,2506,0,0,0.1420
3,policy,1,2506,1,1,0.5357
3,policy,1,2506,2,2,0.6602
3,policy,1,2506,3,3,0.7606
3,policy,1,2506,4,4,0.7702
3,policy,1,2506,5,5,0.7702
3,policy,1,2506,6,6,0.8268
3,policy,1,2506,7,7,0.8268
3,policy,1,2506,8,8,0.9216
3,policy,1,4837,0,0,0.0000
3,policy,1,4837,1,1,0.0000
3,policy,1,4837,2,1,0.0000
3,policy,1,4837,3,2,0.2201
3,policy,1,4837,4,3,0.0948
3,policy,1,4837,5,3,0.0948
3,policy,1,4837,6,3,0.0948
3,policy,1,4837,7,3,0.0948
3,policy,1,4837,8,4,0.0948
3,policy,1,57,0,0,0.6275
3,policy,1,57,1,1,0.6812
3,policy,1,57,2,2,0.2809
3,policy,1,57,3,3,0.2758
3,policy,1,57,4,4,0.2719
3,policy,1,57,5,5,0.2758
3,policy,1,57,6,6,0.2719
3,policy,1,57,7,7,0.2719
3,policy,1,57,8,8,0.2719
3,policy,1,5569,0,0,0.0734
3,policy,1,5569,1,1,0.3301
3,policy,1,5569,2,2,0.6242
3,policy,1,5569,3,3,0.5649
3,policy,1,5569,4,4,0.5578
3,policy,1,5569,5,5,0.5551
3,policy,1,5569,6,6,0.5501
3,policy,1,5569,7,7,0.5501
3,policy,1,5569,8,8,0.5527
3,policy,1,5534,0,0,0.0636
3,policy,1,5534,1,1,0.0000
3,policy,1,5534,2,2,0.2201
3,policy,1,5534,3,3,0.2201
3,policy,1,5534,4,4,0.2201
3,policy,1,5534,5,5,0.2201
3,policy,1,5534,6,6,0.2201
3,policy,1,5534,7,7,0.2201
3,policy,1,5534,8,7,0.2201
3,policy,1,1178,0,0,0.2201
3,policy,1,1178,1,1,0.2201
3,policy,1,1178,2,2,0.2201
3,policy,1,1178,3,3,0.2201
3,policy,1,1178,4,4,0.2201
3,policy,1,1178,5,5,0.2201
3,policy,1,1178,6,6,0.2201
3,policy,1,1178,7,7,0.2201
3,policy,1,1178,8,8,0.2201
3,policy,1,5489,0,0,0.0000
3,policy,1,5489,1,1,0.0000
3,policy,1,5489,2,2,0.0000
3,policy,1,5489,3,3,0.0000
3,policy,1,5489,4,4,0.0000
3,policy,1,5489,5,5,0.0000
3,policy,1,5489,6,6,0.0000
3,policy,1,5489,7,7,0.0663
3,policy,1,5489,8,8,0.0663
3,policy,1,2121,0,0,0.2240
3,policy,1,2121,1,1,0.0000
3,policy,1,2121,2,2,0.0663
3,policy,1,2121,3,3,0.0694
3,policy,1,2121,4,4,0.0694
3,policy,1,2121,5,5,0.0663
3,policy,1,2121,6,6,0.0636
3,policy,1,2121,7,7,0.0636
3,policy,1,2121,8,8,0.0663
3,policy,1,2735,0,0,0.0000
3,policy,1,2735,1,1,0.0663
3,policy,1,2735,2,2,0.0663
3,policy,1,2735,3,3,0.0734
3,policy,1,2735,4,4,0.0734
3,policy,1,2735,5,5,0.0734
3,policy,1,2735,6,6,0.0734
3,policy,1,2735,7,7,0.0734
3,policy,1,2735,8,8,0.0734
3,policy,1,4309,0,0,0.1389
3,policy,1,4309,1,1,0.0000
3,policy,1,4309,2,2,0.0000
3,policy,1,4309,3,3,0.0734
3,policy,1,4309,4,4,0.0694
3,policy,1,4309,5,5,0.0663
3,policy,1,4309,6,6,0.0663
3,policy,1,4309,7,7,0.1299
3,policy,1,4309,8,8,0.1331
3,policy,1,1046,0,0,0.0000
3,policy,1,1046,1,1,0.0000
3,policy,1,1046,2,2,0.0000
3,policy,1,1046,3,3,0.0000
3,policy,1,1046,4,4,0.0000
3,policy,1,1046,5,5,0.0000
3,policy,1,1046,6,6,0.0000
3,policy,1,1046,7,7,0.0000
3,policy,1,1046,8,8,0.0000
3,policy,1,5913,0,0,0.0000
3,policy,1,5913,1,1,0.0000
3,policy,1,5913,2,2,0.0000
3,policy,1,5913,3,3,0.0000
3,policy,1,5913,4,4,0.0000
3,policy,1,5913,5,4,0.0000
3,policy,1,5913,6,5,0.0000
3,policy,1,5913,7,6,0.0000
3,policy,1,5913,8,6,0.0000
3,policy,1,1208,0,0,0.0000
3,policy,1,1208,1,1,0.0694
3,policy,1,1208,2,2,0.0000
3,policy,1,1208,3,3,0.0000
3,policy,1,1208,4,4,0.0000
3,policy,1,1208,5,5,0.0000
3,policy,1,1208,6,6,0.0000
3,policy,1,1208,7,7,0.0000
3,policy,1,1208,8,8,0.0000
3,policy,1,1158,0,0,0.0000
3,policy,1,1158,1,1,0.1171
3,policy,1,1158,2,2,0.0000
3,policy,1,1158,3,3,0.0000
3,policy,1,1158,4,4,0.0000
3,policy,1,1158,5,5,0.0000
3,policy,1,1158,6,6,0.0000
3,policy,1,1158,7,7,0.0000
3,policy,1,1158,8,8,0.0000
3,policy,1,2478,0,0,0.0000
3,policy,1,2478,1,0,0.0000
3,policy,1,2478,2,0,0.0000
3,policy,1,2478,3,1,0.0000
3,policy,1,2478,4,2,0.0000
3,policy,1,2478,5,3,0.0000
3,policy,1,2478,6,4,0.0000
3,policy,1,2478,7,4,0.0000
3,policy,1,2478,8,5,0.0000
3,policy,1,4243,0,0,0.0000
3,policy,1,4243,1,1,0.0000
3,policy,1,4243,2,1,0.0000
3,policy,1,4243,3,2,0.0000
3,policy,1,4243,4,3,0.0000
3,policy,1,4243,5,3,0.0000
3,policy,1,4243,6,3,0.0000
3,policy,1,4243,7,3,0.0000
3,policy,1,4243,8,4,0.0000
3,policy,1,1346,0,0,0.1635
3,policy,1,1346,1,1,0.0784
3,policy,1,1346,2,2,0.0734
3,policy,1,1346,3,3,0.0663
3,policy,1,1346,4,4,0.0851
3,policy,1,1346,5,5,0.0851
3,policy,1,1346,6,6,0.0000
3,policy,1,1346,7,7,0.0636
3,policy,1,1346,8,7,0.0636
3,policy,1,4315,0,0,0.0000
3,policy,1,4315,1,0,0.0000
3,policy,1,4315,2,0,0.0000
3,policy,1,4315,3,1,0.0000
3,policy,1,4315,4,2,0.0000
3,policy,1,4315,5,2,0.0000
3,policy,1,4315,6,3,0.0000
3,policy,1,4315,7,4,0.0000
3,policy,1,4315,8,5,0.0000
3,policy,1,3424,0,0,0.3301
3,policy,1,3424,1,1,0.0000
3,policy,1,3424,2,2,0.0000
3,policy,1,3424,3,3,0.0000
3,policy,1,3424,4,4,0.0000
3,policy,1,3424,5,5,0.0000
3,policy,1,3424,6,6,0.0000
3,policy,1,3424,7,7,0.0000
3,policy,1,3424,8,8,0.1389
3,policy,1,1617,0,0,0.0000
3,policy,1,1617,1,1,0.0000
3,policy,1,1617,2,2,0.0000
3,policy,1,1617,3,3,0.0000
3,policy,1,1617,4,4,0.0000
3,policy,1,1617,5,4,0.0000
3,policy,1,1617,6,5,0.0000
3,policy,1,1617,7,6,0.0000
3,policy,1,1617,8,6,0.0000
3,policy,1,3664,0,0,0.0000
3,policy,1,3664,1,1,0.2201
3,policy,1,3664,2,2,0.1884
3,policy,1,3664,3,3,0.1389
3,policy,1,3664,4,4,0.1389
3,policy,1,3664,5,5,0.1389
3,policy,1,3664,6,6,0.1389
3,policy,1,3664,7,7,0.1389
3,policy,1,3664,8,8,0.1389
3,policy,1,2743,0,0,0.0000
3,policy,1,2743,1,0,0.0000
3,policy,1,2743,2,1,0.0000
3,policy,1,2743,3,2,0.0000
3,policy,1,2743,4,3,0.0000
3,policy,1,2743,5,4,0.0000
3,policy,1,2743,6,4,0.0000
3,policy,1,2743,7,5,0.0000
3,policy,1,2743,8,6,0.0000
3,policy,1,3260,0,0,0.4035
3,policy,1,3260,1,1,0.0694
3,policy,1,3260,2,2,0.3590
3,policy,1,3260,3,3,0.3590
3,policy,1,3260,4,4,0.3590
3,policy,1,3260,5,5,0.3590
3,policy,1,3260,6,6,0.3590
3,policy,1,3260,7,7,0.3590
3,policy,1,3260,8,8,0.3590
3,policy,1,1937,0,0,0.0784
3,policy,1,1937,1,1,0.2201
3,policy,1,1937,2,2,0.0948
3,policy,1,1937,3,3,0.0000
3,policy,1,1937,4,4,0.0000
3,policy,1,1937,5,5,0.0000
3,policy,1,1937,6,6,0.0000
3,policy,1,1937,7,7,0.0000
3,policy,1,1937,8,8,0.0000
3,policy,1,2799,0,0,0.1100
3,policy,1,2799,1,0,0.1100
3,policy,1,2799,2,0,0.1100
3,policy,1,2799,3,1,0.1518
3,policy,1,2799,4,2,0.1799
3,policy,1,2799,5,3,0.1635
3,policy,1,2799,6,4,0.1635
3,policy,1,2799,7,5,0.1635
3,policy,1,2799,8,6,0.1635
3,policy,1,4440,0,0,0.1301
3,policy,1,4440,1,0,0.1301
3,policy,1,4440,2,0,0.1301
3,policy,1,4440,3,1,0.1681
3,policy,1,4440,4,2,0.1391
3,policy,1,4440,5,2,0.1391
3,policy,1,4440,6,3,0.1391
3,policy,1,4440,7,4,0.1391
3,policy,1,4440,8,5,0.1510
3,policy,1,700,0,0,0.0000
3,policy,1,700,1,1,0.0000
3,policy,1,700,2,2,0.0000
3,policy,1,700,3,3,0.0000
3,policy,1,700,4,4,0.0000
3,policy,1,700,5,4,0.0000
3,policy,1,700,6,5,0.0000
3,policy,1,700,7,6,0.0000
3,policy,1,700,8,7,0.0000
3,policy,1,3,0,0,0.0000
3,policy,1,3,1,0,0.0000
3,policy,1,3,2,0,0.0000
3,policy,1,3,3,1,0.0000
3,policy,1,3,4,2,0.0000
3,policy,1,3,5,2,0.0000
3,policy,1,3,6,2,0.0000
3,policy,1,3,7,3,0.0000
3,policy,1,3,8,4,0.0000
3,policy,1,1306,0,0,0.0000
3,policy,1,1306,1,0,0.0000
3,policy,1,1306,2,0,0.0000
3,policy,1,1306,3,1,0.0000
3,policy,1,1306,4,2,0.0000
3,policy,1,1306,5,3,0.0000
3,policy,1,1306,6,4,0.0000
3,policy,1,1306,7,5,0.0000
3,policy,1,1306,8,5,0.0000
3,policy,1,2538,0,0,0.0000
3,policy,1,2538,1,0,0.0000
3,policy,1,2538,2,0,0.0000
3,policy,1,2538,3,1,0.0000
3,policy,1,2538,4,2,0.0000
3,policy,1,2538,5,3,0.0000
3,policy,1,2538,6,4,0.0000
3,policy,1,2538,7,5,0.0000
3,policy,1,2538,8,6,0.0000
3,policy,1,1167,0,0,0.0784
3,policy,1,1167,1,1,0.0000
3,policy,1,1167,2,2,0.1585
3,policy,1,1167,3,3,0.1447
3,policy,1,1167,4,4,0.0851
3,policy,1,1167,5,5,0.0784
3,policy,1,1167,6,6,0.0734
3,policy,1,1167,7,7,0.1546
3,policy,1,1167,8,8,0.1546
3,policy,1,4801,0,0,0.5271
3,policy,1,4801,1,1,0.1834
3,policy,1,4801,2,2,0.4270
3,policy,1,4801,3,3,0.4915
3,policy,1,4801,4,4,0.4706
3,policy,1,4801,5,5,0.4706
3,policy,1,4801,6,6,0.4634
3,policy,1,4801,7,7,0.3972
3,policy,1,4801,8,8,0.7663
3,policy,1,5191,0,0,0.0000
3,policy,1,5191,1,0,0.0000
3,policy,1,5191,2,0,0.0000
3,policy,1,5191,3,1,0.0000
3,policy,1,5191,4,1,0.0000
3,policy,1,5191,5,1,0.0000
3,policy,1,5191,6,2,0.0000
3,policy,1,5191,7,2,0.0000
3,policy,1,5191,8,2,0.0000
3,policy,1,3065,0,0,0.1389
3,policy,1,3065,1,1,0.0000
3,policy,1,3065,2,2,0.0851
3,policy,1,3065,3,3,0.1100
3,policy,1,3065,4,4,0.1100
3,policy,1,3065,5,5,0.1100
3,policy,1,3065,6,6,0.1100
3,policy,1,3065,7,7,0.1100
3,policy,1,3065,8,8,0.1100
3,policy,1,5800,0,0,0.0000
3,policy,1,5800,1,1,0.0000
3,policy,1,5800,2,2,0.0694
3,policy,1,5800,3,3,0.0000
3,policy,1,5800,4,4,0.0000
3,policy,1,5800,5,5,0.0000
3,policy,1,5800,6,6,0.0000
3,policy,1,5800,7,7,0.0000
3,policy,1,5800,8,8,0.0000
3,policy,1,2124,0,0,0.0734
3,policy,1,2124,1,1,0.0000
3,policy,1,2124,2,2,0.2394
3,policy,1,2124,3,3,0.4153
3,policy,1,2124,4,4,0.4153
3,policy,1,2124,5,5,0.3188
3,policy,1,2124,6,6,0.3120
3,policy,1,2124,7,7,0.4085
3,policy,1,2124,8,8,0.4153
3,policy,1,1899,0,0,0.0000
3,policy,1,1899,1,0,0.0000
3,policy,1,1899,2,0,0.0000
3,policy,1,1899,3,1,0.0663
3,policy,1,1899,4,1,0.0663
3,policy,1,1899,5,1,0.0663
3,policy,1,1899,6,2,0.0000
3,policy,1,1899,7,3,0.0636
3,policy,1,1899,8,3,0.0636
3,policy,1,1489,0,0,0.0694
3,policy,1,1489,1,1,0.4706
3,policy,1,1489,2,2,0.6146
3,policy,1,1489,3,3,0.6208
3,policy,1,1489,4,4,0.6208
3,policy,1,1489,5,5,0.6168
3,policy,1,1489,6,6,0.6118
3,policy,1,1489,7,7,0.6118
3,policy,1,1489,8,8,0.6208
3,policy,1,6028,0,0,0.0000
3,policy,1,6028,1,0,0.0000
3,policy,1,6028,2,1,0.0783
3,policy,1,6028,3,2,0.0000
3,policy,1,6028,4,3,0.0000
3,policy,1,6028,5,4,0.0000
3,policy,1,6028,6,5,0.0000
3,policy,1,6028,7,6,0.0708
3,policy,1,6028,8,6,0.0708
3,policy,1,156,0,0,0.3246
3,policy,1,156,1,1,0.5104
3,policy,1,156,2,2,0.5104
3,policy,1,156,3,3,0.5740
3,policy,1,156,4,4,0.5771
3,policy,1,156,5,5,0.5811
3,policy,1,156,6,6,0.5271
3,policy,1,156,7,7,0.5989
3,policy,1,156,8,8,0.5474
3,policy,1,1682,0,0,0.0000
3,policy,1,1682,1,0,0.0000
3,policy,1,1682,2,0,0.0000
3,policy,1,1682,3,1,0.0000
3,policy,1,1682,4,2,0.0000
3,policy,1,1682,5,3,0.0000
3,policy,1,1682,6,4,0.0000
3,policy,1,1682,7,5,0.0000
3,policy,1,1682,8,6,0.0000
3,policy,1,4936,0,0,0.2051
3,policy,1,4936,1,1,0.0000
3,policy,1,4936,2,2,0.1100
3,policy,1,4936,3,3,0.1389
3,policy,1,4936,4,4,0.1737
3,policy,1,4936,5,5,0.1795
3,policy,1,4936,6,6,0.2614
3,policy,1,4936,7,7,0.3322
3,policy,1,4936,8,8,0.3380
3,policy,1,5318,0,0,0.1732
3,policy,1,5318,1,1,0.4506
3,policy,1,5318,2,2,0.3933
3,policy,1,5318,3,3,0.3882
3,policy,1,5318,4,4,0.4569
3,policy,1,5318,5,5,0.4569
3,policy,1,5318,6,6,0.4000
3,policy,1,5318,7,7,0.4330
3,policy,1,5318,8,8,0.3693
3,policy,1,3352,0,0,0.3437
3,policy,1,3352,1,1,0.5638
3,policy,1,3352,2,2,0.3996
3,policy,1,3352,3,3,0.3689
3,policy,1,3352,4,4,0.3689
3,policy,1,3352,5,5,0.3621
3,policy,1,3352,6,6,0.3571
3,policy,1,3352,7,7,0.3621
3,policy,1,3352,8,8,0.3621
3,policy,1,757,0,0,0.0000
3,policy,1,757,1,0,0.0000
3,policy,1,757,2,0,0.0000
3,policy,1,757,3,1,0.0000
3,policy,1,757,4,2,0.0000
3,policy,1,757,5,3,0.0000
3,policy,1,757,6,4,0.0000
3,policy,1,757,7,4,0.0000
3,policy,1,757,8,5,0.0000
3,policy,1,3609,0,0,0.1488
3,policy,1,3609,1,0,0.1488
3,policy,1,3609,2,1,0.7818
3,policy,1,3609,3,2,0.7788
3,policy,1,3609,4,3,0.7632
3,policy,1,3609,5,4,0.7728
3,policy,1,3609,6,5,0.7606
3,policy,1,3609,7,6,0.7606
3,policy,1,3609,8,7,0.7656
3,policy,1,2619,0,0,0.0734
3,policy,1,2619,1,1,0.2173
3,policy,1,2619,2,2,0.5200
3,policy,1,2619,3,3,0.6118
3,policy,1,2619,4,4,0.6086
3,policy,1,2619,5,5,0.6047
3,policy,1,2619,6,6,0.6086
3,policy,1,2619,7,7,0.6047
3,policy,1,2619,8,8,0.6086
3,policy,1,5566,0,0,0.3785
3,policy,1,5566,1,1,0.0784
3,policy,1,5566,2,2,0.4690
3,policy,1,5566,3,3,0.4323
3,policy,1,5566,4,4,0.3938
3,policy,1,5566,5,5,0.3301
3,policy,1,5566,6,6,0.3964
3,policy,1,5566,7,7,0.3273
3,policy,1,5566,8,8,0.3967
3,policy,1,1045,0,0,0.0000
3,policy,1,1045,1,0,0.0000
3,policy,1,1045,2,0,0.0000
3,policy,1,1045,3,1,0.0000
3,policy,1,1045,4,2,0.0000
3,policy,1,1045,5,2,0.0000
3,policy,1,1045,6,3,0.0000
3,policy,1,1045,7,3,0.0000
3,policy,1,1045,8,4,0.0000
3,policy,1,3903,0,0,0.0784
3,policy,1,3903,1,0,0.0784
3,policy,1,3903,2,1,0.1389
3,policy,1,3903,3,2,0.1389
3,policy,1,3903,4,3,0.0948
3,policy,1,3903,5,4,0.1389
3,policy,1,3903,6,5,0.2122
3,policy,1,3903,7,6,0.2083
3,policy,1,3903,8,7,0.2173
3,policy,1,2479,0,0,0.0000
3,policy,1,2479,1,0,0.0000
3,policy,1,2479,2,1,0.0000
3,policy,1,2479,3,1,0.0000
3,policy,1,2479,4,2,0.0000
3,policy,1,2479,5,3,0.0000
3,policy,1,2479,6,4,0.0000
3,policy,1,2479,7,5,0.0000
3,policy,1,2479,8,6,0.0000
3,policy,1,2944,0,0,0.0636
3,policy,1,2944,1,1,0.0000
3,policy,1,2944,2,2,0.0000
3,policy,1,2944,3,3,0.0000
3,policy,1,2944,4,4,0.0000
3,policy,1,2944,5,4,0.0000
3,policy,1,2944,6,5,0.0000
3,policy,1,2944,7,6,0.0000
3,policy,1,2944,8,6,0.0000
3,policy,1,1468,0,0,0.0000
3,policy,1,1468,1,0,0.0000
3,policy,1,1468,2,0,0.0000
3,policy,1,1468,3,1,0.0000
3,policy,1,1468,4,1,0.0000
3,policy,1,1468,5,1,0.0000
3,policy,1,1468,6,2,0.0000
3,policy,1,1468,7,3,0.0000
3,policy,1,1468,8,3,0.0000
3,policy,1,1598,0,0,0.3070
3,policy,1,1598,1,1,0.3558
3,policy,1,1598,2,2,0.1389
3,policy,1,1598,3,3,0.1389
3,policy,1,1598,4,4,0.1389
3,policy,1,1598,5,5,0.1389
3,policy,1,1598,6,6,0.1389
3,policy,1,1598,7,7,0.1389
3,policy,1,1598,8,8,0.1389
3,policy,1,3571,0,0,0.0000
3,policy,1,3571,1,1,0.0000
3,policy,1,3571,2,2,0.0000
3,policy,1,3571,3,3,0.0851
3,policy,1,3571,4,4,0.0851
3,policy,1,3571,5,4,0.0851
3,policy,1,3571,6,5,0.0851
3,policy,1,3571,7,6,0.0784
3,policy,1,3571,8,7,0.1737
3,policy,1,4400,0,0,0.0851
3,policy,1,4400,1,1,0.0784
3,policy,1,4400,2,2,0.0784
3,policy,1,4400,3,3,0.0784
3,policy,1,4400,4,4,0.0784
3,policy,1,4400,5,5,0.0784
3,policy,1,4400,6,6,0.0734
3,policy,1,4400,7,7,0.0694
3,policy,1,4400,8,8,0.0663
3,policy,1,1622,0,0,0.1331
3,policy,1,1622,1,0,0.1331
3,policy,1,1622,2,0,0.1331
3,policy,1,1622,3,1,0.0734
3,policy,1,1622,4,2,0.0851
3,policy,1,1622,5,3,0.0784
3,policy,1,1622,6,4,0.0948
3,policy,1,1622,7,5,0.0734
3,policy,1,1622,8,6,0.1370
3,policy,1,1343,0,0,0.0000
3,policy,1,1343,1,0,0.0000
3,policy,1,1343,2,0,0.0000
3,policy,1,1343,3,1,0.0000
3,policy,1,1343,4,2,0.0000
3,policy,1,1343,5,2,0.0000
3,policy,1,1343,6,3,0.0000
3,policy,1,1343,7,3,0.0000
3,policy,1,1343,8,4,0.0000
3,policy,1,1661,0,0,0.0000
3,policy,1,1661,1,0,0.0000
3,policy,1,1661,2,0,0.0000
3,policy,1,1661,3,1,0.2044
3,policy,1,1661,4,2,0.1846
3,policy,1,1661,5,3,0.0000
3,policy,1,1661,6,4,0.0000
3,policy,1,1661,7,5,0.0000
3,policy,1,1661,8,6,0.0000
3,policy,1,5407,0,0,0.0000
3,policy,1,5407,1,0,0.0000
3,policy,1,5407,2,0,0.0000
3,policy,1,5407,3,1,0.2201
3,policy,1,5407,4,2,0.1795
3,policy,1,5407,5,3,0.2240
3,policy,1,5407,6,4,0.2048
3,policy,1,5407,7,5,0.2048
3,policy,1,5407,8,6,0.2048
3,policy,1,4406,0,0,0.2863
3,policy,1,4406,1,1,0.0000
3,policy,1,4406,2,2,0.3301
3,policy,1,4406,3,3,0.0000
3,policy,1,4406,4,4,0.0000
3,policy,1,4406,5,5,0.0000
3,policy,1,4406,6,6,0.0000
3,policy,1,4406,7,7,0.0000
3,policy,1,4406,8,8,0.0000
3,policy,1,240,0,0,0.0000
3,policy,1,240,1,0,0.0000
3,policy,1,240,2,0,0.0000
3,policy,1,240,3,1,0.0000
3,policy,1,240,4,2,0.0000
3,policy,1,240,5,3,0.0000
3,policy,1,240,6,4,0.0000
3,policy,1,240,7,5,0.0000
3,policy,1,240,8,6,0.0636
3,policy,1,1585,0,0,0.3062
3,policy,1,1585,1,1,0.2618
3,policy,1,1585,2,2,0.2867
3,policy,1,1585,3,3,0.3453
3,policy,1,1585,4,4,0.3503
3,policy,1,1585,5,5,0.4383
3,policy,1,1585,6,6,0.3964
3,policy,1,1585,7,7,0.4323
3,policy,1,1585,8,8,0.5077
3,policy,1,5695,0,0,0.0000
3,policy,1,5695,1,0,0.0000
3,policy,1,5695,2,0,0.0000
3,policy,1,5695,3,1,0.0000
3,policy,1,5695,4,2,0.0000
3,policy,1,5695,5,2,0.0000
3,policy,1,5695,6,3,0.0000
3,policy,1,5695,7,4,0.0000
3,policy,1,5695,8,4,0.0000
3,policy,1,699,0,0,0.0000
3,policy,1,699,1,0,0.0000
3,policy,1,699,2,0,0.0000
3,policy,1,699,3,1,0.1184
3,policy,1,699,4,2,0.1184
3,policy,1,699,5,2,0.1184
3,policy,1,699,6,2,0.1184
3,policy,1,699,7,3,0.1184
3,policy,1,699,8,4,0.1374
3,policy,1,2729,0,0,0.1100
3,policy,1,2729,1,1,0.0636
3,policy,1,2729,2,2,0.0000
3,policy,1,2729,3,3,0.0000
3,policy,1,2729,4,4,0.0000
3,policy,1,2729,5,5,0.0000
3,policy,1,2729,6,6,0.0000
3,policy,1,2729,7,7,0.0000
3,policy,1,2729,8,8,0.0000
3,policy,1,2984,0,0,0.0663
3,policy,1,2984,1,1,0.1389
3,policy,1,2984,2,2,0.1585
3,policy,1,2984,3,3,0.1100
3,policy,1,2984,4,4,0.1100
3,policy,1,2984,5,5,0.1100
3,policy,1,2984,6,6,0.1100
3,policy,1,2984,7,7,0.1100
3,policy,1,2984,8,8,0.1100
3,policy,1,1888,0,0,0.1795
3,policy,1,1888,1,1,0.2394
3,policy,1,1888,2,2,0.2090
3,policy,1,1888,3,3,0.1447
3,policy,1,1888,4,4,0.1370
3,policy,1,1888,5,5,0.1447
3,policy,1,1888,6,6,0.0734
3,policy,1,1888,7,7,0.1370
3,policy,1,1888,8,8,0.1420
3,policy,1,2664,0,0,0.1331
3,policy,1,2664,1,1,0.7506
3,policy,1,2664,2,2,0.4990
3,policy,1,2664,3,3,0.4296
3,policy,1,2664,4,4,0.4229
3,policy,1,2664,5,5,0.4923
3,policy,1,2664,6,6,0.4826
3,policy,1,2664,7,7,0.3470
3,policy,1,2664,8,8,0.3470
3,policy,1,5442,0,0,0.2048
3,policy,1,5442,1,1,0.0694
3,policy,1,5442,2,2,0.2686
3,policy,1,5442,3,3,0.2489
3,policy,1,5442,4,4,0.2489
3,policy,1,5442,5,5,0.2489
3,policy,1,5442,6,6,0.2489
3,policy,1,5442,7,7,0.2489
3,policy,1,5442,8,8,0.2489
3,policy,1,780,0,0,0.3500
3,policy,1,780,1,1,0.1389
3,policy,1,780,2,2,0.2903
3,policy,1,780,3,3,0.2782
3,policy,1,780,4,4,0.3445
3,policy,1,780,5,5,0.3476
3,policy,1,780,6,6,0.3445
3,policy,1,780,7,7,0.3527
3,policy,1,780,8,8,0.3566
3,policy,1,5879,0,0,0.2809
3,policy,1,5879,1,1,0.2935
3,policy,1,5879,2,2,0.1100
3,policy,1,5879,3,3,0.1100
3,policy,1,5879,4,4,0.1100
3,policy,1,5879,5,5,0.1100
3,policy,1,5879,6,6,0.1100
3,policy,1,5879,7,7,0.1396
3,policy,1,5879,8,8,0.1428
3,policy,1,2848,0,0,0.0000
3,policy,1,2848,1,1,0.5965
3,policy,1,2848,2,1,0.5965
3,policy,1,2848,3,2,0.4886
3,policy,1,2848,4,3,0.5225
3,policy,1,2848,5,3,0.5225
3,policy,1,2848,6,4,0.4886
3,policy,1,2848,7,5,0.5225
3,policy,1,2848,8,6,0.4073
3,policy,1,4669,0,0,0.0000
3,policy,1,4669,1,0,0.0000
3,policy,1,4669,2,1,0.0000
3,policy,1,4669,3,1,0.0000
3,policy,1,4669,4,2,0.0000
3,policy,1,4669,5,3,0.0000
3,policy,1,4669,6,4,0.0000
3,policy,1,4669,7,5,0.0000
3,policy,1,4669,8,6,0.0000
3,policy,1,5086,0,0,0.1610
3,policy,1,5086,1,1,0.2201
3,policy,1,5086,2,2,0.4807
3,policy,1,5086,3,3,0.5420
3,policy,1,5086,4,4,0.4616
3,policy,1,5086,5,5,0.5193
3,policy,1,5086,6,6,0.5193
3,policy,1,5086,7,7,0.5045
3,policy,1,5086,8,8,0.5142
3,policy,1,2874,0,0,0.0000
3,policy,1,2874,1,1,0.1510
3,policy,1,2874,2,2,0.0000
3,policy,1,2874,3,3,0.0000
3,policy,1,2874,4,4,0.0000
3,policy,1,2874,5,5,0.0000
3,policy,1,2874,6,6,0.0000
3,policy,1,2874,7,7,0.0000
3,policy,1,2874,8,8,0.0000
3,policy,1,1097,0,0,0.0000
3,policy,1,1097,1,1,0.0000
3,policy,1,1097,2,1,0.0000
3,policy,1,1097,3,2,0.0000
3,policy,1,1097,4,3,0.0000
3,policy,1,1097,5,4,0.0000
3,policy,1,1097,6,5,0.0000
3,policy,1,1097,7,5,0.0000
3,policy,1,1097,8,5,0.0000
3,policy,1,1958,0,0,0.0000
3,policy,1,1958,1,1,0.3149
3,policy,1,1958,2,2,0.1389
3,policy,1,1958,3,3,0.0784
3,policy,1,1958,4,4,0.1100
3,policy,1,1958,5,5,0.1389
3,policy,1,1958,6,6,0.1100
3,policy,1,1958,7,7,0.1389
3,policy,1,1958,8,8,0.0000
3,policy,1,4876,0,0,0.0000
3,policy,1,4876,1,1,0.0000
3,policy,1,4876,2,2,0.0000
3,policy,1,4876,3,3,0.0000
3,policy,1,4876,4,4,0.0000
3,policy,1,4876,5,5,0.0000
3,policy,1,4876,6,6,0.0000
3,policy,1,4876,7,7,0.0000
3,policy,1,4876,8,7,0.0000
3,policy,1,4990,0,0,0.0000
3,policy,1,4990,1,1,0.2087
3,policy,1,4990,2,1,0.2087
3,policy,1,4990,3,2,0.2312
3,policy,1,4990,4,2,0.2312
3,policy,1,4990,5,2,0.2312
3,policy,1,4990,6,3,0.2312
3,policy,1,4990,7,4,0.2312
3,policy,1,4990,8,5,0.2258
3,policy,1,4212,0,0,0.0851
3,policy,1,4212,1,1,0.5527
3,policy,1,4212,2,2,0.8454
3,policy,1,4212,3,3,0.8572
3,policy,1,4212,4,4,0.8522
3,policy,1,4212,5,5,0.7917
3,policy,1,4212,6,6,0.7917
3,policy,1,4212,7,7,0.8486
3,policy,1,4212,8,8,0.8454
3,policy,1,5412,0,0,0.0784
3,policy,1,5412,1,1,0.0000
3,policy,1,5412,2,2,0.1428
3,policy,1,5412,3,3,0.2579
3,policy,1,5412,4,4,0.2646
3,policy,1,5412,5,5,0.2426
3,policy,1,5412,6,6,0.2614
3,policy,1,5412,7,7,0.2344
3,policy,1,5412,8,8,0.0948
3,policy,1,5621,0,0,0.0000
3,policy,1,5621,1,1,0.0663
3,policy,1,5621,2,1,0.0663
3,policy,1,5621,3,2,0.4153
3,policy,1,5621,4,3,0.3188
3,policy,1,5621,5,3,0.3188
3,policy,1,5621,6,4,0.4153
3,policy,1,5621,7,5,0.3188
3,policy,1,5621,8,6,0.3070
3,policy,1,4273,0,0,0.0000
3,policy,1,4273,1,0,0.0000
3,policy,1,4273,2,0,0.0000
3,policy,1,4273,3,1,0.2173
3,policy,1,4273,4,2,0.2337
3,policy,1,4273,5,3,0.1952
3,policy,1,4273,6,4,0.1952
3,policy,1,4273,7,5,0.1952
3,policy,1,4273,8,6,0.1952
3,policy,1,1869,0,0,0.1799
3,policy,1,1869,1,1,0.0851
3,policy,1,1869,2,2,0.0000
3,policy,1,1869,3,3,0.0000
3,policy,1,1869,4,4,0.0000
3,policy,1,1869,5,5,0.0000
3,policy,1,1869,6,6,0.0000
3,policy,1,1869,7,7,0.0000
3,policy,1,1869,8,8,0.0000
3,policy,1,5970,0,0,0.2201
3,policy,1,5970,1,1,0.3301
3,policy,1,5970,2,2,0.6122
3,policy,1,5970,3,3,0.3052
3,policy,1,5970,4,4,0.3149
3,policy,1,5970,5,5,0.3301
3,policy,1,5970,6,6,0.3301
3,policy,1,5970,7,7,0.3590
3,policy,1,5970,8,8,0.3052
3,policy,1,2055,0,0,0.0000
3,policy,1,2055,1,1,0.0636
3,policy,1,2055,2,2,0.0000
3,policy,1,2055,3,3,0.0000
3,policy,1,2055,4,4,0.0000
3,policy,1,2055,5,5,0.0000
3,policy,1,2055,6,6,0.0000
3,policy,1,2055,7,7,0.0000
3,policy,1,2055,8,8,0.0000
3,policy,1,487,0,0,0.0000
3,policy,1,487,1,0,0.0000
3,policy,1,487,2,0,0.0000
3,policy,1,487,3,1,0.0000
3,policy,1,487,4,2,0.0000
3,policy,1,487,5,2,0.0000
3,policy,1,487,6,3,0.0000
3,policy,1,487,7,4,0.0000
3,policy,1,487,8,5,0.0000
3,policy,1,2399,0,0,0.0000
3,policy,1,2399,1,0,0.0000
3,policy,1,2399,2,0,0.0000
3,policy,1,2399,3,1,0.0000
3,policy,1,2399,4,2,0.0000
3,policy,1,2399,5,2,0.0000
3,policy,1,2399,6,3,0.0000
3,policy,1,2399,7,4,0.0000
3,policy,1,2399,8,5,0.0000
3,policy,1,4740,0,0,0.0000
3,policy,1,4740,1,0,0.0000
3,policy,1,4740,2,0,0.0000
3,policy,1,4740,3,0,0.0000
3,policy,1,4740,4,1,0.0000
3,policy,1,4740,5,1,0.0000
3,policy,1,4740,6,1,0.0000
3,policy,1,4740,7,2,0.0000
3,policy,1,4740,8,2,0.0000
3,policy,1,4414,0,0,0.0636
3,policy,1,4414,1,0,0.0636
3,policy,1,4414,2,1,0.0636
3,policy,1,4414,3,2,0.0663
3,policy,1,4414,4,3,0.0000
3,policy,1,4414,5,4,0.0000
3,policy,1,4414,6,5,0.0000
3,policy,1,4414,7,6,0.0000
3,policy,1,4414,8,7,0.0000
3,policy,1,1974,0,0,0.0000
3,policy,1,1974,1,1,0.1389
3,policy,1,1974,2,2,0.1389
3,policy,1,1974,3,3,0.0851
3,policy,1,1974,4,4,0.0851
3,policy,1,1974,5,4,0.0851
3,policy,1,1974,6,5,0.0851
3,policy,1,1974,7,6,0.0851
3,policy,1,1974,8,7,0.0851
3,policy,1,4126,0,0,0.0000
3,policy,1,4126,1,0,0.0000
3,policy,1,4126,2,1,0.0636
3,policy,1,4126,3,2,0.0663
3,policy,1,4126,4,3,0.0000
3,policy,1,4126,5,4,0.0000
3,policy,1,4126,6,5,0.0000
3,policy,1,4126,7,6,0.0000
3,policy,1,4126,8,7,0.0000
3,policy,1,2232,0,0,0.0000
3,policy,1,2232,1,1,0.0000
3,policy,1,2232,2,2,0.0784
3,policy,1,2232,3,3,0.0000
3,policy,1,2232,4,4,0.0000
3,policy,1,2232,5,5,0.0000
3,policy,1,2232,6,6,0.0000
3,policy,1,2232,7,7,0.0000
3,policy,1,2232,8,8,0.0000
3,policy,1,5927,0,0,0.0000
3,policy,1,5927,1,0,0.0000
3,policy,1,5927,2,0,0.0000
3,policy,1,5927,3,1,0.0000
3,policy,1,5927,4,1,0.0000
3,policy,1,5927,5,1,0.0000
3,policy,1,5927,6,2,0.0000
3,policy,1,5927,7,3,0.0000
3,policy,1,5927,8,4,0.0000
3,policy,1,3023,0,0,0.0000
3,policy,1,3023,1,1,0.1799
3,policy,1,3023,2,2,0.0636
3,policy,1,3023,3,3,0.0000
3,policy,1,3023,4,4,0.0000
3,policy,1,3023,5,5,0.0000
3,policy,1,3023,6,6,0.0694
3,policy,1,3023,7,7,0.0663
3,policy,1,3023,8,8,0.0636
3,policy,1,607,0,0,0.0000
3,policy,1,607,1,0,0.0000
3,policy,1,607,2,1,0.0000
3,policy,1,607,3,2,0.0000
3,policy,1,607,4,3,0.0000
3,policy,1,607,5,4,0.0000
3,policy,1,607,6,5,0.0000
3,policy,1,607,7,6,0.0000
3,policy,1,607,8,7,0.0000
7,policy,0,1216,0,0,0.4035
7,policy,0,1216,1,1,0.3542
7,policy,0,1216,2,2,0.0694
7,policy,0,1216,3,3,0.0694
7,policy,0,1216,4,4,0.0694
7,policy,0,1216,5,5,0.0694
7,policy,0,1216,6,6,0.0694
7,policy,0,1216,7,7,0.0694
7,policy,0,1216,8,8,0.1370
7,policy,0,2820,0,0,0.0000
7,policy,0,2820,1,0,0.0000
7,policy,0,2820,2,0,0.0000
7,policy,0,2820,3,1,0.1483
7,policy,0,2820,4,2,0.1483
7,policy,0,2820,5,3,0.1483
7,policy,0,2820,6,4,0.0000
7,policy,0,2820,7,4,0.0000
7,policy,0,2820,8,5,0.0000
7,policy,0,3017,0,0,1.0000
7,policy,0,3017,1,1,1.0000
7,policy,0,3017,2,2,0.8630
7,policy,0,3017,3,3,0.9266
7,policy,0,3017,4,4,0.9266
7,policy,0,3017,5,5,0.9216
7,policy,0,3017,6,6,0.9149
7,policy,0,3017,7,7,0.9149
7,policy,0,3017,8,8,0.9149
7,policy,0,1260,0,0,0.7728
7,policy,0,1260,1,1,0.8358
7,policy,0,1260,2,2,0.7273
7,policy,0,1260,3,3,0.7273
7,policy,0,1260,4,4,0.7273
7,policy,0,1260,5,5,0.7273
7,policy,0,1260,6,6,0.7273
7,policy,0,1260,7,7,0.7273
7,policy,0,1260,8,8,0.7910
7,policy,0,1920,0,0,0.3183
7,policy,0,1920,1,1,0.4441
7,policy,0,1920,2,2,0.4690
7,policy,0,1920,3,3,0.5174
7,policy,0,1920,4,4,0.5174
7,policy,0,1920,5,5,0.5200
7,policy,0,1920,6,6,0.4944
7,policy,0,1920,7,7,0.4944
7,policy,0,1920,8,8,0.4983
7,policy,0,693,0,0,0.2201
7,policy,0,693,1,1,0.2173
7,policy,0,693,2,1,0.2173
7,policy,0,693,3,2,0.2489
7,policy,0,693,4,3,0.2201
7,policy,0,693,5,4,0.1389
7,policy,0,693,6,4,0.1389
7,policy,0,693,7,5,0.1389
7,policy,0,693,8,6,0.1389
7,policy,0,3268,0,0,0.5271
7,policy,0,3268,1,1,0.4249
7,policy,0,3268,2,2,0.4671
7,policy,0,3268,3,3,0.2974
7,policy,0,3268,4,4,0.3786
7,policy,0,3268,5,5,0.3786
7,policy,0,3268,6,6,0.2974
7,policy,0,3268,7,7,0.3715
7,policy,0,3268,8,8,0.3811
7,policy,0,3548,0,0,0.1100
7,policy,0,3548,1,0,0.1100
7,policy,0,3548,2,0,0.1100
7,policy,0,3548,3,1,0.2201
7,policy,0,3548,4,2,0.2201
7,policy,0,3548,5,2,0.2201
7,policy,0,3548,6,3,0.2201
7,policy,0,3548,7,4,0.2201
7,policy,0,3548,8,5,0.2201
7,policy,0,2780,0,0,0.8512
7,policy,0,2780,1,1,0.7534
7,policy,0,2780,2,2,0.7656
7,policy,0,2780,3,3,0.8415
7,policy,0,2780,4,4,0.8454
7,policy,0,2780,5,5,0.8604
7,policy,0,2780,6,6,0.8604
7,policy,0,2780,7,7,0.8604
7,policy,0,2780,8,8,0.8643
7,policy,0,5328,0,0,0.9266
7,policy,0,5328,1,1,0.9052
7,policy,0,5328,2,2,0.8572
7,policy,0,5328,3,3,0.9216
7,policy,0,5328,4,4,0.9266
7,policy,0,5328,5,5,0.9266
7,policy,0,5328,6,6,0.9266
7,policy,0,5328,7,7,0.9364
7,policy,0,5328,8,8,0.8268
7,policy,0,3770,0,0,0.2588
7,policy,0,3770,1,1,0.5520
7,policy,0,3770,2,2,0.5033
7,policy,0,3770,3,3,0.4886
7,policy,0,3770,4,4,0.4886
7,policy,0,3770,5,5,0.4819
7,policy,0,3770,6,6,0.4819
7,policy,0,3770,7,7,0.4819
7,policy,0,3770,8,8,0.4847
7,policy,0,5135,0,0,0.2470
7,policy,0,5135,1,1,0.2208
7,policy,0,5135,2,2,0.2122
7,policy,0,5135,3,3,0.4205
7,policy,0,5135,4,4,0.5117
7,policy,0,5135,5,5,0.5876
7,policy,0,5135,6,6,0.5216
7,policy,0,5135,7,7,0.6146
7,policy,0,5135,8,8,0.6146
7,policy,0,781,0,0,0.0000
7,policy,0,781,1,0,0.0000
7,policy,0,781,2,0,0.0000
7,policy,0,781,3,1,0.0000
7,policy,0,781,4,2,0.0000
7,policy,0,781,5,3,0.0000
7,policy,0,781,6,4,0.0000
7,policy,0,781,7,5,0.0000
7,policy,0,781,8,5,0.0000
7,policy,0,2908,0,0,1.0000
7,policy,0,2908,1,1,1.0000
7,policy,0,2908,2,2,1.0000
7,policy,0,2908,3,3,1.0000
7,policy,0,2908,4,4,1.0000
7,policy,0,2908,5,5,1.0000
7,policy,0,2908,6,6,1.0000
7,policy,0,2908,7,7,1.0000
7,policy,0,2908,8,8,1.0000
7,policy,0,4075,0,0,0.1299
7,policy,0,4075,1,1,0.1799
7,policy,0,4075,2,2,0.2489
7,policy,0,4075,3,3,0.0000
7,policy,0,4075,4,4,0.0000
7,policy,0,4075,5,5,0.0000
7,policy,0,4075,6,5,0.0000
7,policy,0,4075,7,6,0.0000
7,policy,0,4075,8,7,0.0000
7,policy,0,3106,0,0,0.2201
7,policy,0,3106,1,1,0.1370
7,policy,0,3106,2,2,0.0636
7,policy,0,3106,3,3,0.0694
7,policy,0,3106,4,4,0.0694
7,policy,0,3106,5,4,0.0694
7,policy,0,3106,6,5,0.0636
7,policy,0,3106,7,6,0.0000
7,policy,0,3106,8,7,0.0000
7,policy,0,759,0,0,0.1514
7,policy,0,759,1,0,0.1514
7,policy,0,759,2,0,0.1514
7,policy,0,759,3,1,0.2201
7,policy,0,759,4,1,0.2201
7,policy,0,759,5,2,0.2201
7,policy,0,759,6,3,0.2863
7,policy,0,759,7,4,0.2837
7,policy,0,759,8,4,0.2837
7,policy,0,5467,0,0,0.4858
7,policy,0,5467,1,1,0.4858
7,policy,0,5467,2,2,0.6281
7,policy,0,5467,3,3,0.6379
7,policy,0,5467,4,4,0.6285
7,policy,0,5467,5,5,0.6311
7,policy,0,5467,6,6,0.5685
7,policy,0,5467,7,7,0.5649
7,policy,0,5467,8,8,0.6321
7,policy,0,5744,0,0,0.4194
7,policy,0,5744,1,0,0.4194
7,policy,0,5744,2,1,0.3152
7,policy,0,5744,3,2,0.2436
7,policy,0,5744,4,3,0.3149
7,policy,0,5744,5,4,0.3301
7,policy,0,5744,6,5,0.3149
7,policy,0,5744,7,5,0.3149
7,policy,0,5744,8,6,0.3149
7,policy,0,3129,0,0,0.3621
7,policy,0,3129,1,0,0.3621
7,policy,0,3129,2,0,0.3621
7,policy,0,3129,3,1,0.0000
7,policy,0,3129,4,2,0.0000
7,policy,0,3129,5,2,0.0000
7,policy,0,3129,6,2,0.0000
7,policy,0,3129,7,2,0.0000
7,policy,0,3129,8,3,0.0000
7,policy,0,5990,0,0,0.0000
7,policy,0,5990,1,0,0.0000
7,policy,0,5990,2,1,0.0000
7,policy,0,5990,3,1,0.0000
7,policy,0,5990,4,2,0.0000
7,policy,0,5990,5,3,0.0000
7,policy,0,5990,6,4,0.0000
7,policy,0,5990,7,5,0.0000
7,policy,0,5990,8,6,0.0000
7,policy,0,306,0,0,0.2305
7,policy,0,306,1,1,0.3089
7,policy,0,306,2,2,0.2844
7,policy,0,306,3,3,0.3726
7,policy,0,306,4,4,0.3700
7,policy,0,306,5,5,0.3700
7,policy,0,306,6,6,0.3700
7,policy,0,306,7,7,0.3063
7,policy,0,306,8,7,0.3063
7,policy,0,3832,0,0,0.4548
7,policy,0,3832,1,1,0.4249
7,policy,0,3832,2,2,0.6372
7,policy,0,3832,3,3,0.6422
7,policy,0,3832,4,4,0.6422
7,policy,0,3832,5,5,0.6422
7,policy,0,3832,6,6,0.6372
7,policy,0,3832,7,7,0.6422
7,policy,0,3832,8,8,0.6489
7,policy,0,1356,0,0,0.0000
7,policy,0,1356,1,1,0.0694
7,policy,0,1356,2,2,0.0636
7,policy,0,1356,3,3,0.0663
7,policy,0,1356,4,4,0.0000
7,policy,0,1356,5,4,0.0000
7,policy,0,1356,6,5,0.0000
7,policy,0,1356,7,6,0.0000
7,policy,0,1356,8,7,0.0000
7,policy,0,5279,0,0,0.0783
7,policy,0,5279,1,0,0.0783
7,policy,0,5279,2,0,0.0783
7,policy,0,5279,3,1,0.0000
7,policy,0,5279,4,2,0.0000
7,policy,0,5279,5,3,0.0000
7,policy,0,5279,6,4,0.0000
7,policy,0,5279,7,5,0.0000
7,policy,0,5279,8,5,0.0000
7,policy,0,3201,0,0,0.1635
7,policy,0,3201,1,0,0.1635
7,policy,0,3201,2,1,0.5361
7,policy,0,3201,3,2,0.5167
7,policy,0,3201,4,3,0.4331
7,policy,0,3201,5,4,0.3975
7,policy,0,3201,6,5,0.3312
7,policy,0,3201,7,6,0.3312
7,policy,0,3201,8,7,0.3668
7,policy,0,370,0,0,0.0663
7,policy,0,370,1,1,0.2122
7,policy,0,370,2,2,0.2743
7,policy,0,370,3,3,0.3273
7,policy,0,370,4,4,0.4073
7,policy,0,370,5,5,0.3437
7,policy,0,370,6,6,0.3341
7,policy,0,370,7,7,0.3437
7,policy,0,370,8,7,0.3437
7,policy,0,2012,0,0,0.1389
7,policy,0,2012,1,1,0.3636
7,policy,0,2012,2,2,0.2785
7,policy,0,2012,3,3,0.2758
7,policy,0,2012,4,4,0.2785
7,policy,0,2012,5,5,0.2817
7,policy,0,2012,6,6,0.2817
7,policy,0,2012,7,7,0.2817
7,policy,0,2012,8,8,0.2817
7,policy,0,3899,0,0,0.8415
7,policy,0,3899,1,1,0.5959
7,policy,0,3899,2,2,0.8007
7,policy,0,3899,3,3,0.8669
7,policy,0,3899,4,4,0.8669
7,policy,0,3899,5,5,0.8669
7,policy,0,3899,6,6,0.8669
7,policy,0,3899,7,7,0.8643
7,policy,0,3899,8,8,0.8643
7,policy,0,2979,0,0,0.1518
7,policy,0,2979,1,1,0.2240
7,policy,0,2979,2,2,0.2025
7,policy,0,2979,3,3,0.2903
7,policy,0,2979,4,4,0.2337
7,policy,0,2979,5,5,0.2337
7,policy,0,2979,6,6,0.2337
7,policy,0,2979,7,7,0.2337
7,policy,0,2979,8,8,0.2337
7,policy,0,2748,0,0,0.3470
7,policy,0,2748,1,1,0.4189
7,policy,0,2748,2,2,0.4865
7,policy,0,2748,3,3,0.4106
7,policy,0,2748,4,4,0.4106
7,policy,0,2748,5,5,0.4576
7,policy,0,2748,6,6,0.4526
7,policy,0,2748,7,7,0.4362
7,policy,0,2748,8,8,0.4362
7,policy,0,821,0,0,0.3922
7,policy,0,821,1,0,0.3922
7,policy,0,821,2,1,0.3471
7,policy,0,821,3,2,0.2758
7,policy,0,821,4,3,0.4351
7,policy,0,821,5,4,0.3635
7,policy,0,821,6,5,0.2973
7,policy,0,821,7,6,0.2973
7,policy,0,821,8,7,0.2588
7,policy,0,3891,0,0,0.9216
7,policy,0,3891,1,1,0.9149
7,policy,0,3891,2,2,1.0000
7,policy,0,3891,3,3,1.0000
7,policy,0,3891,4,4,1.0000
7,policy,0,3891,5,5,1.0000
7,policy,0,3891,6,6,1.0000
7,policy,0,3891,7,7,1.0000
7,policy,0,3891,8,8,1.0000
7,policy,0,3250,0,0,0.1100
7,policy,0,3250,1,1,0.0734
7,policy,0,3250,2,1,0.0734
7,policy,0,3250,3,2,0.1420
7,policy,0,3250,4,2,0.1420
7,policy,0,3250,5,2,0.1420
7,policy,0,3250,6,3,0.0694
7,policy,0,3250,7,4,0.0694
7,policy,0,3250,8,5,0.0694
7,policy,0,4478,0,0,0.2337
7,policy,0,4478,1,1,0.4153
7,policy,0,4478,2,2,0.4381
7,policy,0,4478,3,3,0.3453
7,policy,0,4478,4,4,0.3453
7,policy,0,4478,5,5,0.3471
7,policy,0,4478,6,6,0.3471
7,policy,0,4478,7,7,0.3471
7,policy,0,4478,8,8,0.3471
7,policy,0,2536,0,0,0.7191
7,policy,0,2536,1,1,0.7975
7,policy,0,2536,2,2,0.8611
7,policy,0,2536,3,3,0.8611
7,policy,0,2536,4,4,0.8611
7,policy,0,2536,5,5,0.8205
7,policy,0,2536,6,6,0.8205
7,policy,0,2536,7,7,0.8205
7,policy,0,2536,8,8,0.8205
7,policy,0,1250,0,0,0.2935
7,policy,0,1250,1,0,0.2935
7,policy,0,1250,2,0,0.2935
7,policy,0,1250,3,1,0.2895
7,policy,0,1250,4,2,0.2935
7,policy,0,1250,5,3,0.2985
7,policy,0,1250,6,4,0.3052
7,policy,0,1250,7,5,0.3052
7,policy,0,1250,8,5,0.3052
7,policy,0,4763,0,0,0.0000
7,policy,0,4763,1,0,0.0000
7,policy,0,4763,2,0,0.0000
7,policy,0,4763,3,1,0.0000
7,policy,0,4763,4,2,0.0000
7,policy,0,4763,5,2,0.0000
7,policy,0,4763,6,2,0.0000
7,policy,0,4763,7,2,0.0000
7,policy,0,4763,8,3,0.0000
7,policy,0,4757,0,0,0.1610
7,policy,0,4757,1,0,0.1610
7,policy,0,4757,2,0,0.1610
7,policy,0,4757,3,1,0.0000
7,policy,0,4757,4,2,0.0000
7,policy,0,4757,5,2,0.0000
7,policy,0,4757,6,3,0.2173
7,policy,0,4757,7,4,0.2122
7,policy,0,4757,8,5,0.2083
7,policy,0,5792,0,0,0.0000
7,policy,0,5792,1,0,0.0000
7,policy,0,5792,2,0,0.0000
7,policy,0,5792,3,1,0.0000
7,policy,0,5792,4,2,0.0000
7,policy,0,5792,5,3,0.0000
7,policy,0,5792,6,4,0.0000
7,policy,0,5792,7,5,0.0000
7,policy,0,5792,8,5,0.0000
7,policy,0,6025,0,0,0.4833
7,policy,0,6025,1,0,0.4833
7,policy,0,6025,2,0,0.4833
7,policy,0,6025,3,1,0.0000
7,policy,0,6025,4,2,0.0000
7,policy,0,6025,5,3,0.0000
7,policy,0,6025,6,4,0.0000
7,policy,0,6025,7,5,0.0000
7,policy,0,6025,8,6,0.2966
7,policy,0,5989,0,0,0.0000
7,policy,0,5989,1,1,0.1100
7,policy,0,5989,2,2,0.0000
7,policy,0,5989,3,3,0.0734
7,policy,0,5989,4,4,0.0694
7,policy,0,5989,5,5,0.0694
7,policy,0,5989,6,6,0.0734
7,policy,0,5989,7,7,0.0694
7,policy,0,5989,8,8,0.0000
7,policy,0,1434,0,0,0.2201
7,policy,0,1434,1,1,0.2201
7,policy,0,1434,2,1,0.2201
7,policy,0,1434,3,2,0.2201
7,policy,0,1434,4,2,0.2201
7,policy,0,1434,5,2,0.2201
7,policy,0,1434,6,3,0.2201
7,policy,0,1434,7,4,0.2201
7,policy,0,1434,8,5,0.2201
7,policy,0,4950,0,0,0.5965
7,policy,0,4950,1,1,0.7859
7,policy,0,4950,2,2,0.7721
7,policy,0,4950,3,3,0.7779
7,policy,0,4950,4,4,0.7850
7,policy,0,4950,5,5,0.7850
7,policy,0,4950,6,6,0.7818
7,policy,0,4950,7,7,0.8454
7,policy,0,4950,8,8,0.7034
7,policy,0,4781,0,0,0.0000
7,policy,0,4781,1,1,0.0694
7,policy,0,4781,2,2,0.0000
7,policy,0,4781,3,3,0.0851
7,policy,0,4781,4,4,0.0784
7,policy,0,4781,5,5,0.0784
7,policy,0,4781,6,6,0.0851
7,policy,0,4781,7,7,0.0784
7,policy,0,4781,8,8,0.1514
7,policy,0,3169,0,0,0.2782
7,policy,0,3169,1,1,0.4518
7,policy,0,3169,2,2,0.5455
7,policy,0,3169,3,3,0.4787
7,policy,0,3169,4,4,0.4737
7,policy,0,3169,5,4,0.4737
7,policy,0,3169,6,5,0.4697
7,policy,0,3169,7,6,0.4035
7,policy,0,3169,8,7,0.4074
7,policy,0,574,0,0,0.3379
7,policy,0,574,1,0,0.3379
7,policy,0,574,2,1,0.8486
7,policy,0,574,3,2,0.8553
7,policy,0,574,4,3,0.7753
7,policy,0,574,5,4,0.7753
7,policy,0,574,6,5,0.7601
7,policy,0,574,7,6,0.7313
7,policy,0,574,8,7,0.7313
7,policy,0,955,0,0,0.6365
7,policy,0,955,1,0,0.6365
7,policy,0,955,2,1,0.4265
7,policy,0,955,3,2,0.4035
7,policy,0,955,4,3,0.2863
7,policy,0,955,5,4,0.2837
7,policy,0,955,6,5,0.2895
7,policy,0,955,7,6,0.2201
7,policy,0,955,8,7,0.3571
7,policy,0,3445,0,0,0.2240
7,policy,0,3445,1,0,0.2240
7,policy,0,3445,2,0,0.2240
7,policy,0,3445,3,1,0.0000
7,policy,0,3445,4,1,0.0000
7,policy,0,3445,5,1,0.0000
7,policy,0,3445,6,2,0.0948
7,policy,0,3445,7,3,0.1100
7,policy,0,3445,8,3,0.1100
7,policy,0,585,0,0,0.5326
7,policy,0,585,1,0,0.5326
7,policy,0,585,2,0,0.5326
7,policy,0,585,3,1,0.3597
7,policy,0,585,4,2,0.2985
7,policy,0,585,5,3,0.3052
7,policy,0,585,6,4,0.3052
7,policy,0,585,7,5,0.3052
7,policy,0,585,8,6,0.4233
7,policy,0,5503,0,0,0.5915
7,policy,0,5503,1,1,0.8486
7,policy,0,5503,2,2,1.0000
7,policy,0,5503,3,3,1.0000
7,policy,0,5503,4,4,1.0000
7,policy,0,5503,5,5,1.0000
7,policy,0,5503,6,6,1.0000
7,policy,0,5503,7,7,1.0000
7,policy,0,5503,8,8,1.0000
7,policy,0,362,0,0,0.0000
7,policy,0,362,1,0,0.0000
7,policy,0,362,2,1,0.0000
7,policy,0,362,3,1,0.0000
7,policy,0,362,4,2,0.0000
7,policy,0,362,5,3,0.0000
7,policy,0,362,6,4,0.0000
7,policy,0,362,7,5,0.0000
7,policy,0,362,8,6,0.0000
7,policy,0,3332,0,0,0.6236
7,policy,0,3332,1,1,0.3621
7,policy,0,3332,2,2,0.4569
7,policy,0,3332,3,3,0.5442
7,policy,0,3332,4,4,0.5416
7,policy,0,3332,5,5,0.4748
7,policy,0,3332,6,6,0.5010
7,policy,0,3332,7,7,0.5010
7,policy,0,3332,8,8,0.5010
7,policy,0,554,0,0,0.0000
7,policy,0,554,1,0,0.0000
7,policy,0,554,2,0,0.0000
7,policy,0,554,3,1,0.0851
7,policy,0,554,4,2,0.0851
7,policy,0,554,5,3,0.0784
7,policy,0,554,6,4,0.0784
7,policy,0,554,7,4,0.0784
7,policy,0,554,8,4,0.0784
7,policy,0,3282,0,0,0.3621
7,policy,0,3282,1,1,0.6497
7,policy,0,3282,2,2,0.6471
7,policy,0,3282,3,3,0.6403
7,policy,0,3282,4,4,0.6403
7,policy,0,3282,5,5,0.5549
7,policy,0,3282,6,6,0.5510
7,policy,0,3282,7,7,0.6719
7,policy,0,3282,8,8,0.6431
7,policy,0,5925,0,0,0.1737
7,policy,0,5925,1,0,0.1737
7,policy,0,5925,2,1,0.4106
7,policy,0,5925,3,2,0.4706
7,policy,0,5925,4,3,0.4925
7,policy,0,5925,5,4,0.4925
7,policy,0,5925,6,5,0.5022
7,policy,0,5925,7,6,0.5022
7,policy,0,5925,8,7,0.5022
7,policy,0,1610,0,0,0.7156
7,policy,0,1610,1,1,0.5801
7,policy,0,1610,2,2,0.6620
7,policy,0,1610,3,3,0.6582
7,policy,0,1610,4,4,0.6582
7,policy,0,1610,5,5,0.6628
7,policy,0,1610,6,6,0.6628
7,policy,0,1610,7,7,0.6628
7,policy,0,1610,8,8,0.6582
7,policy,0,3354,0,0,0.2240
7,policy,0,3354,1,0,0.2240
7,policy,0,3354,2,0,0.2240
7,policy,0,3354,3,1,0.0734
7,policy,0,3354,4,2,0.0784
7,policy,0,3354,5,3,0.0851
7,policy,0,3354,6,4,0.0851
7,policy,0,3354,7,4,0.0851
7,policy,0,3354,8,4,0.0851
7,policy,0,1693,0,0,0.8318
7,policy,0,1693,1,1,0.8630
7,policy,0,1693,2,2,0.8482
7,policy,0,1693,3,3,0.8482
7,policy,0,1693,4,4,0.8482
7,policy,0,1693,5,5,0.8522
7,policy,0,1693,6,6,0.8572
7,policy,0,1693,7,7,0.8572
7,policy,0,1693,8,8,0.8572
7,policy,0,1856,0,0,0.0784
7,policy,0,1856,1,0,0.0784
7,policy,0,1856,2,0,0.0784
7,policy,0,1856,3,1,0.2533
7,policy,0,1856,4,2,0.2533
7,policy,0,1856,5,2,0.2533
7,policy,0,1856,6,3,0.2583
7,policy,0,1856,7,4,0.3195
7,policy,0,1856,8,5,0.3246
7,policy,0,984,0,0,0.8669
7,policy,0,984,1,1,0.9337
7,policy,0,984,2,2,0.8643
7,policy,0,984,3,3,0.8701
7,policy,0,984,4,4,0.8701
7,policy,0,984,5,5,0.8669
7,policy,0,984,6,6,0.8669
7,policy,0,984,7,7,0.8701
7,policy,0,984,8,8,0.8701
7,policy,0,2490,0,0,0.2974
7,policy,0,2490,1,0,0.2974
7,policy,0,2490,2,0,0.2974
7,policy,0,2490,3,1,0.5669
7,policy,0,2490,4,2,0.5669
7,policy,0,2490,5,3,0.5958
7,policy,0,2490,6,4,0.6051
7,policy,0,2490,7,5,0.6025
7,policy,0,2490,8,6,0.4951
7,policy,0,2395,0,0,0.0663
7,policy,0,2395,1,0,0.0663
7,policy,0,2395,2,0,0.0663
7,policy,0,2395,3,1,0.4441
7,policy,0,2395,4,2,0.4537
7,policy,0,2395,5,3,0.4690
7,policy,0,2395,6,4,0.4690
7,policy,0,2395,7,5,0.4690
7,policy,0,2395,8,5,0.4690
7,policy,0,4666,0,0,0.0000
7,policy,0,4666,1,0,0.0000
7,policy,0,4666,2,0,0.0000
7,policy,0,4666,3,1,0.1546
7,policy,0,4666,4,2,0.1682
7,policy,0,4666,5,3,0.1732
7,policy,0,4666,6,4,0.2436
7,policy,0,4666,7,5,0.2436
7,policy,0,4666,8,5,0.2436
7,policy,0,4638,0,0,0.2201
7,policy,0,4638,1,0,0.2201
7,policy,0,4638,2,1,0.2201
7,policy,0,4638,3,1,0.2201
7,policy,0,4638,4,2,0.2201
7,policy,0,4638,5,3,0.2201
7,policy,0,4638,6,3,0.2201
7,policy,0,4638,7,4,0.2201
7,policy,0,4638,8,5,0.2201
7,policy,0,1726,0,0,0.3539
7,policy,0,1726,1,1,0.8454
7,policy,0,1726,2,2,0.7936
7,policy,0,1726,3,3,0.7910
7,policy,0,1726,4,4,0.7273
7,policy,0,1726,5,5,0.7273
7,policy,0,1726,6,6,0.7910
7,policy,0,1726,7,7,0.7910
7,policy,0,1726,8,8,0.7910
7,policy,0,1544,0,0,0.2489
7,policy,0,1544,1,1,0.3348
7,policy,0,1544,2,2,0.4139
7,policy,0,1544,3,3,0.3183
7,policy,0,1544,4,4,0.2579
7,policy,0,1544,5,5,0.2618
7,policy,0,1544,6,6,0.2547
7,policy,0,1544,7,7,0.2618
7,policy,0,1544,8,8,0.3476
7,policy,0,1401,0,0,0.6253
7,policy,0,1401,1,0,0.6253
7,policy,0,1401,2,0,0.6253
7,policy,0,1401,3,1,0.2837
7,policy,0,1401,4,2,0.3531
7,policy,0,1401,5,3,0.3341
7,policy,0,1401,6,4,0.2974
7,policy,0,1401,7,4,0.2974
7,policy,0,1401,8,4,0.2974
7,policy,0,1712,0,0,0.0000
7,policy,0,1712,1,0,0.0000
7,policy,0,1712,2,1,0.0000
7,policy,0,1712,3,1,0.0000
7,policy,0,1712,4,2,0.0000
7,policy,0,1712,5,2,0.0000
7,policy,0,1712,6,3,0.0000
7,policy,0,1712,7,4,0.0000
7,policy,0,1712,8,5,0.0000
7,policy,0,1348,0,0,0.2999
7,policy,0,1348,1,1,0.4888
7,policy,0,1348,2,2,0.6332
7,policy,0,1348,3,3,0.5396
7,policy,0,1348,4,4,0.5396
7,policy,0,1348,5,5,0.5513
7,policy,0,1348,6,6,0.5513
7,policy,0,1348,7,7,0.5482
7,policy,0,1348,8,8,0.5357
7,policy,0,4769,0,0,0.0000
7,policy,0,4769,1,0,0.0000
7,policy,0,4769,2,0,0.0000
7,policy,0,4769,3,1,0.0851
7,policy,0,4769,4,2,0.0948
7,policy,0,4769,5,3,0.1952
7,policy,0,4769,6,4,0.0000
7,policy,0,4769,7,4,0.0000
7,policy,0,4769,8,5,0.0000
7,policy,0,3915,0,0,1.0000
7,policy,0,3915,1,1,0.8900
7,policy,0,3915,2,2,0.8900
7,policy,0,3915,3,3,0.8900
7,policy,0,3915,4,4,0.8900
7,policy,0,3915,5,5,0.9052
7,policy,0,3915,6,6,0.9052
7,policy,0,3915,7,7,0.9052
7,policy,0,3915,8,8,0.9052
7,policy,0,3137,0,0,0.1518
7,policy,0,3137,1,1,0.2344
7,policy,0,3137,2,2,0.1514
7,policy,0,3137,3,3,0.1585
7,policy,0,3137,4,4,0.1585
7,policy,0,3137,5,5,0.1546
7,policy,0,3137,6,6,0.1546
7,policy,0,3137,7,7,0.1546
7,policy,0,3137,8,8,0.2150
7,policy,0,3056,0,0,0.3531
7,policy,0,3056,1,0,0.3531
7,policy,0,3056,2,0,0.3531
7,policy,0,3056,3,1,0.5384
7,policy,0,3056,4,2,0.5541
7,policy,0,3056,5,3,0.5474
7,policy,0,3056,6,4,0.5541
7,policy,0,3056,7,5,0.5638
7,policy,0,3056,8,6,0.5638
7,policy,0,3344,0,0,0.1100
7,policy,0,3344,1,1,0.2201
7,policy,0,3344,2,2,0.3571
7,policy,0,3344,3,3,0.3597
7,policy,0,3344,4,4,0.3597
7,policy,0,3344,5,5,0.3597
7,policy,0,3344,6,6,0.3597
7,policy,0,3344,7,7,0.3597
7,policy,0,3344,8,8,0.3597
7,policy,0,2009,0,0,0.8358
7,policy,0,2009,1,1,0.8630
7,policy,0,2009,2,2,0.7020
7,policy,0,2009,3,3,0.7788
7,policy,0,2009,4,4,0.7721
7,policy,0,2009,5,5,0.7624
7,policy,0,2009,6,6,0.7624
7,policy,0,2009,7,7,0.7624
7,policy,0,2009,8,8,0.7624
7,policy,0,2794,0,0,0.0000
7,policy,0,2794,1,1,0.2685
7,policy,0,2794,2,2,0.2344
7,policy,0,2794,3,3,0.1682
7,policy,0,2794,4,4,0.1682
7,policy,0,2794,5,4,0.1682
7,policy,0,2794,6,5,0.1610
7,policy,0,2794,7,6,0.1584
7,policy,0,2794,8,7,0.1584
7,policy,0,5653,0,0,0.8611
7,policy,0,5653,1,1,0.7467
7,policy,0,5653,2,2,0.6872
7,policy,0,5653,3,3,0.7728
7,policy,0,5653,4,4,0.8365
7,policy,0,5653,5,5,0.8365
7,policy,0,5653,6,6,0.8365
7,policy,0,5653,7,7,0.8365
7,policy,0,5653,8,8,0.8454
7,policy,0,5615,0,0,0.3964
7,policy,0,5615,1,1,0.4912
7,policy,0,5615,2,2,0.4035
7,policy,0,5615,3,3,0.5416
7,policy,0,5615,4,4,0.5442
7,policy,0,5615,5,5,0.5442
7,policy,0,5615,6,6,0.5442
7,policy,0,5615,7,7,0.5442
7,policy,0,5615,8,8,0.5573
7,policy,0,3884,0,0,0.2867
7,policy,0,3884,1,1,0.5740
7,policy,0,3884,2,2,0.5743
7,policy,0,3884,3,3,0.6659
7,policy,0,3884,4,4,0.6659
7,policy,0,3884,5,5,0.6777
7,policy,0,3884,6,6,0.6777
7,policy,0,3884,7,7,0.7026
7,policy,0,3884,8,8,0.7097
7,policy,0,399,0,0,0.4153
7,policy,0,399,1,0,0.4153
7,policy,0,399,2,0,0.4153
7,policy,0,399,3,1,0.1514
7,policy,0,399,4,2,0.1357
7,policy,0,399,5,2,0.1357
7,policy,0,399,6,3,0.1396
7,policy,0,399,7,4,0.1357
7,policy,0,399,8,5,0.1357
7,policy,0,4972,0,0,0.3347
7,policy,0,4972,1,0,0.3347
7,policy,0,4972,2,0,0.3347
7,policy,0,4972,3,1,0.1299
7,policy,0,4972,4,2,0.1357
7,policy,0,4972,5,3,0.1396
7,policy,0,4972,6,4,0.1331
7,policy,0,4972,7,5,0.1370
7,policy,0,4972,8,5,0.1370
7,policy,0,6,0,0,0.1585
7,policy,0,6,1,0,0.1585
7,policy,0,6,2,1,0.4473
7,policy,0,6,3,2,0.3933
7,policy,0,6,4,3,0.3783
7,policy,0,6,5,4,0.3687
7,policy,0,6,6,5,0.3718
7,policy,0,6,7,6,0.3718
7,policy,0,6,8,7,0.4531
7,policy,0,4963,0,0,0.5290
7,policy,0,4963,1,1,0.8318
7,policy,0,4963,2,2,0.7670
7,policy,0,4963,3,3,0.8237
7,policy,0,4963,4,4,0.8205
7,policy,0,4963,5,5,0.8205
7,policy,0,4963,6,6,0.7569
7,policy,0,4963,7,7,0.8205
7,policy,0,4963,8,8,0.9306
7,policy,0,666,0,0,0.2895
7,policy,0,666,1,1,0.2394
7,policy,0,666,2,2,0.2330
7,policy,0,666,3,3,0.2426
7,policy,0,666,4,4,0.2426
7,policy,0,666,5,5,0.2426
7,policy,0,666,6,6,0.2579
7,policy,0,666,7,7,0.2579
7,policy,0,666,8,8,0.2867
7,policy,0,2621,0,0,0.0000
7,policy,0,2621,1,0,0.0000
7,policy,0,2621,2,0,0.0000
7,policy,0,2621,3,1,0.0000
7,policy,0,2621,4,2,0.0000
7,policy,0,2621,5,2,0.0000
7,policy,0,2621,6,3,0.0000
7,policy,0,2621,7,4,0.0000
7,policy,0,2621,8,5,0.0000
7,policy,0,465,0,0,0.4537
7,policy,0,465,1,1,0.2201
7,policy,0,465,2,1,0.2201
7,policy,0,465,3,2,0.3786
7,policy,0,465,4,3,0.3786
7,policy,0,465,5,3,0.3786
7,policy,0,465,6,4,0.3786
7,policy,0,465,7,5,0.3715
7,policy,0,465,8,5,0.3715
7,policy,0,2226,0,0,0.5989
7,policy,0,2226,1,1,0.6937
7,policy,0,2226,2,2,0.6051
7,policy,0,2226,3,3,0.5696
7,policy,0,2226,4,4,0.5696
7,policy,0,2226,5,5,0.5669
7,policy,0,2226,6,6,0.5737
7,policy,0,2226,7,7,0.5696
7,policy,0,2226,8,8,0.5645
7,policy,0,1528,0,0,0.0000
7,policy,0,1528,1,0,0.0000
7,policy,0,1528,2,1,0.0948
7,policy,0,1528,3,1,0.0948
7,policy,0,1528,4,2,0.0784
7,policy,0,1528,5,2,0.0784
7,policy,0,1528,6,3,0.0694
7,policy,0,1528,7,4,0.0694
7,policy,0,1528,8,5,0.0694
7,policy,0,247,0,0,0.2173
7,policy,0,247,1,0,0.2173
7,policy,0,247,2,0,0.2173
7,policy,0,247,3,1,0.5638
7,policy,0,247,4,2,0.5638
7,policy,0,247,5,3,0.5638
7,policy,0,247,6,4,0.5638
7,policy,0,247,7,5,0.5638
7,policy,0,247,8,6,0.5638
7,policy,0,5648,0,0,0.3660
7,policy,0,5648,1,0,0.3660
7,policy,0,5648,2,1,0.2240
7,policy,0,5648,3,2,0.2173
7,policy,0,5648,4,3,0.2240
7,policy,0,5648,5,4,0.3052
7,policy,0,5648,6,5,0.3052
7,policy,0,5648,7,6,0.3052
7,policy,0,5648,8,7,0.3052
7,policy,0,3710,0,0,0.2090
7,policy,0,3710,1,0,0.2090
7,policy,0,3710,2,1,0.1737
7,policy,0,3710,3,2,0.1584
7,policy,0,3710,4,3,0.1488
7,policy,0,3710,5,4,0.1488
7,policy,0,3710,6,5,0.0851
7,policy,0,3710,7,6,0.0851
7,policy,0,3710,8,7,0.0948
7,policy,0,4163,0,0,0.0000
7,policy,0,4163,1,0,0.0000
7,policy,0,4163,2,0,0.0000
7,policy,0,4163,3,1,0.0694
7,policy,0,4163,4,2,0.0636
7,policy,0,4163,5,3,0.0000
7,policy,0,4163,6,4,0.0000
7,policy,0,4163,7,4,0.0000
7,policy,0,4163,8,4,0.0000
7,policy,0,4625,0,0,0.7066
7,policy,0,4625,1,1,0.5232
7,policy,0,4625,2,2,0.4600
7,policy,0,4625,3,3,0.5364
7,policy,0,4625,4,4,0.5220
7,policy,0,4625,5,5,0.5220
7,policy,0,4625,6,6,0.5373
7,policy,0,4625,7,7,0.6236
7,policy,0,4625,8,8,0.5423
7,policy,0,1121,0,0,0.3917
7,policy,0,1121,1,1,0.5232
7,policy,0,1121,2,2,0.5321
7,policy,0,1121,3,3,0.6137
7,policy,0,1121,4,4,0.6137
7,policy,0,1121,5,5,0.6110
7,policy,0,1121,6,6,0.6110
7,policy,0,1121,7,7,0.6137
7,policy,0,1121,8,8,0.6137
7,policy,0,4026,0,0,0.2835
7,policy,0,4026,1,1,0.5728
7,policy,0,4026,2,2,0.5737
7,policy,0,4026,3,3,0.5573
7,policy,0,4026,4,4,0.6236
7,policy,0,4026,5,5,0.5479
7,policy,0,4026,6,6,0.5479
7,policy,0,4026,7,7,0.5428
7,policy,0,4026,8,8,0.5428
7,policy,0,1685,0,0,0.0000
7,policy,0,1685,1,0,0.0000
7,policy,0,1685,2,0,0.0000
7,policy,0,1685,3,1,0.0000
7,policy,0,1685,4,2,0.0000
7,policy,0,1685,5,3,0.0000
7,policy,0,1685,6,4,0.0000
7,policy,0,1685,7,5,0.0000
7,policy,0,1685,8,6,0.0000
7,policy,0,248,0,0,0.1357
7,policy,0,248,1,1,0.3660
7,policy,0,248,2,2,0.3718
7,policy,0,248,3,3,0.3610
7,policy,0,248,4,4,0.3660
7,policy,0,248,5,5,0.3660
7,policy,0,248,6,6,0.3660
7,policy,0,248,7,7,0.3660
7,policy,0,248,8,8,0.3610
7,policy,0,1221,0,0,0.1585
7,policy,0,1221,1,0,0.1585
7,policy,0,1221,2,0,0.1585
7,policy,0,1221,3,1,0.2201
7,policy,0,1221,4,2,0.2201
7,policy,0,1221,5,3,0.2201
7,policy,0,1221,6,4,0.2201
7,policy,0,1221,7,5,0.2201
7,policy,0,1221,8,6,0.2201
7,policy,0,132,0,0,0.4499
7,policy,0,132,1,0,0.4499
7,policy,0,132,2,0,0.4499
7,policy,0,132,3,1,0.1370
7,policy,0,132,4,2,0.1993
7,policy,0,132,5,3,0.1396
7,policy,0,132,6,4,0.1357
7,policy,0,132,7,5,0.1993
7,policy,0,132,8,6,0.1993
7,policy,0,2718,0,0,0.3437
7,policy,0,2718,1,1,0.1795
7,policy,0,2718,2,1,0.1795
7,policy,0,2718,3,2,0.0694
7,policy,0,2718,4,3,0.0694
7,policy,0,2718,5,3,0.0694
7,policy,0,2718,6,4,0.0694
7,policy,0,2718,7,5,0.0694
7,policy,0,2718,8,6,0.2032
7,policy,0,507,0,0,0.2173
7,policy,0,507,1,1,0.4537
7,policy,0,507,2,2,0.3052
7,policy,0,507,3,3,0.2985
7,policy,0,507,4,4,0.2985
7,policy,0,507,5,5,0.2985
7,policy,0,507,6,6,0.3052
7,policy,0,507,7,7,0.2985
7,policy,0,507,8,8,0.2935
7,policy,0,4786,0,0,0.0000
7,policy,0,4786,1,0,0.0000
7,policy,0,4786,2,1,0.0955
7,policy,0,4786,3,2,0.0000
7,policy,0,4786,4,3,0.0875
7,policy,0,4786,5,3,0.0875
7,policy,0,4786,6,3,0.0875
7,policy,0,4786,7,4,0.0000
7,policy,0,4786,8,5,0.0875
7,policy,0,241,0,0,0.3052
7,policy,0,241,1,0,0.3052
7,policy,0,241,2,1,0.0663
7,policy,0,241,3,2,0.0636
7,policy,0,241,4,3,0.0694
7,policy,0,241,5,4,0.0694
7,policy,0,241,6,5,0.0694
7,policy,0,241,7,6,0.0694
7,policy,0,241,8,7,0.0694
7,policy,0,2456,0,0,0.4482
7,policy,0,2456,1,1,0.5730
7,policy,0,2456,2,2,0.7059
7,policy,0,2456,3,3,0.6969
7,policy,0,2456,4,4,0.6969
7,policy,0,2456,5,5,0.7020
7,policy,0,2456,6,6,0.7020
7,policy,0,2456,7,7,0.6969
7,policy,0,2456,8,8,0.6969
7,policy,0,3202,0,0,0.4570
7,policy,0,3202,1,1,0.2686
7,policy,0,3202,2,2,0.4202
7,policy,0,3202,3,3,0.4320
7,policy,0,3202,4,4,0.4320
7,policy,0,3202,5,5,0.4328
7,policy,0,3202,6,6,0.4260
7,policy,0,3202,7,7,0.2736
7,policy,0,3202,8,8,0.3398
7,policy,0,62,0,0,0.2201
7,policy,0,62,1,0,0.2201
7,policy,0,62,2,1,0.3621
7,policy,0,62,3,1,0.3621
7,policy,0,62,4,2,0.3811
7,policy,0,62,5,3,0.3811
7,policy,0,62,6,4,0.3811
7,policy,0,62,7,5,0.3811
7,policy,0,62,8,6,0.3811
7,policy,0,3811,0,0,0.4346
7,policy,0,3811,1,0,0.4346
7,policy,0,3811,2,1,0.6898
7,policy,0,3811,3,2,0.6872
7,policy,0,3811,4,3,0.6844
7,policy,0,3811,5,4,0.6962
7,policy,0,3811,6,5,0.6962
7,policy,0,3811,7,6,0.6962
7,policy,0,3811,8,7,0.6962
7,policy,0,4901,0,0,0.3183
7,policy,0,4901,1,1,0.0734
7,policy,0,4901,2,2,0.1299
7,policy,0,4901,3,3,0.4986
7,policy,0,4901,4,4,0.5068
7,policy,0,4901,5,5,0.5104
7,policy,0,4901,6,5,0.5104
7,policy,0,4901,7,6,0.4885
7,policy,0,4901,8,7,0.5077
7,policy,0,4689,0,0,0.2906
7,policy,0,4689,1,1,0.5885
7,policy,0,4689,2,2,0.6497
7,policy,0,4689,3,3,0.6911
7,policy,0,4689,4,4,0.6911
7,policy,0,4689,5,4,0.6911
7,policy,0,4689,6,5,0.6872
7,policy,0,4689,7,6,0.6204
7,policy,0,4689,8,7,0.6204
7,policy,0,2509,0,0,0.2122
7,policy,0,2509,1,0,0.2122
7,policy,0,2509,2,0,0.2122
7,policy,0,2509,3,1,0.4537
7,policy,0,2509,4,2,0.4441
7,policy,0,2509,5,2,0.4441
7,policy,0,2509,6,3,0.4441
7,policy,0,2509,7,4,0.4441
7,policy,0,2509,8,5,0.4441
7,policy,0,5274,0,0,0.0694
7,policy,0,5274,1,0,0.0694
7,policy,0,5274,2,0,0.0694
7,policy,0,5274,3,1,0.1389
7,policy,0,5274,4,2,0.2051
7,policy,0,5274,5,3,0.2051
7,policy,0,5274,6,4,0.2051
7,policy,0,5274,7,5,0.2051
7,policy,0,5274,8,5,0.2051
7,policy,0,5586,0,0,0.0000
7,policy,0,5586,1,0,0.0000
7,policy,0,5586,2,0,0.0000
7,policy,0,5586,3,1,0.0000
7,policy,0,5586,4,2,0.0000
7,policy,0,5586,5,3,0.0000
7,policy,0,5586,6,4,0.0000
7,policy,0,5586,7,5,0.0000
7,policy,0,5586,8,5,0.0000
7,policy,0,9,0,0,0.4643
7,policy,0,9,1,1,0.5112
7,policy,0,9,2,2,0.6067
7,policy,0,9,3,3,0.7721
7,policy,0,9,4,4,0.7779
7,policy,0,9,5,5,0.7850
7,policy,0,9,6,6,0.7850
7,policy,0,9,7,7,0.7917
7,policy,0,9,8,8,0.7917
7,policy,0,863,0,0,0.0694
7,policy,0,863,1,1,0.0000
7,policy,0,863,2,2,0.0000
7,policy,0,863,3,3,0.2180
7,policy,0,863,4,4,0.2212
7,policy,0,863,5,4,0.2212
7,policy,0,863,6,5,0.2212
7,policy,0,863,7,6,0.2212
7,policy,0,863,8,7,0.1610
7,policy,0,2370,0,0,0.0000
7,policy,0,2370,1,0,0.0000
7,policy,0,2370,2,0,0.0000
7,policy,0,2370,3,1,0.0000
7,policy,0,2370,4,2,0.0000
7,policy,0,2370,5,3,0.0000
7,policy,0,2370,6,4,0.0000
7,policy,0,2370,7,5,0.0000
7,policy,0,2370,8,6,0.0000
7,policy,0,3588,0,0,0.5716
7,policy,0,3588,1,1,0.8630
7,policy,0,3588,2,2,0.9364
7,policy,0,3588,3,3,0.8669
7,policy,0,3588,4,4,0.9306
7,policy,0,3588,5,5,0.9337
7,policy,0,3588,6,6,0.9337
7,policy,0,3588,7,7,0.9306
7,policy,0,3588,8,8,0.8669
7,policy,0,2915,0,0,0.0636
7,policy,0,2915,1,1,0.2935
7,policy,0,2915,2,2,0.3715
7,policy,0,2915,3,3,0.4284
7,policy,0,2915,4,4,0.4323
7,policy,0,2915,5,5,0.4374
7,policy,0,2915,6,6,0.4284
7,policy,0,2915,7,7,0.4374
7,policy,0,2915,8,8,0.2201
7,policy,0,4407,0,0,0.4669
7,policy,0,4407,1,1,0.6062
7,policy,0,4407,2,2,0.4737
7,policy,0,4407,3,3,0.4572
7,policy,0,4407,4,4,0.4572
7,policy,0,4407,5,5,0.4572
7,policy,0,4407,6,6,0.3936
7,policy,0,4407,7,7,0.3967
7,policy,0,4407,8,8,0.4124
7,policy,0,2416,0,0,0.0000
7,policy,0,2416,1,0,0.0000
7,policy,0,2416,2,0,0.0000
7,policy,0,2416,3,0,0.0000
7,policy,0,2416,4,1,0.0000
7,policy,0,2416,5,1,0.0000
7,policy,0,2416,6,1,0.0000
7,policy,0,2416,7,2,0.0000
7,policy,0,2416,8,2,0.0000
7,policy,0,5173,0,0,0.0000
7,policy,0,5173,1,0,0.0000
7,policy,0,5173,2,0,0.0000
7,policy,0,5173,3,0,0.0000
7,policy,0,5173,4,1,0.1100
7,policy,0,5173,5,1,0.1100
7,policy,0,5173,6,1,0.1100
7,policy,0,5173,7,2,0.1100
7,policy,0,5173,8,2,0.1100
7,policy,0,4915,0,0,0.2201
7,policy,0,4915,1,0,0.2201
7,policy,0,4915,2,1,0.2201
7,policy,0,4915,3,2,0.2201
7,policy,0,4915,4,3,0.2201
7,policy,0,4915,5,4,0.2201
7,policy,0,4915,6,5,0.2201
7,policy,0,4915,7,6,0.2201
7,policy,0,4915,8,7,0.2201
7,policy,0,4446,0,0,0.5036
7,policy,0,4446,1,1,0.5834
7,policy,0,4446,2,2,0.5885
7,policy,0,4446,3,3,0.6547
7,policy,0,4446,4,4,0.6547
7,policy,0,4446,5,5,0.6579
7,policy,0,4446,6,6,0.6579
7,policy,0,4446,7,7,0.6579
7,policy,0,4446,8,8,0.6867
7,policy,0,5549,0,0,0.8390
7,policy,0,5549,1,1,0.8900
7,policy,0,5549,2,2,0.8611
7,policy,0,5549,3,3,0.8611
7,policy,0,5549,4,4,0.8611
7,policy,0,5549,5,5,0.8611
7,policy,0,5549,6,6,0.8611
7,policy,0,5549,7,7,0.8611
7,policy,0,5549,8,8,0.8611
7,policy,0,2431,0,0,0.5672
7,policy,0,2431,1,0,0.5672
7,policy,0,2431,2,0,0.5672
7,policy,0,2431,3,1,0.6937
7,policy,0,2431,4,2,0.6911
7,policy,0,2431,5,3,0.6332
7,policy,0,2431,6,4,0.6332
7,policy,0,2431,7,5,0.6937
7,policy,0,2431,8,6,0.6300
7,policy,0,4918,0,0,0.4807
7,policy,0,4918,1,0,0.4807
7,policy,0,4918,2,0,0.4807
7,policy,0,4918,3,1,0.2122
7,policy,0,4918,4,2,0.2173
7,policy,0,4918,5,3,0.2240
7,policy,0,4918,6,4,0.6122
7,policy,0,4918,7,5,0.6122
7,policy,0,4918,8,6,0.6208
7,policy,0,3343,0,0,0.3301
7,policy,0,3343,1,1,0.4784
7,policy,0,3343,2,2,0.5200
7,policy,0,3343,3,3,0.4233
7,policy,0,3343,4,4,0.3647
7,policy,0,3343,5,5,0.3621
7,policy,0,3343,6,6,0.3500
7,policy,0,3343,7,7,0.2837
7,policy,0,3343,8,7,0.2837
7,policy,0,3736,0,0,0.3706
7,policy,0,3736,1,1,0.1737
7,policy,0,3736,2,2,0.4342
7,policy,0,3736,3,3,0.4480
7,policy,0,3736,4,4,0.5117
7,policy,0,3736,5,5,0.5045
7,policy,0,3736,6,6,0.4166
7,policy,0,3736,7,7,0.4304
7,policy,0,3736,8,8,0.3668
7,policy,0,2110,0,0,0.0000
7,policy,0,2110,1,0,0.0000
7,policy,0,2110,2,0,0.0000
7,policy,0,2110,3,1,0.0000
7,policy,0,2110,4,1,0.0000
7,policy,0,2110,5,1,0.0000
7,policy,0,2110,6,1,0.0000
7,policy,0,2110,7,2,0.0000
7,policy,0,2110,8,2,0.0000
7,policy,0,3782,0,0,0.2350
7,policy,0,3782,1,0,0.2350
7,policy,0,3782,2,0,0.2350
7,policy,0,3782,3,1,0.2350
7,policy,0,3782,4,1,0.2350
7,policy,0,3782,5,1,0.2350
7,policy,0,3782,6,2,0.2350
7,policy,0,3782,7,3,0.2350
7,policy,0,3782,8,3,0.2350
7,policy,0,5362,0,0,0.4572
7,policy,0,5362,1,0,0.4572
7,policy,0,5362,2,1,0.5072
7,policy,0,5362,3,2,0.5658
7,policy,0,5362,4,3,0.5072
7,policy,0,5362,5,4,0.5072
7,policy,0,5362,6,5,0.5709
7,policy,0,5362,7,6,0.5072
7,policy,0,5362,8,7,0.5709
7,policy,0,4839,0,0,0.0734
7,policy,0,4839,1,0,0.0734
7,policy,0,4839,2,0,0.0734
7,policy,0,4839,3,1,0.0948
7,policy,0,4839,4,2,0.0948
7,policy,0,4839,5,3,0.0851
7,policy,0,4839,6,4,0.0851
7,policy,0,4839,7,5,0.0851
7,policy,0,4839,8,5,0.0851
7,policy,0,5739,0,0,0.4309
7,policy,0,5739,1,0,0.4309
7,policy,0,5739,2,1,0.3058
7,policy,0,5739,3,2,0.3058
7,policy,0,5739,4,3,0.3917
7,policy,0,5739,5,4,0.4040
7,policy,0,5739,6,5,0.4084
7,policy,0,5739,7,6,0.4084
7,policy,0,5739,8,7,0.3405
7,policy,0,4541,0,0,0.0000
7,policy,0,4541,1,0,0.0000
7,policy,0,4541,2,0,0.0000
7,policy,0,4541,3,1,0.3120
7,policy,0,4541,4,2,0.2876
7,policy,0,4541,5,3,0.2903
7,policy,0,4541,6,4,0.2835
7,policy,0,4541,7,4,0.2835
7,policy,0,4541,8,4,0.2835
7,policy,0,5964,0,0,0.2350
7,policy,0,5964,1,0,0.2350
7,policy,0,5964,2,0,0.2350
7,policy,0,5964,3,1,0.0000
7,policy,0,5964,4,2,0.0000
7,policy,0,5964,5,2,0.0000
7,policy,0,5964,6,2,0.0000
7,policy,0,5964,7,2,0.0000
7,policy,0,5964,8,3,0.0000
7,policy,0,2130,0,0,0.7885
7,policy,0,2130,1,1,0.8486
7,policy,0,2130,2,2,0.7859
7,policy,0,2130,3,3,0.7156
7,policy,0,2130,4,4,0.7156
7,policy,0,2130,5,5,0.7184
7,policy,0,2130,6,6,0.7184
7,policy,0,2130,7,7,0.7184
7,policy,0,2130,8,8,0.7156
7,policy,0,5494,0,0,0.0000
7,policy,0,5494,1,0,0.0000
7,policy,0,5494,2,0,0.0000
7,policy,0,5494,3,1,0.1389
7,policy,0,5494,4,2,0.1389
7,policy,0,5494,5,3,0.1389
7,policy,0,5494,6,4,0.1389
7,policy,0,5494,7,4,0.1389
7,policy,0,5494,8,4,0.1389
7,policy,0,1586,0,0,0.5704
7,policy,0,1586,1,1,0.5104
7,policy,0,1586,2,2,0.5075
7,policy,0,1586,3,3,0.5049
7,policy,0,1586,4,4,0.4355
7,policy,0,1586,5,5,0.4381
7,policy,0,1586,6,6,0.5085
7,policy,0,1586,7,7,0.5085
7,policy,0,1586,8,8,0.5213
7,policy,0,650,0,0,0.8580
7,policy,0,650,1,1,0.9216
7,policy,0,650,2,2,0.9266
7,policy,0,650,3,3,1.0000
7,policy,0,650,4,4,0.7850
7,policy,0,650,5,5,0.7682
7,policy,0,650,6,6,0.7753
7,policy,0,650,7,7,0.7538
7,policy,0,650,8,8,0.7606
7,policy,0,2011,0,0,0.6118
7,policy,0,2011,1,1,0.8482
7,policy,0,2011,2,2,0.8522
7,policy,0,2011,3,3,0.7859
7,policy,0,2011,4,4,0.7859
7,policy,0,2011,5,5,0.7885
7,policy,0,2011,6,6,0.7885
7,policy,0,2011,7,7,0.7859
7,policy,0,2011,8,8,0.7859
7,policy,0,6007,0,0,0.1584
7,policy,0,6007,1,0,0.1584
7,policy,0,6007,2,0,0.1584
7,policy,0,6007,3,1,0.1389
7,policy,0,6007,4,2,0.1389
7,policy,0,6007,5,3,0.1389
7,policy,0,6007,6,4,0.1389
7,policy,0,6007,7,5,0.1389
7,policy,0,6007,8,6,0.2201
7,policy,0,5044,0,0,0.0000
7,policy,0,5044,1,0,0.0000
7,policy,0,5044,2,0,0.0000
7,policy,0,5044,3,0,0.0000
7,policy,0,5044,4,1,0.0901
7,policy,0,5044,5,1,0.0901
7,policy,0,5044,6,1,0.0901
7,policy,0,5044,7,2,0.0979
7,policy,0,5044,8,2,0.0979
7,policy,0,2227,0,0,0.2122
7,policy,0,2227,1,0,0.2122
7,policy,0,2227,2,1,0.4734
7,policy,0,2227,3,2,0.4734
7,policy,0,2227,4,3,0.3854
7,policy,0,2227,5,4,0.3566
7,policy,0,2227,6,5,0.3566
7,policy,0,2227,7,6,0.3566
7,policy,0,2227,8,7,0.3922
7,policy,0,2595,0,0,0.0000
7,policy,0,2595,1,0,0.0000
7,policy,0,2595,2,0,0.0000
7,policy,0,2595,3,1,0.0734
7,policy,0,2595,4,2,0.1428
7,policy,0,2595,5,2,0.1428
7,policy,0,2595,6,3,0.0734
7,policy,0,2595,7,4,0.1370
7,policy,0,2595,8,5,0.1370
7,policy,0,2426,0,0,0.1389
7,policy,0,2426,1,1,0.1488
7,policy,0,2426,2,2,0.0694
7,policy,0,2426,3,3,0.0694
7,policy,0,2426,4,4,0.0694
7,policy,0,2426,5,5,0.1331
7,policy,0,2426,6,6,0.1370
7,policy,0,2426,7,7,0.1396
7,policy,0,2426,8,7,0.1396
7,policy,0,3355,0,0,0.5370
7,policy,0,3355,1,1,0.6086
7,policy,0,3355,2,2,0.6016
7,policy,0,3355,3,3,0.6364
7,policy,0,3355,4,4,0.6364
7,policy,0,3355,5,5,0.6313
7,policy,0,3355,6,6,0.6313
7,policy,0,3355,7,7,0.6217
7,policy,0,3355,8,8,0.6033
7,policy,0,5088,0,0,0.0000
7,policy,0,5088,1,0,0.0000
7,policy,0,5088,2,0,0.0000
7,policy,0,5088,3,1,0.0948
7,policy,0,5088,4,1,0.0948
7,policy,0,5088,5,1,0.0948
7,policy,0,5088,6,2,0.0948
7,policy,0,5088,7,2,0.0948
7,policy,0,5088,8,2,0.0948
7,policy,0,4268,0,0,0.0000
7,policy,0,4268,1,1,0.0000
7,policy,0,4268,2,2,0.0000
7,policy,0,4268,3,3,0.0000
7,policy,0,4268,4,4,0.0000
7,policy,0,4268,5,5,0.0000
7,policy,0,4268,6,6,0.0000
7,policy,0,4268,7,7,0.0000
7,policy,0,4268,8,8,0.0000
7,policy,0,526,0,0,0.2350
7,policy,0,526,1,0,0.2350
7,policy,0,526,2,0,0.2350
7,policy,0,526,3,0,0.2350
7,policy,0,526,4,1,0.2350
7,policy,0,526,5,1,0.2350
7,policy,0,526,6,1,0.2350
7,policy,0,526,7,2,0.2350
7,policy,0,526,8,2,0.2350
7,policy,0,2291,0,0,0.0000
7,policy,0,2291,1,1,0.1089
7,policy,0,2291,2,2,0.2542
7,policy,0,2291,3,3,0.2542
7,policy,0,2291,4,3,0.2542
7,policy,0,2291,5,3,0.2542
7,policy,0,2291,6,4,0.3273
7,policy,0,2291,7,5,0.3273
7,policy,0,2291,8,5,0.3273
7,policy,0,5980,0,0,0.0000
7,policy,0,5980,1,1,0.1299
7,policy,0,5980,2,2,0.0734
7,policy,0,5980,3,3,0.1488
7,policy,0,5980,4,4,0.1546
7,policy,0,5980,5,5,0.1585
7,policy,0,5980,6,6,0.2150
7,policy,0,5980,7,7,0.2221
7,policy,0,5980,8,8,0.0851
7,policy,0,1692,0,0,0.2867
7,policy,0,1692,1,1,0.3859
7,policy,0,1692,2,2,0.3405
7,policy,0,1692,3,3,0.3979
7,policy,0,1692,4,4,0.3940
7,policy,0,1692,5,5,0.3940
7,policy,0,1692,6,6,0.4576
7,policy,0,1692,7,7,0.4576
7,policy,0,1692,8,8,0.3156
7,policy,0,4601,0,0,0.0636
7,policy,0,4601,1,1,0.2985
7,policy,0,4601,2,2,0.4537
7,policy,0,4601,3,3,0.4537
7,policy,0,4601,4,4,0.4537
7,policy,0,4601,5,5,0.4537
7,policy,0,4601,6,6,0.4537
7,policy,0,4601,7,7,0.4537
7,policy,0,4601,8,8,0.4323
7,policy,0,5264,0,0,0.0663
7,policy,0,5264,1,1,0.5416
7,policy,0,5264,2,2,0.4600
7,policy,0,5264,3,3,0.5669
7,policy,0,5264,4,4,0.5763
7,policy,0,5264,5,5,0.5763
7,policy,0,5264,6,6,0.6547
7,policy,0,5264,7,7,0.7215
7,policy,0,5264,8,8,0.5290
7,policy,0,1534,0,0,0.0000
7,policy,0,1534,1,1,0.0000
7,policy,0,1534,2,1,0.0000
7,policy,0,1534,3,2,0.0000
7,policy,0,1534,4,2,0.0000
7,policy,0,1534,5,2,0.0000
7,policy,0,1534,6,2,0.0000
7,policy,0,1534,7,3,0.0000
7,policy,0,1534,8,3,0.0000
7,policy,0,233,0,0,0.1763
7,policy,0,233,1,1,0.1635
7,policy,0,233,2,1,0.1635
7,policy,0,233,3,2,0.1420
7,policy,0,233,4,3,0.1420
7,policy,0,233,5,4,0.1420
7,policy,0,233,6,5,0.1447
7,policy,0,233,7,6,0.1447
7,policy,0,233,8,6,0.1447
7,policy,0,2988,0,0,0.2083
7,policy,0,2988,1,0,0.2083
7,policy,0,2988,2,0,0.2083
7,policy,0,2988,3,1,0.0000
7,policy,0,2988,4,2,0.0000
7,policy,0,2988,5,3,0.0734
7,policy,0,2988,6,4,0.0663
7,policy,0,2988,7,5,0.0663
7,policy,0,2988,8,6,0.2083
7,policy,0,5717,0,0,0.5017
7,policy,0,5717,1,1,0.5389
7,policy,0,5717,2,2,0.6122
7,policy,0,5717,3,3,0.6759
7,policy,0,5717,4,4,0.6911
7,policy,0,5717,5,5,0.6911
7,policy,0,5717,6,6,0.6995
7,policy,0,5717,7,7,0.6968
7,policy,0,5717,8,7,0.6968
7,policy,0,2730,0,0,0.4886
7,policy,0,2730,1,1,0.3859
7,policy,0,2730,2,2,0.3120
7,policy,0,2730,3,3,0.3733
7,policy,0,2730,4,4,0.3733
7,policy,0,2730,5,5,0.4342
7,policy,0,2730,6,6,0.4342
7,policy,0,2730,7,7,0.4409
7,policy,0,2730,8,8,0.4479
7,policy,0,5011,0,0,0.0000
7,policy,0,5011,1,0,0.0000
7,policy,0,5011,2,0,0.0000
7,policy,0,5011,3,0,0.0000
7,policy,0,5011,4,1,0.0000
7,policy,0,5011,5,2,0.0000
7,policy,0,5011,6,2,0.0000
7,policy,0,5011,7,3,0.0000
7,policy,0,5011,8,4,0.0000
7,policy,0,3894,0,0,0.0734
7,policy,0,3894,1,0,0.0734
7,policy,0,3894,2,1,0.0000
7,policy,0,3894,3,1,0.0000
7,policy,0,3894,4,2,0.0000
7,policy,0,3894,5,3,0.0000
7,policy,0,3894,6,3,0.0000
7,policy,0,3894,7,4,0.0000
7,policy,0,3894,8,5,0.0000
7,policy,0,4366,0,0,0.2521
7,policy,0,4366,1,1,0.3558
7,policy,0,4366,2,2,0.2201
7,policy,0,4366,3,3,0.2201
7,policy,0,4366,4,4,0.2201
7,policy,0,4366,5,5,0.2201
7,policy,0,4366,6,6,0.2201
7,policy,0,4366,7,7,0.2201
7,policy,0,4366,8,8,0.2201
7,policy,0,1636,0,0,0.0734
7,policy,0,1636,1,0,0.0734
7,policy,0,1636,2,0,0.0734
7,policy,0,1636,3,1,0.2497
7,policy,0,1636,4,2,0.2497
7,policy,0,1636,5,3,0.2344
7,policy,0,1636,6,4,0.2376
7,policy,0,1636,7,5,0.2376
7,policy,0,1636,8,6,0.2817
7,policy,0,5047,0,0,0.0000
7,policy,0,5047,1,1,0.1357
7,policy,0,5047,2,2,0.0000
7,policy,0,5047,3,3,0.0000
7,policy,0,5047,4,4,0.0000
7,policy,0,5047,5,5,0.0000
7,policy,0,5047,6,6,0.0000
7,policy,0,5047,7,7,0.0000
7,policy,0,5047,8,8,0.0000
7,policy,0,1527,0,0,0.6489
7,policy,0,1527,1,1,0.4886
7,policy,0,1527,2,2,0.4986
7,policy,0,1527,3,3,0.4986
7,policy,0,1527,4,4,0.4986
7,policy,0,1527,5,5,0.4920
7,policy,0,1527,6,6,0.4920
7,policy,0,1527,7,7,0.4946
7,policy,0,1527,8,8,0.4986
7,policy,0,5390,0,0,0.0916
7,policy,0,5390,1,0,0.0916
7,policy,0,5390,2,0,0.0916
7,policy,0,5390,3,0,0.0916
7,policy,0,5390,4,1,0.0000
7,policy,0,5390,5,2,0.0000
7,policy,0,5390,6,2,0.0000
7,policy,0,5390,7,2,0.0000
7,policy,0,5390,8,3,0.0000
7,policy,0,1111,0,0,1.0000
7,policy,0,1111,1,1,0.9364
7,policy,0,1111,2,2,1.0000
7,policy,0,1111,3,3,0.9337
7,policy,0,1111,4,4,0.9306
7,policy,0,1111,5,5,0.9306
7,policy,0,1111,6,6,0.9306
7,policy,0,1111,7,7,0.9306
7,policy,0,1111,8,8,0.9306
7,policy,0,3741,0,0,0.4517
7,policy,0,3741,1,0,0.4517
7,policy,0,3741,2,1,0.6372
7,policy,0,3741,3,2,0.6332
7,policy,0,3741,4,3,0.6204
7,policy,0,3741,5,4,0.6300
7,policy,0,3741,6,5,0.6372
7,policy,0,3741,7,6,0.6332
7,policy,0,3741,8,7,0.6332
7,policy,0,2778,0,0,0.0663
7,policy,0,2778,1,1,0.3679
7,policy,0,2778,2,2,0.3836
7,policy,0,2778,3,3,0.5580
7,policy,0,2778,4,4,0.5767
7,policy,0,2778,5,5,0.5728
7,policy,0,2778,6,6,0.6618
7,policy,0,2778,7,7,0.6313
7,policy,0,2778,8,8,0.5294
7,policy,0,483,0,0,0.0000
7,policy,0,483,1,0,0.0000
7,policy,0,483,2,1,0.0901
7,policy,0,483,3,2,0.0843
7,policy,0,483,4,3,0.0901
7,policy,0,483,5,4,0.0901
7,policy,0,483,6,4,0.0901
7,policy,0,483,7,5,0.0901
7,policy,0,483,8,6,0.0901
7,policy,0,706,0,0,0.1518
7,policy,0,706,1,0,0.1518
7,policy,0,706,2,0,0.1518
7,policy,0,706,3,1,0.0784
7,policy,0,706,4,2,0.0663
7,policy,0,706,5,3,0.0784
7,policy,0,706,6,4,0.0734
7,policy,0,706,7,5,0.0734
7,policy,0,706,8,6,0.1370
7,policy,0,1938,0,0,0.2489
7,policy,0,1938,1,1,0.3820
7,policy,0,1938,2,1,0.3820
7,policy,0,1938,3,2,0.2436
7,policy,0,1938,4,3,0.2462
7,policy,0,1938,5,4,0.2462
7,policy,0,1938,6,5,0.2368
7,policy,0,1938,7,6,0.2305
7,policy,0,1938,8,7,0.4132
7,policy,0,2064,0,0,0.5795
7,policy,0,2064,1,0,0.5795
7,policy,0,2064,2,0,0.5795
7,policy,0,2064,3,1,0.3052
7,policy,0,2064,4,2,0.3149
7,policy,0,2064,5,3,0.3149
7,policy,0,2064,6,4,0.3149
7,policy,0,2064,7,4,0.3149
7,policy,0,2064,8,5,0.2201
7,policy,0,5812,0,0,0.0734
7,policy,0,5812,1,1,0.4221
7,policy,0,5812,2,2,0.3854
7,policy,0,5812,3,3,0.3757
7,policy,0,5812,4,4,0.3757
7,policy,0,5812,5,5,0.3757
7,policy,0,5812,6,6,0.3495
7,policy,0,5812,7,7,0.3469
7,policy,0,5812,8,8,0.2832
7,policy,0,5552,0,0,0.4932
7,policy,0,5552,1,1,0.4768
7,policy,0,5552,2,2,0.4883
7,policy,0,5552,3,3,0.4787
7,policy,0,5552,4,4,0.5423
7,policy,0,5552,5,5,0.5329
7,policy,0,5552,6,6,0.5278
7,policy,0,5552,7,7,0.5278
7,policy,0,5552,8,8,0.5677
7,policy,0,2389,0,0,0.0000
7,policy,0,2389,1,0,0.0000
7,policy,0,2389,2,1,0.0000
7,policy,0,2389,3,2,0.0000
7,policy,0,2389,4,3,0.0000
7,policy,0,2389,5,4,0.0000
7,policy,0,2389,6,4,0.0000
7,policy,0,2389,7,5,0.0000
7,policy,0,2389,8,6,0.0000
7,policy,0,704,0,0,0.1488
7,policy,0,704,1,0,0.1488
7,policy,0,704,2,1,0.0784
7,policy,0,704,3,2,0.0851
7,policy,0,704,4,3,0.0851
7,policy,0,704,5,4,0.0784
7,policy,0,704,6,4,0.0784
7,policy,0,704,7,5,0.0784
7,policy,0,704,8,6,0.0784
7,policy,0,110,0,0,0.0851
7,policy,0,110,1,1,0.0000
7,policy,0,110,2,2,0.1952
7,policy,0,110,3,3,0.1952
7,policy,0,110,4,4,0.2318
7,policy,0,110,5,4,0.2318
7,policy,0,110,6,5,0.2305
7,policy,0,110,7,6,0.2305
7,policy,0,110,8,6,0.2305
7,policy,0,113,0,0,0.0000
7,policy,0,113,1,0,0.0000
7,policy,0,113,2,0,0.0000
7,policy,0,113,3,1,0.2025
7,policy,0,113,4,1,0.2025
7,policy,0,113,5,2,0.1389
7,policy,0,113,6,3,0.2025
7,policy,0,113,7,4,0.1389
7,policy,0,113,8,4,0.1389
7,policy,0,2754,0,0,0.0679
7,policy,0,2754,1,0,0.0679
7,policy,0,2754,2,0,0.0679
7,policy,0,2754,3,1,0.0000
7,policy,0,2754,4,1,0.0000
7,policy,0,2754,5,1,0.0000
7,policy,0,2754,6,2,0.0000
7,policy,0,2754,7,2,0.0000
7,policy,0,2754,8,2,0.0000
7,policy,0,1153,0,0,0.0000
7,policy,0,1153,1,1,0.0000
7,policy,0,1153,2,1,0.0000
7,policy,0,1153,3,2,0.0843
7,policy,0,1153,4,3,0.0761
7,policy,0,1153,5,4,0.0000
7,policy,0,1153,6,4,0.0000
7,policy,0,1153,7,5,0.0731
7,policy,0,1153,8,6,0.0000
7,policy,0,1196,0,0,0.0000
7,policy,0,1196,1,1,0.0000
7,policy,0,1196,2,1,0.0000
7,policy,0,1196,3,2,0.1447
7,policy,0,1196,4,2,0.1447
7,policy,0,1196,5,2,0.1447
7,policy,0,1196,6,3,0.0948
7,policy,0,1196,7,4,0.0948
7,policy,0,1196,8,4,0.0948
7,policy,0,5229,0,0,0.3309
7,policy,0,5229,1,1,0.4794
7,policy,0,5229,2,2,0.4482
7,policy,0,5229,3,3,0.3917
7,policy,0,5229,4,4,0.3917
7,policy,0,5229,5,5,0.3917
7,policy,0,5229,6,6,0.3917
7,policy,0,5229,7,7,0.3917
7,policy,0,5229,8,8,0.3917
7,policy,0,5984,0,0,0.0734
7,policy,0,5984,1,0,0.0734
7,policy,0,5984,2,0,0.0734
7,policy,0,5984,3,1,0.2051
7,policy,0,5984,4,2,0.2122
7,policy,0,5984,5,3,0.3668
7,policy,0,5984,6,4,0.3453
7,policy,0,5984,7,5,0.3453
7,policy,0,5984,8,5,0.3453
7,policy,0,1282,0,0,0.0000
7,policy,0,1282,1,0,0.0000
7,policy,0,1282,2,0,0.0000
7,policy,0,1282,3,1,0.1518
7,policy,0,1282,4,2,0.2279
7,policy,0,1282,5,2,0.2279
7,policy,0,1282,6,3,0.1585
7,policy,0,1282,7,4,0.2221
7,policy,0,1282,8,4,0.2221
7,policy,0,3945,0,0,0.6410
7,policy,0,3945,1,1,0.5513
7,policy,0,3945,2,2,0.6812
7,policy,0,3945,3,3,0.6976
7,policy,0,3945,4,4,0.6976
7,policy,0,3945,5,5,0.6880
7,policy,0,3945,6,6,0.6880
7,policy,0,3945,7,7,0.6880
7,policy,0,3945,8,8,0.6930
7,policy,0,3853,0,0,0.2895
7,policy,0,3853,1,1,0.3715
7,policy,0,3853,2,2,0.3590
7,policy,0,3853,3,3,0.4226
7,policy,0,3853,4,4,0.1952
7,policy,0,3853,5,5,0.2240
7,policy,0,3853,6,6,0.1518
7,policy,0,3853,7,7,0.1518
7,policy,0,3853,8,8,0.1585
7,policy,0,3762,0,0,0.6332
7,policy,0,3762,1,1,0.8580
7,policy,0,3762,2,2,0.7084
7,policy,0,3762,3,3,0.6422
7,policy,0,3762,4,4,0.6422
7,policy,0,3762,5,5,0.7058
7,policy,0,3762,6,6,0.7008
7,policy,0,3762,7,7,0.6372
7,policy,0,3762,8,8,0.6332
7,policy,0,2173,0,0,0.4531
7,policy,0,2173,1,1,0.4249
7,policy,0,2173,2,2,0.6300
7,policy,0,2173,3,3,0.5638
7,policy,0,2173,4,4,0.5638
7,policy,0,2173,5,4,0.5638
7,policy,0,2173,6,5,0.5638
7,policy,0,2173,7,6,0.6274
7,policy,0,2173,8,6,0.6274
7,policy,0,5749,0,0,0.2025
7,policy,0,5749,1,1,0.1357
7,policy,0,5749,2,2,0.2221
7,policy,0,5749,3,3,0.2330
7,policy,0,5749,4,4,0.3130
7,policy,0,5749,5,5,0.2646
7,policy,0,5749,6,6,0.3130
7,policy,0,5749,7,7,0.2614
7,policy,0,5749,8,8,0.1763
7,policy,0,3083,0,0,0.0000
7,policy,0,3083,1,0,0.0000
7,policy,0,3083,2,1,0.0663
7,policy,0,3083,3,2,0.0734
7,policy,0,3083,4,3,0.0851
7,policy,0,3083,5,4,0.0734
7,policy,0,3083,6,4,0.0734
7,policy,0,3083,7,5,0.0784
7,policy,0,3083,8,6,0.0734
7,policy,0,563,0,0,0.3128
7,policy,0,563,1,1,0.2272
7,policy,0,563,2,2,0.3936
7,policy,0,563,3,3,0.3341
7,policy,0,563,4,4,0.3341
7,policy,0,563,5,5,0.3341
7,policy,0,563,6,6,0.3273
7,policy,0,563,7,7,0.3273
7,policy,0,563,8,8,0.3273
7,policy,0,2791,0,0,0.2618
7,policy,0,2791,1,0,0.2618
7,policy,0,2791,2,1,0.2376
7,policy,0,2791,3,2,0.2279
7,policy,0,2791,4,3,0.2330
7,policy,0,2791,5,4,0.2330
7,policy,0,2791,6,5,0.2279
7,policy,0,2791,7,6,0.2279
7,policy,0,2791,8,7,0.2279
7,policy,0,1840,0,0,0.0851
7,policy,0,1840,1,1,0.0734
7,policy,0,1840,2,2,0.2201
7,policy,0,1840,3,3,0.0948
7,policy,0,1840,4,4,0.0851
7,policy,0,1840,5,5,0.0784
7,policy,0,1840,6,6,0.0784
7,policy,0,1840,7,7,0.0784
7,policy,0,1840,8,8,0.0784
7,policy,0,3750,0,0,0.7752
7,policy,0,3750,1,1,0.5737
7,policy,0,3750,2,2,0.5591
7,policy,0,3750,3,3,0.6281
7,policy,0,3750,4,4,0.7008
7,policy,0,3750,5,5,0.7008
7,policy,0,3750,6,6,0.6759
7,policy,0,3750,7,7,0.6759
7,policy,0,3750,8,8,0.6759
7,policy,0,1204,0,0,0.0000
7,policy,0,1204,1,0,0.0000
7,policy,0,1204,2,0,0.0000
7,policy,0,1204,3,1,0.0636
7,policy,0,1204,4,1,0.0636
7,policy,0,1204,5,2,0.0000
7,policy,0,1204,6,3,0.0000
7,policy,0,1204,7,3,0.0000
7,policy,0,1204,8,4,0.0000
7,policy,0,51,0,0,0.2895
7,policy,0,51,1,0,0.2895
7,policy,0,51,2,1,0.0948
7,policy,0,51,3,2,0.0851
7,policy,0,51,4,3,0.0784
7,policy,0,51,5,4,0.0784
7,policy,0,51,6,5,0.0784
7,policy,0,51,7,6,0.0784
7,policy,0,51,8,7,0.0851
7,policy,0,3728,0,0,0.8486
7,policy,0,3728,1,1,0.6805
7,policy,0,3728,2,2,0.7827
7,policy,0,3728,3,3,0.7663
7,policy,0,3728,4,4,0.7663
7,policy,0,3728,5,5,0.7760
7,policy,0,3728,6,6,0.7760
7,policy,0,3728,7,7,0.7760
7,policy,0,3728,8,8,0.7015
7,policy,0,1159,0,0,0.2201
7,policy,0,1159,1,0,0.2201
7,policy,0,1159,2,1,0.0000
7,policy,0,1159,3,2,0.0000
7,policy,0,1159,4,3,0.0000
7,policy,0,1159,5,4,0.0000
7,policy,0,1159,6,5,0.0000
7,policy,0,1159,7,6,0.0000
7,policy,0,1159,8,7,0.0000
7,policy,0,492,0,0,0.1732
7,policy,0,492,1,0,0.1732
7,policy,0,492,2,1,0.0000
7,policy,0,492,3,2,0.3188
7,policy,0,492,4,3,0.3188
7,policy,0,492,5,4,0.3120
7,policy,0,492,6,5,0.3070
7,policy,0,492,7,6,0.3070
7,policy,0,492,8,7,0.2973
7,policy,0,5657,0,0,0.2337
7,policy,0,5657,1,1,0.2489
7,policy,0,5657,2,2,0.2489
7,policy,0,5657,3,3,0.2240
7,policy,0,5657,4,4,0.2240
7,policy,0,5657,5,5,0.2240
7,policy,0,5657,6,6,0.2240
7,policy,0,5657,7,7,0.2240
7,policy,0,5657,8,8,0.1952
7,policy,0,4907,0,0,0.1389
7,policy,0,4907,1,0,0.1389
7,policy,0,4907,2,1,0.2122
7,policy,0,4907,3,2,0.2083
7,policy,0,4907,4,3,0.2051
7,policy,0,4907,5,4,0.2863
7,policy,0,4907,6,5,0.2935
7,policy,0,4907,7,6,0.2895
7,policy,0,4907,8,7,0.2895
7,policy,0,2276,0,0,0.0000
7,policy,0,2276,1,0,0.0000
7,policy,0,2276,2,1,0.0000
7,policy,0,2276,3,2,0.0000
7,policy,0,2276,4,3,0.0000
7,policy,0,2276,5,4,0.0000
7,policy,0,2276,6,4,0.0000
7,policy,0,2276,7,5,0.0000
7,policy,0,2276,8,6,0.0000
7,policy,0,4534,0,0,0.2048
7,policy,0,4534,1,1,0.3783
7,policy,0,4534,2,2,0.4666
7,policy,0,4534,3,3,0.4666
7,policy,0,4534,4,4,0.4666
7,policy,0,4534,5,5,0.4706
7,policy,0,4534,6,6,0.4706
7,policy,0,4534,7,7,0.4666
7,policy,0,4534,8,8,0.4666
7,policy,0,2798,0,0,0.0000
7,policy,0,2798,1,0,0.0000
7,policy,0,2798,2,0,0.0000
7,policy,0,2798,3,0,0.0000
7,policy,0,2798,4,1,0.1175
7,policy,0,2798,5,1,0.1175
7,policy,0,2798,6,1,0.1175
7,policy,0,2798,7,2,0.1175
7,policy,0,2798,8,2,0.1175
7,policy,0,276,0,0,0.1895
7,policy,0,276,1,0,0.1895
7,policy,0,276,2,0,0.1895
7,policy,0,276,3,1,0.2651
7,policy,0,276,4,2,0.4522
7,policy,0,276,5,3,0.2651
7,policy,0,276,6,4,0.2713
7,policy,0,276,7,5,0.3508
7,policy,0,276,8,6,0.3508
7,policy,0,546,0,0,0.3421
7,policy,0,546,1,0,0.3421
7,policy,0,546,2,1,0.5834
7,policy,0,546,3,2,0.5834
7,policy,0,546,4,3,0.4858
7,policy,0,546,5,4,0.4858
7,policy,0,546,6,4,0.4858
7,policy,0,546,7,5,0.4858
7,policy,0,546,8,6,0.5767
7,policy,0,2506,0,0,0.5997
7,policy,0,2506,1,1,0.7753
7,policy,0,2506,2,2,1.0000
7,policy,0,2506,3,3,1.0000
7,policy,0,2506,4,4,1.0000
7,policy,0,2506,5,5,1.0000
7,policy,0,2506,6,6,1.0000
7,policy,0,2506,7,7,1.0000
7,policy,0,2506,8,8,1.0000
7,policy,0,4837,0,0,0.0636
7,policy,0,4837,1,0,0.0636
7,policy,0,4837,2,0,0.0636
7,policy,0,4837,3,1,0.0000
7,policy,0,4837,4,1,0.0000
7,policy,0,4837,5,1,0.0000
7,policy,0,4837,6,2,0.0663
7,policy,0,4837,7,3,0.0000
7,policy,0,4837,8,4,0.0000
7,policy,0,57,0,0,0.8701
7,policy,0,57,1,1,0.9337
7,policy,0,57,2,2,0.9364
7,policy,0,57,3,3,1.0000
7,policy,0,57,4,4,1.0000
7,policy,0,57,5,5,0.9337
7,policy,0,57,6,6,0.9337
7,policy,0,57,7,7,0.8580
7,policy,0,57,8,8,0.8630
7,policy,0,5569,0,0,0.5310
7,policy,0,5569,1,1,0.8358
7,policy,0,5569,2,2,0.7885
7,policy,0,5569,3,3,0.7859
7,policy,0,5569,4,4,0.7885
7,policy,0,5569,5,5,0.7936
7,policy,0,5569,6,6,0.7936
7,policy,0,5569,7,7,0.7936
7,policy,0,5569,8,8,0.7859
7,policy,0,5534,0,0,0.7624
7,policy,0,5534,1,1,0.4537
7,policy,0,5534,2,2,0.4085
7,policy,0,5534,3,3,0.4351
7,policy,0,5534,4,4,0.4383
7,policy,0,5534,5,5,0.4315
7,policy,0,5534,6,6,0.3052
7,policy,0,5534,7,7,0.3597
7,policy,0,5534,8,8,0.5997
7,policy,0,1178,0,0,0.6911
7,policy,0,1178,1,1,0.7467
7,policy,0,1178,2,2,0.7467
7,policy,0,1178,3,3,0.6844
7,policy,0,1178,4,4,0.6962
7,policy,0,1178,5,5,0.6938
7,policy,0,1178,6,6,0.6785
7,policy,0,1178,7,7,0.7421
7,policy,0,1178,8,8,0.7606
7,policy,0,5489,0,0,0.1389
7,policy,0,5489,1,1,0.0000
7,policy,0,5489,2,2,0.2083
7,policy,0,5489,3,3,0.1585
7,policy,0,5489,4,4,0.1585
7,policy,0,5489,5,5,0.1546
7,policy,0,5489,6,6,0.1642
7,policy,0,5489,7,7,0.1682
7,policy,0,5489,8,8,0.1884
7,policy,0,2121,0,0,0.4480
7,policy,0,2121,1,1,0.2903
7,policy,0,2121,2,2,0.5622
7,policy,0,2121,3,3,0.5357
7,policy,0,2121,4,4,0.4885
7,policy,0,2121,5,5,0.4885
7,policy,0,2121,6,6,0.4249
7,policy,0,2121,7,7,0.4249
7,policy,0,2121,8,8,0.4249
7,policy,0,2735,0,0,0.0851
7,policy,0,2735,1,1,0.0000
7,policy,0,2735,2,2,0.0000
7,policy,0,2735,3,3,0.0000
7,policy,0,2735,4,4,0.0000
7,policy,0,2735,5,5,0.0000
7,policy,0,2735,6,6,0.0000
7,policy,0,2735,7,7,0.0000
7,policy,0,2735,8,8,0.0000
7,policy,0,4309,0,0,0.8454
7,policy,0,4309,1,1,0.6307
7,policy,0,4309,2,2,0.6146
7,policy,0,4309,3,3,0.6078
7,policy,0,4309,4,4,0.6078
7,policy,0,4309,5,5,0.6146
7,policy,0,4309,6,6,0.6434
7,policy,0,4309,7,7,0.6434
7,policy,0,4309,8,8,0.6367
7,policy,0,1046,0,0,0.4955
7,policy,0,1046,1,0,0.4955
7,policy,0,1046,2,1,0.6332
7,policy,0,1046,3,2,0.6300
7,policy,0,1046,4,3,0.6372
7,policy,0,1046,5,4,0.6372
7,policy,0,1046,6,5,0.6372
7,policy,0,1046,7,6,0.6372
7,policy,0,1046,8,7,0.6372
7,policy,0,5913,0,0,0.1299
7,policy,0,5913,1,1,0.0000
7,policy,0,5913,2,2,0.0000
7,policy,0,5913,3,3,0.0000
7,policy,0,5913,4,4,0.0000
7,policy,0,5913,5,5,0.0000
7,policy,0,5913,6,5,0.0000
7,policy,0,5913,7,6,0.0636
7,policy,0,5913,8,6,0.0636
7,policy,0,1208,0,0,0.3183
7,policy,0,1208,1,1,0.5984
7,policy,0,1208,2,2,0.6047
7,policy,0,1208,3,3,0.6021
7,policy,0,1208,4,4,0.6047
7,policy,0,1208,5,5,0.6047
7,policy,0,1208,6,6,0.5868
7,policy,0,1208,7,7,0.5868
7,policy,0,1208,8,8,0.4912
7,policy,0,1158,0,0,0.2985
7,policy,0,1158,1,0,0.2985
7,policy,0,1158,2,1,0.0000
7,policy,0,1158,3,2,0.0694
7,policy,0,1158,4,3,0.3964
7,policy,0,1158,5,4,0.4722
7,policy,0,1158,6,5,0.4780
7,policy,0,1158,7,6,0.4815
7,policy,0,1158,8,7,0.5232
7,policy,0,2478,0,0,0.2173
7,policy,0,2478,1,0,0.2173
7,policy,0,2478,2,1,0.0000
7,policy,0,2478,3,1,0.0000
7,policy,0,2478,4,2,0.0000
7,policy,0,2478,5,2,0.0000
7,policy,0,2478,6,3,0.0000
7,policy,0,2478,7,4,0.0000
7,policy,0,2478,8,5,0.0000
7,policy,0,4243,0,0,0.0000
7,policy,0,4243,1,0,0.0000
7,policy,0,4243,2,0,0.0000
7,policy,0,4243,3,1,0.0000
7,policy,0,4243,4,2,0.0000
7,policy,0,4243,5,3,0.0000
7,policy,0,4243,6,4,0.0000
7,policy,0,4243,7,5,0.0000
7,policy,0,4243,8,6,0.0000
7,policy,0,1346,0,0,0.0851
7,policy,0,1346,1,1,0.0948
7,policy,0,1346,2,2,0.1952
7,policy,0,1346,3,3,0.2466
7,policy,0,1346,4,4,0.2494
7,policy,0,1346,5,5,0.2494
7,policy,0,1346,6,6,0.2494
7,policy,0,1346,7,7,0.2494
7,policy,0,1346,8,8,0.2494
7,policy,0,4315,0,0,0.3719
7,policy,0,4315,1,0,0.3719
7,policy,0,4315,2,0,0.3719
7,policy,0,4315,3,1,0.2489
7,policy,0,4315,4,2,0.3301
7,policy,0,4315,5,3,0.2973
7,policy,0,4315,6,4,0.2973
7,policy,0,4315,7,5,0.2973
7,policy,0,4315,8,6,0.3125
7,policy,0,3424,0,0,0.8669
7,policy,0,3424,1,1,0.6313
7,policy,0,3424,2,2,0.8482
7,policy,0,3424,3,3,0.8630
7,policy,0,3424,4,4,0.9149
7,policy,0,3424,5,5,0.8512
7,policy,0,3424,6,6,0.8522
7,policy,0,3424,7,7,0.7792
7,policy,0,3424,8,8,0.8553
7,policy,0,1617,0,0,0.1396
7,policy,0,1617,1,1,0.5811
7,policy,0,1617,2,2,0.3964
7,policy,0,1617,3,3,0.4035
7,policy,0,1617,4,4,0.4323
7,policy,0,1617,5,5,0.4284
7,policy,0,1617,6,6,0.4252
7,policy,0,1617,7,7,0.4284
7,policy,0,1617,8,8,0.4284
7,policy,0,3664,0,0,0.1331
7,policy,0,3664,1,1,0.3788
7,policy,0,3664,2,2,0.2462
7,policy,0,3664,3,3,0.1732
7,policy,0,3664,4,4,0.2368
7,policy,0,3664,5,5,0.2368
7,policy,0,3664,6,6,0.2368
7,policy,0,3664,7,7,0.2368
7,policy,0,3664,8,8,0.1682
7,policy,0,2743,0,0,0.3392
7,policy,0,2743,1,0,0.3392
7,policy,0,2743,2,1,0.1021
7,policy,0,2743,3,2,0.1131
7,policy,0,2743,4,3,0.1312
7,policy,0,2743,5,4,0.1131
7,policy,0,2743,6,4,0.1131
7,policy,0,2743,7,5,0.1208
7,policy,0,2743,8,6,0.1131
7,policy,0,3260,0,0,0.6719
7,policy,0,3260,1,1,0.6110
7,policy,0,3260,2,2,0.5474
7,policy,0,3260,3,3,0.4441
7,policy,0,3260,4,4,0.4441
7,policy,0,3260,5,5,0.4441
7,policy,0,3260,6,6,0.4441
7,policy,0,3260,7,7,0.4441
7,policy,0,3260,8,8,0.5384
7,policy,0,1937,0,0,0.0948
7,policy,0,1937,1,1,0.3437
7,policy,0,1937,2,2,0.4448
7,policy,0,1937,3,3,0.3647
7,policy,0,1937,4,4,0.3647
7,policy,0,1937,5,5,0.3647
7,policy,0,1937,6,6,0.3715
7,policy,0,1937,7,7,0.3647
7,policy,0,1937,8,8,0.3647
7,policy,0,2799,0,0,0.0851
7,policy,0,2799,1,0,0.0851
7,policy,0,2799,2,1,0.0000
7,policy,0,2799,3,2,0.0000
7,policy,0,2799,4,3,0.0000
7,policy,0,2799,5,4,0.0000
7,policy,0,2799,6,5,0.0000
7,policy,0,2799,7,6,0.0000
7,policy,0,2799,8,7,0.0000
7,policy,0,4440,0,0,0.1078
7,policy,0,4440,1,0,0.1078
7,policy,0,4440,2,0,0.1078
7,policy,0,4440,3,1,0.0000
7,policy,0,4440,4,2,0.0911
7,policy,0,4440,5,2,0.0911
7,policy,0,4440,6,3,0.0955
7,policy,0,4440,7,4,0.1009
7,policy,0,4440,8,5,0.0955
7,policy,0,700,0,0,0.0784
7,policy,0,700,1,0,0.0784
7,policy,0,700,2,1,0.0000
7,policy,0,700,3,2,0.0000
7,policy,0,700,4,3,0.0000
7,policy,0,700,5,4,0.0000
7,policy,0,700,6,5,0.0000
7,policy,0,700,7,6,0.0000
7,policy,0,700,8,7,0.0000
7,policy,0,3,0,0,0.3333
7,policy,0,3,1,0,0.3333
7,policy,0,3,2,0,0.3333
7,policy,0,3,3,1,0.0000
7,policy,0,3,4,2,0.0000
7,policy,0,3,5,2,0.0000
7,policy,0,3,6,2,0.0000
7,policy,0,3,7,3,0.0000
7,policy,0,3,8,3,0.0000
7,policy,0,1306,0,0,0.3149
7,policy,0,1306,1,0,0.3149
7,policy,0,1306,2,0,0.3149
7,policy,0,1306,3,1,0.0000
7,policy,0,1306,4,2,0.0000
7,policy,0,1306,5,2,0.0000
7,policy,0,1306,6,2,0.0000
7,policy,0,1306,7,3,0.0000
7,policy,0,1306,8,4,0.0000
7,policy,0,2538,0,0,0.4171
7,policy,0,2538,1,0,0.4171
7,policy,0,2538,2,0,0.4171
7,policy,0,2538,3,1,0.6489
7,policy,0,2538,4,2,0.6422
7,policy,0,2538,5,3,0.6489
7,policy,0,2538,6,4,0.6489
7,policy,0,2538,7,5,0.6489
7,policy,0,2538,8,6,0.6489
7,policy,0,1167,0,0,0.3052
7,policy,0,1167,1,1,0.3882
7,policy,0,1167,2,2,0.3836
7,policy,0,1167,3,3,0.3836
7,policy,0,1167,4,4,0.3882
7,policy,0,1167,5,5,0.3882
7,policy,0,1167,6,6,0.3843
7,policy,0,1167,7,7,0.2985
7,policy,0,1167,8,8,0.2985
7,policy,0,4801,0,0,1.0000
7,policy,0,4801,1,1,0.9266
7,policy,0,4801,2,2,0.9052
7,policy,0,4801,3,3,0.8900
7,policy,0,4801,4,4,0.8263
7,policy,0,4801,5,5,0.8237
7,policy,0,4801,6,6,0.8166
7,policy,0,4801,7,7,0.8166
7,policy,0,4801,8,8,0.9306
7,policy,0,5191,0,0,0.0000
7,policy,0,5191,1,0,0.0000
7,policy,0,5191,2,0,0.0000
7,policy,0,5191,3,1,0.0000
7,policy,0,5191,4,2,0.0000
7,policy,0,5191,5,3,0.0000
7,policy,0,5191,6,3,0.0000
7,policy,0,5191,7,3,0.0000
7,policy,0,5191,8,3,0.0000
7,policy,0,3065,0,0,0.0851
7,policy,0,3065,1,1,0.0000
7,policy,0,3065,2,2,0.1478
7,policy,0,3065,3,3,0.0784
7,policy,0,3065,4,4,0.0851
7,policy,0,3065,5,5,0.1514
7,policy,0,3065,6,5,0.1514
7,policy,0,3065,7,6,0.1518
7,policy,0,3065,8,7,0.1585
7,policy,0,5800,0,0,0.6521
7,policy,0,5800,1,1,0.7313
7,policy,0,5800,2,2,0.6471
7,policy,0,5800,3,3,0.6840
7,policy,0,5800,4,4,0.6840
7,policy,0,5800,5,5,0.6840
7,policy,0,5800,6,6,0.6872
7,policy,0,5800,7,7,0.6872
7,policy,0,5800,8,8,0.6911
7,policy,0,2124,0,0,0.3590
7,policy,0,2124,1,0,0.3590
7,policy,0,2124,2,1,0.5934
7,policy,0,2124,3,2,0.6051
7,policy,0,2124,4,3,0.5934
7,policy,0,2124,5,4,0.5934
7,policy,0,2124,6,5,0.6688
7,policy,0,2124,7,6,0.6688
7,policy,0,2124,8,7,0.6688
7,policy,0,1899,0,0,0.0000
7,policy,0,1899,1,0,0.0000
7,policy,0,1899,2,0,0.0000
7,policy,0,1899,3,1,0.0000
7,policy,0,1899,4,2,0.0000
7,policy,0,1899,5,3,0.0000
7,policy,0,1899,6,4,0.0000
7,policy,0,1899,7,4,0.0000
7,policy,0,1899,8,4,0.0000
7,policy,0,1489,0,0,0.4171
7,policy,0,1489,1,1,0.8669
7,policy,0,1489,2,2,0.7910
7,policy,0,1489,3,3,0.7184
7,policy,0,1489,4,4,0.7184
7,policy,0,1489,5,5,0.7184
7,policy,0,1489,6,6,0.7184
7,policy,0,1489,7,7,0.7184
7,policy,0,1489,8,8,0.7152
7,policy,0,6028,0,0,0.0734
7,policy,0,6028,1,0,0.0734
7,policy,0,6028,2,0,0.0734
7,policy,0,6028,3,1,0.0000
7,policy,0,6028,4,2,0.0000
7,policy,0,6028,5,3,0.0000
7,policy,0,6028,6,4,0.0000
7,policy,0,6028,7,4,0.0000
7,policy,0,6028,8,4,0.0000
7,policy,0,156,0,0,0.7168
7,policy,0,156,1,1,0.6489
7,policy,0,156,2,2,0.8318
7,policy,0,156,3,3,0.7569
7,policy,0,156,4,4,0.7530
7,policy,0,156,5,5,0.7530
7,policy,0,156,6,6,0.7503
7,policy,0,156,7,7,0.6835
7,policy,0,156,8,8,0.8416
7,policy,0,1682,0,0,0.3996
7,policy,0,1682,1,0,0.3996
7,policy,0,1682,2,0,0.3996
7,policy,0,1682,3,1,0.2201
7,policy,0,1682,4,2,0.2201
7,policy,0,1682,5,3,0.2201
7,policy,0,1682,6,4,0.2201
7,policy,0,1682,7,5,0.2201
7,policy,0,1682,8,6,0.2201
7,policy,0,4936,0,0,0.2466
7,policy,0,4936,1,1,0.5834
7,policy,0,4936,2,2,0.4888
7,policy,0,4936,3,3,0.5135
7,policy,0,4936,4,4,0.5989
7,policy,0,4936,5,5,0.6060
7,policy,0,4936,6,6,0.6780
7,policy,0,4936,7,7,0.6831
7,policy,0,4936,8,8,0.6902
7,policy,0,5318,0,0,0.3747
7,policy,0,5318,1,1,0.7156
7,policy,0,5318,2,2,0.6805
7,policy,0,5318,3,3,0.6805
7,policy,0,5318,4,4,0.6805
7,policy,0,5318,5,5,0.6831
7,policy,0,5318,6,6,0.6831
7,policy,0,5318,7,7,0.6780
7,policy,0,5318,8,8,0.6805
7,policy,0,3352,0,0,0.8263
7,policy,0,3352,1,1,0.8572
7,policy,0,3352,2,2,0.7116
7,policy,0,3352,3,3,0.7116
7,policy,0,3352,4,4,0.7116
7,policy,0,3352,5,5,0.7156
7,policy,0,3352,6,6,0.7156
7,policy,0,3352,7,7,0.7116
7,policy,0,3352,8,8,0.7066
7,policy,0,757,0,0,0.1299
7,policy,0,757,1,0,0.1299
7,policy,0,757,2,0,0.1299
7,policy,0,757,3,1,0.1389
7,policy,0,757,4,2,0.2895
7,policy,0,757,5,2,0.2895
7,policy,0,757,6,3,0.2083
7,policy,0,757,7,3,0.2083
7,policy,0,757,8,4,0.2083
7,policy,0,3609,0,0,0.6595
7,policy,0,3609,1,0,0.6595
7,policy,0,3609,2,1,0.8318
7,policy,0,3609,3,2,0.8454
7,policy,0,3609,4,3,0.8166
7,policy,0,3609,5,4,0.8358
7,policy,0,3609,6,5,0.8522
7,policy,0,3609,7,6,0.8522
7,policy,0,3609,8,7,0.8522
7,policy,0,2619,0,0,0.4865
7,policy,0,2619,1,1,0.6429
7,policy,0,2619,2,2,0.5329
7,policy,0,2619,3,3,0.5278
7,policy,0,2619,4,4,0.5278
7,policy,0,2619,5,5,0.5847
7,policy,0,2619,6,6,0.5847
7,policy,0,2619,7,7,0.5211
7,policy,0,2619,8,8,0.5211
7,policy,0,5566,0,0,0.0663
7,policy,0,5566,1,1,0.2368
7,policy,0,5566,2,2,0.1952
7,policy,0,5566,3,3,0.2240
7,policy,0,5566,4,4,0.2337
7,policy,0,5566,5,5,0.2337
7,policy,0,5566,6,6,0.2337
7,policy,0,5566,7,7,0.2337
7,policy,0,5566,8,8,0.2337
7,policy,0,1045,0,0,0.0948
7,policy,0,1045,1,0,0.0948
7,policy,0,1045,2,0,0.0948
7,policy,0,1045,3,1,0.0851
7,policy,0,1045,4,2,0.0851
7,policy,0,1045,5,2,0.0851
7,policy,0,1045,6,3,0.0851
7,policy,0,1045,7,3,0.0851
7,policy,0,1045,8,4,0.0851
7,policy,0,3903,0,0,0.2272
7,policy,0,3903,1,0,0.2272
7,policy,0,3903,2,1,0.4737
7,policy,0,3903,3,2,0.4229
7,policy,0,3903,4,3,0.4011
7,policy,0,3903,5,4,0.4164
7,policy,0,3903,6,5,0.4042
7,policy,0,3903,7,6,0.4093
7,policy,0,3903,8,7,0.4093
7,policy,0,2479,0,0,0.0000
7,policy,0,2479,1,0,0.0000
7,policy,0,2479,2,0,0.0000
7,policy,0,2479,3,1,0.0694
7,policy,0,2479,4,2,0.0694
7,policy,0,2479,5,3,0.0694
7,policy,0,2479,6,4,0.0694
7,policy,0,2479,7,5,0.0694
7,policy,0,2479,8,6,0.0734
7,policy,0,2944,0,0,0.2150
7,policy,0,2944,1,1,0.2974
7,policy,0,2944,2,2,0.2173
7,policy,0,2944,3,3,0.2646
7,policy,0,2944,4,4,0.2736
7,policy,0,2944,5,5,0.2736
7,policy,0,2944,6,6,0.3372
7,policy,0,2944,7,7,0.3398
7,policy,0,2944,8,7,0.3398
7,policy,0,1468,0,0,0.0000
7,policy,0,1468,1,1,0.0948
7,policy,0,1468,2,1,0.0948
7,policy,0,1468,3,2,0.0000
7,policy,0,1468,4,2,0.0000
7,policy,0,1468,5,2,0.0000
7,policy,0,1468,6,3,0.0663
7,policy,0,1468,7,3,0.0663
7,policy,0,1468,8,4,0.0663
7,policy,0,1598,0,0,0.7968
7,policy,0,1598,1,1,0.8205
7,policy,0,1598,2,2,0.7752
7,policy,0,1598,3,3,0.7917
7,policy,0,1598,4,4,0.7917
7,policy,0,1598,5,5,0.7859
7,policy,0,1598,6,6,0.7859
7,policy,0,1598,7,7,0.7917
7,policy,0,1598,8,8,0.7917
7,policy,0,3571,0,0,0.0000
7,policy,0,3571,1,1,0.2579
7,policy,0,3571,2,2,0.0948
7,policy,0,3571,3,3,0.0948
7,policy,0,3571,4,4,0.1100
7,policy,0,3571,5,4,0.1100
7,policy,0,3571,6,5,0.1100
7,policy,0,3571,7,6,0.1100
7,policy,0,3571,8,6,0.1100
7,policy,0,4400,0,0,0.3471
7,policy,0,4400,1,1,0.1682
7,policy,0,4400,2,1,0.1682
7,policy,0,4400,3,2,0.1514
7,policy,0,4400,4,3,0.0851
7,policy,0,4400,5,4,0.0851
7,policy,0,4400,6,5,0.1514
7,policy,0,4400,7,6,0.0851
7,policy,0,4400,8,7,0.0784
7,policy,0,1622,0,0,0.2201
7,policy,0,1622,1,1,0.4035
7,policy,0,1622,2,2,0.3964
7,policy,0,1622,3,3,0.3301
7,policy,0,1622,4,4,0.3301
7,policy,0,1622,5,5,0.3149
7,policy,0,1622,6,5,0.3149
7,policy,0,1622,7,6,0.3052
7,policy,0,1622,8,7,0.2985
7,policy,0,1343,0,0,0.3689
7,policy,0,1343,1,1,0.4473
7,policy,0,1343,2,2,0.3621
7,policy,0,1343,3,3,0.3747
7,policy,0,1343,4,4,0.2025
7,policy,0,1343,5,5,0.2025
7,policy,0,1343,6,6,0.1299
7,policy,0,1343,7,7,0.1299
7,policy,0,1343,8,7,0.1299
7,policy,0,1661,0,0,0.1887
7,policy,0,1661,1,0,0.1887
7,policy,0,1661,2,0,0.1887
7,policy,0,1661,3,1,0.0000
7,policy,0,1661,4,2,0.0000
7,policy,0,1661,5,2,0.0000
7,policy,0,1661,6,3,0.0000
7,policy,0,1661,7,4,0.0000
7,policy,0,1661,8,4,0.0000
7,policy,0,5407,0,0,0.0000
7,policy,0,5407,1,1,0.0663
7,policy,0,5407,2,2,0.0000
7,policy,0,5407,3,3,0.0000
7,policy,0,5407,4,4,0.0000
7,policy,0,5407,5,5,0.0000
7,policy,0,5407,6,6,0.0000
7,policy,0,5407,7,7,0.0000
7,policy,0,5407,8,8,0.0000
7,policy,0,4406,0,0,0.3052
7,policy,0,4406,1,1,0.2895
7,policy,0,4406,2,2,0.3811
7,policy,0,4406,3,3,0.0734
7,policy,0,4406,4,4,0.0636
7,policy,0,4406,5,5,0.0000
7,policy,0,4406,6,6,0.0000
7,policy,0,4406,7,7,0.0000
7,policy,0,4406,8,8,0.0000
7,policy,0,240,0,0,0.0784
7,policy,0,240,1,1,0.2686
7,policy,0,240,2,2,0.2743
7,policy,0,240,3,3,0.2494
7,policy,0,240,4,4,0.2494
7,policy,0,240,5,5,0.2330
7,policy,0,240,6,6,0.2298
7,policy,0,240,7,7,0.2090
7,policy,0,240,8,8,0.2090
7,policy,0,1585,0,0,0.9149
7,policy,0,1585,1,1,0.9266
7,policy,0,1585,2,2,0.9266
7,policy,0,1585,3,3,0.9266
7,policy,0,1585,4,4,0.9306
7,policy,0,1585,5,5,0.9364
7,policy,0,1585,6,6,0.9364
7,policy,0,1585,7,7,0.9364
7,policy,0,1585,8,8,1.0000
7,policy,0,5695,0,0,0.0694
7,policy,0,5695,1,0,0.0694
7,policy,0,5695,2,0,0.0694
7,policy,0,5695,3,1,0.2025
7,policy,0,5695,4,2,0.2122
7,policy,0,5695,5,3,0.1763
7,policy,0,5695,6,4,0.1763
7,policy,0,5695,7,5,0.1737
7,policy,0,5695,8,5,0.1737
7,policy,0,699,0,0,0.0000
7,policy,0,699,1,0,0.0000
7,policy,0,699,2,0,0.0000
7,policy,0,699,3,1,0.1635
7,policy,0,699,4,2,0.1585
7,policy,0,699,5,2,0.1585
7,policy,0,699,6,2,0.1585
7,policy,0,699,7,3,0.1635
7,policy,0,699,8,4,0.1546
7,policy,0,2729,0,0,0.5423
7,policy,0,2729,1,1,0.7753
7,policy,0,2729,2,2,0.7386
7,policy,0,2729,3,3,0.7538
7,policy,0,2729,4,4,0.7386
7,policy,0,2729,5,5,0.7386
7,policy,0,2729,6,6,0.7386
7,policy,0,2729,7,7,0.6749
7,policy,0,2729,8,8,0.6749
7,policy,0,2984,0,0,0.3133
7,policy,0,2984,1,1,0.6122
7,policy,0,2984,2,2,0.7059
7,policy,0,2984,3,3,0.7084
7,policy,0,2984,4,4,0.7084
7,policy,0,2984,5,5,0.7059
7,policy,0,2984,6,6,0.7059
7,policy,0,2984,7,7,0.6988
7,policy,0,2984,8,8,0.7084
7,policy,0,1888,0,0,0.8237
7,policy,0,1888,1,1,0.6242
7,policy,0,1888,2,2,0.7632
7,policy,0,1888,3,3,0.8486
7,policy,0,1888,4,4,0.8486
7,policy,0,1888,5,5,0.8486
7,policy,0,1888,6,6,0.8454
7,policy,0,1888,7,7,0.8604
7,policy,0,1888,8,8,0.8604
7,policy,0,2664,0,0,0.6062
7,policy,0,2664,1,1,0.8205
7,policy,0,2664,2,2,0.8900
7,policy,0,2664,3,3,0.8263
7,policy,0,2664,4,4,0.8900
7,policy,0,2664,5,5,0.8900
7,policy,0,2664,6,6,0.8611
7,policy,0,2664,7,7,0.8611
7,policy,0,2664,8,8,0.7975
7,policy,0,5442,0,0,0.4328
7,policy,0,5442,1,1,0.5767
7,policy,0,5442,2,2,0.6442
7,policy,0,5442,3,3,0.8237
7,policy,0,5442,4,4,0.8237
7,policy,0,5442,5,5,0.7569
7,policy,0,5442,6,6,0.7569
7,policy,0,5442,7,7,0.8237
7,policy,0,5442,8,8,0.8237
7,policy,0,780,0,0,0.2782
7,policy,0,780,1,0,0.2782
7,policy,0,780,2,1,0.6902
7,policy,0,780,3,2,0.6906
7,policy,0,780,4,3,0.6906
7,policy,0,780,5,4,0.6906
7,policy,0,780,6,5,0.6906
7,policy,0,780,7,6,0.6906
7,policy,0,780,8,7,0.6906
7,policy,0,5879,0,0,0.5416
7,policy,0,5879,1,1,0.5837
7,policy,0,5879,2,2,0.4479
7,policy,0,5879,3,3,0.4479
7,policy,0,5879,4,4,0.4448
7,policy,0,5879,5,5,0.4448
7,policy,0,5879,6,6,0.4448
7,policy,0,5879,7,7,0.4448
7,policy,0,5879,8,8,0.4448
7,policy,0,2848,0,0,0.3301
7,policy,0,2848,1,1,0.5482
7,policy,0,2848,2,1,0.5482
7,policy,0,2848,3,2,0.4886
7,policy,0,2848,4,3,0.4886
7,policy,0,2848,5,3,0.4886
7,policy,0,2848,6,4,0.4886
7,policy,0,2848,7,5,0.4937
7,policy,0,2848,8,6,0.4035
7,policy,0,4669,0,0,0.1420
7,policy,0,4669,1,0,0.1420
7,policy,0,4669,2,0,0.1420
7,policy,0,4669,3,1,0.3341
7,policy,0,4669,4,2,0.3341
7,policy,0,4669,5,2,0.3341
7,policy,0,4669,6,3,0.3341
7,policy,0,4669,7,4,0.3341
7,policy,0,4669,8,5,0.3977
7,policy,0,5086,0,0,0.8416
7,policy,0,5086,1,1,0.6746
7,policy,0,5086,2,2,0.8390
7,policy,0,5086,3,3,0.8048
7,policy,0,5086,4,4,0.8048
7,policy,0,5086,5,5,0.8048
7,policy,0,5086,6,6,0.7530
7,policy,0,5086,7,7,0.7242
7,policy,0,5086,8,8,0.7530
7,policy,0,2874,0,0,0.2173
7,policy,0,2874,1,0,0.2173
7,policy,0,2874,2,0,0.2173
7,policy,0,2874,3,1,0.3590
7,policy,0,2874,4,2,0.3590
7,policy,0,2874,5,2,0.3590
7,policy,0,2874,6,3,0.3590
7,policy,0,2874,7,4,0.3590
7,policy,0,2874,8,5,0.3590
7,policy,0,1097,0,0,0.1389
7,policy,0,1097,1,1,0.1389
7,policy,0,1097,2,2,0.1389
7,policy,0,1097,3,3,0.1389
7,policy,0,1097,4,4,0.1389
7,policy,0,1097,5,5,0.2051
7,policy,0,1097,6,5,0.2051
7,policy,0,1097,7,6,0.2083
7,policy,0,1097,8,6,0.2083
7,policy,0,1958,0,0,0.3811
7,policy,0,1958,1,1,0.1100
7,policy,0,1958,2,2,0.3719
7,policy,0,1958,3,3,0.3747
7,policy,0,1958,4,4,0.3843
7,policy,0,1958,5,5,0.3843
7,policy,0,1958,6,6,0.3786
7,policy,0,1958,7,7,0.3786
7,policy,0,1958,8,7,0.3786
7,policy,0,4876,0,0,0.4153
7,policy,0,4876,1,0,0.4153
7,policy,0,4876,2,1,0.3996
7,policy,0,4876,3,2,0.1884
7,policy,0,4876,4,3,0.2686
7,policy,0,4876,5,4,0.3430
7,policy,0,4876,6,5,0.3566
7,policy,0,4876,7,6,0.3684
7,policy,0,4876,8,7,0.3684
7,policy,0,4990,0,0,0.0901
7,policy,0,4990,1,0,0.0901
7,policy,0,4990,2,0,0.0901
7,policy,0,4990,3,0,0.0901
7,policy,0,4990,4,1,0.0000
7,policy,0,4990,5,2,0.0000
7,policy,0,4990,6,2,0.0000
7,policy,0,4990,7,2,0.0000
7,policy,0,4990,8,3,0.0000
7,policy,0,4212,0,0,0.6379
7,policy,0,4212,1,1,0.9266
7,policy,0,4212,2,2,0.9337
7,policy,0,4212,3,3,0.9306
7,policy,0,4212,4,4,0.9306
7,policy,0,4212,5,5,0.9306
7,policy,0,4212,6,6,0.9306
7,policy,0,4212,7,7,0.9306
7,policy,0,4212,8,8,0.9306
7,policy,0,5412,0,0,0.6168
7,policy,0,5412,1,1,0.2436
7,policy,0,5412,2,2,0.8318
7,policy,0,5412,3,3,0.7878
7,policy,0,5412,4,4,0.7124
7,policy,0,5412,5,5,0.7097
7,policy,0,5412,6,6,0.6497
7,policy,0,5412,7,7,0.5767
7,policy,0,5412,8,8,0.8572
7,policy,0,5621,0,0,0.0000
7,policy,0,5621,1,1,0.0000
7,policy,0,5621,2,1,0.0000
7,policy,0,5621,3,2,0.0000
7,policy,0,5621,4,3,0.0000
7,policy,0,5621,5,3,0.0000
7,policy,0,5621,6,4,0.0000
7,policy,0,5621,7,5,0.0000
7,policy,0,5621,8,6,0.0000
7,policy,0,4273,0,0,0.2298
7,policy,0,4273,1,0,0.2298
7,policy,0,4273,2,0,0.2298
7,policy,0,4273,3,1,0.0000
7,policy,0,4273,4,2,0.0663
7,policy,0,4273,5,3,0.0636
7,policy,0,4273,6,4,0.0636
7,policy,0,4273,7,5,0.0663
7,policy,0,4273,8,6,0.0663
7,policy,0,1869,0,0,0.4819
7,policy,0,1869,1,1,0.6875
7,policy,0,1869,2,2,0.7066
7,policy,0,1869,3,3,0.6754
7,policy,0,1869,4,4,0.6805
7,policy,0,1869,5,5,0.6831
7,policy,0,1869,6,6,0.6870
7,policy,0,1869,7,7,0.6805
7,policy,0,1869,8,8,0.6773
7,policy,0,5970,0,0,0.3820
7,policy,0,5970,1,1,0.3445
7,policy,0,5970,2,2,0.4272
7,policy,0,5970,3,3,0.6021
7,policy,0,5970,4,4,0.5384
7,policy,0,5970,5,5,0.5384
7,policy,0,5970,6,6,0.5384
7,policy,0,5970,7,7,0.5384
7,policy,0,5970,8,8,0.5384
7,policy,0,2055,0,0,0.4342
7,policy,0,2055,1,1,0.5829
7,policy,0,2055,2,2,0.6563
7,policy,0,2055,3,3,0.6930
7,policy,0,2055,4,4,0.7001
7,policy,0,2055,5,5,0.7663
7,policy,0,2055,6,6,0.4315
7,policy,0,2055,7,7,0.4284
7,policy,0,2055,8,8,0.4284
7,policy,0,487,0,0,0.3109
7,policy,0,487,1,0,0.3109
7,policy,0,487,2,0,0.3109
7,policy,0,487,3,1,0.4123
7,policy,0,487,4,2,0.4123
7,policy,0,487,5,2,0.4123
7,policy,0,487,6,3,0.4123
7,policy,0,487,7,4,0.4123
7,policy,0,487,8,5,0.4123
7,policy,0,2399,0,0,0.2240
7,policy,0,2399,1,0,0.2240
7,policy,0,2399,2,0,0.2240
7,policy,0,2399,3,1,0.2051
7,policy,0,2399,4,2,0.2083
7,policy,0,2399,5,3,0.2051
7,policy,0,2399,6,4,0.2083
7,policy,0,2399,7,5,0.2083
7,policy,0,2399,8,5,0.2083
7,policy,0,4740,0,0,0.2201
7,policy,0,4740,1,0,0.2201
7,policy,0,4740,2,0,0.2201
7,policy,0,4740,3,0,0.2201
7,policy,0,4740,4,1,0.3882
7,policy,0,4740,5,2,0.3811
7,policy,0,4740,6,2,0.3811
7,policy,0,4740,7,3,0.3785
7,policy,0,4740,8,4,0.3811
7,policy,0,4414,0,0,0.6047
7,policy,0,4414,1,0,0.6047
7,policy,0,4414,2,1,0.7799
7,policy,0,4414,3,2,0.8900
7,policy,0,4414,4,3,0.9216
7,policy,0,4414,5,4,0.9216
7,policy,0,4414,6,5,0.9216
7,policy,0,4414,7,6,0.9216
7,policy,0,4414,8,7,0.9216
7,policy,0,1974,0,0,0.0000
7,policy,0,1974,1,1,0.1478
7,policy,0,1974,2,1,0.1478
7,policy,0,1974,3,2,0.1389
7,policy,0,1974,4,3,0.1389
7,policy,0,1974,5,4,0.1389
7,policy,0,1974,6,5,0.1389
7,policy,0,1974,7,6,0.0000
7,policy,0,1974,8,6,0.0000
7,policy,0,4126,0,0,0.1420
7,policy,0,4126,1,0,0.1420
7,policy,0,4126,2,1,0.3590
7,policy,0,4126,3,2,0.3590
7,policy,0,4126,4,3,0.3149
7,policy,0,4126,5,4,0.3301
7,policy,0,4126,6,4,0.3301
7,policy,0,4126,7,5,0.3149
7,policy,0,4126,8,6,0.3590
7,policy,0,2232,0,0,0.2247
7,policy,0,2232,1,1,0.0636
7,policy,0,2232,2,2,0.0000
7,policy,0,2232,3,3,0.0663
7,policy,0,2232,4,4,0.0636
7,policy,0,2232,5,4,0.0636
7,policy,0,2232,6,5,0.0000
7,policy,0,2232,7,6,0.0000
7,policy,0,2232,8,6,0.0000
7,policy,0,5927,0,0,0.0000
7,policy,0,5927,1,1,0.0000
7,policy,0,5927,2,1,0.0000
7,policy,0,5927,3,2,0.0000
7,policy,0,5927,4,2,0.0000
7,policy,0,5927,5,2,0.0000
7,policy,0,5927,6,3,0.0000
7,policy,0,5927,7,4,0.0000
7,policy,0,5927,8,5,0.0000
7,policy,0,3023,0,0,0.4451
7,policy,0,3023,1,1,0.7534
7,policy,0,3023,2,2,0.6962
7,policy,0,3023,3,3,0.6817
7,policy,0,3023,4,4,0.6817
7,policy,0,3023,5,5,0.6988
7,policy,0,3023,6,6,0.6988
7,policy,0,3023,7,7,0.6969
7,policy,0,3023,8,8,0.7066
7,policy,0,607,0,0,0.0000
7,policy,0,607,1,1,0.0000
7,policy,0,607,2,2,0.0000
7,policy,0,607,3,3,0.0000
7,policy,0,607,4,4,0.0000
7,policy,0,607,5,5,0.0000
7,policy,0,607,6,6,0.0000
7,policy,0,607,7,7,0.0000
7,policy,0,607,8,8,0.0000
7,policy,1,1216,0,0,0.0000
7,policy,1,1216,1,1,0.0000
7,policy,1,1216,2,2,0.0000
7,policy,1,1216,3,3,0.0000
7,policy,1,1216,4,4,0.0000
7,policy,1,1216,5,5,0.0000
7,policy,1,1216,6,6,0.0000
7,policy,1,1216,7,7,0.0000
7,policy,1,1216,8,8,0.0000
7,policy,1,2820,0,0,0.1303
7,policy,1,2820,1,0,0.1303
7,policy,1,2820,2,0,0.1303
7,policy,1,2820,3,1,0.0000
7,policy,1,2820,4,2,0.0000
7,policy,1,2820,5,3,0.0000
7,policy,1,2820,6,4,0.0000
7,policy,1,2820,7,4,0.0000
7,policy,1,2820,8,5,0.0000
7,policy,1,3017,0,0,0.4937
7,policy,1,3017,1,1,0.7917
7,policy,1,3017,2,2,0.4257
7,policy,1,3017,3,3,0.3635
7,policy,1,3017,4,4,0.3635
7,policy,1,3017,5,5,0.3405
7,policy,1,3017,6,6,0.3405
7,policy,1,3017,7,7,0.3635
7,policy,1,3017,8,8,0.2973
7,policy,1,1260,0,0,0.0663
7,policy,1,1260,1,1,0.0000
7,policy,1,1260,2,2,0.0663
7,policy,1,1260,3,3,0.0000
7,policy,1,1260,4,4,0.0663
7,policy,1,1260,5,5,0.0663
7,policy,1,1260,6,6,0.0694
7,policy,1,1260,7,7,0.0734
7,policy,1,1260,8,8,0.0734
7,policy,1,1920,0,0,0.0851
7,policy,1,1920,1,1,0.0000
7,policy,1,1920,2,2,0.0000
7,policy,1,1920,3,3,0.0000
7,policy,1,1920,4,4,0.0000
7,policy,1,1920,5,5,0.0000
7,policy,1,1920,6,6,0.0000
7,policy,1,1920,7,7,0.0000
7,policy,1,1920,8,8,0.0000
7,policy,1,693,0,0,0.0000
7,policy,1,693,1,1,0.0000
7,policy,1,693,2,1,0.0000
7,policy,1,693,3,2,0.2350
7,policy,1,693,4,3,0.0000
7,policy,1,693,5,4,0.0000
7,policy,1,693,6,4,0.0000
7,policy,1,693,7,5,0.0000
7,policy,1,693,8,6,0.0000
7,policy,1,3268,0,0,0.0000
7,policy,1,3268,1,1,0.0000
7,policy,1,3268,2,2,0.0000
7,policy,1,3268,3,3,0.0000
7,policy,1,3268,4,4,0.0000
7,policy,1,3268,5,5,0.0000
7,policy,1,3268,6,6,0.0000
7,policy,1,3268,7,7,0.0000
7,policy,1,3268,8,8,0.0000
7,policy,1,3548,0,0,0.0000
7,policy,1,3548,1,0,0.0000
7,policy,1,3548,2,0,0.0000
7,policy,1,3548,3,1,0.0000
7,policy,1,3548,4,2,0.0000
7,policy,1,3548,5,2,0.0000
7,policy,1,3548,6,3,0.0000
7,policy,1,3548,7,4,0.0000
7,policy,1,3548,8,5,0.0000
7,policy,1,2780,0,0,0.2051
7,policy,1,2780,1,1,0.0694
7,policy,1,2780,2,2,0.0694
7,policy,1,2780,3,3,0.0694
7,policy,1,2780,4,4,0.0694
7,policy,1,2780,5,5,0.1331
7,policy,1,2780,6,6,0.1331
7,policy,1,2780,7,7,0.1396
7,policy,1,2780,8,8,0.1610
7,policy,1,5328,0,0,0.2272
7,policy,1,5328,1,1,0.2497
7,policy,1,5328,2,2,0.5104
7,policy,1,5328,3,3,0.6274
7,policy,1,5328,4,4,0.5638
7,policy,1,5328,5,5,0.5474
7,policy,1,5328,6,6,0.5384
7,policy,1,5328,7,7,0.5174
7,policy,1,5328,8,8,0.7264
7,policy,1,3770,0,0,0.0000
7,policy,1,3770,1,1,0.1478
7,policy,1,3770,2,2,0.1396
7,policy,1,3770,3,3,0.1299
7,policy,1,3770,4,4,0.1299
7,policy,1,3770,5,5,0.0694
7,policy,1,3770,6,6,0.0636
7,policy,1,3770,7,7,0.0000
7,policy,1,3770,8,8,0.0000
7,policy,1,5135,0,0,0.1100
7,policy,1,5135,1,1,0.0734
7,policy,1,5135,2,2,0.3031
7,policy,1,5135,3,3,0.2489
7,policy,1,5135,4,4,0.2048
7,policy,1,5135,5,5,0.1546
7,policy,1,5135,6,6,0.1546
7,policy,1,5135,7,7,0.1370
7,policy,1,5135,8,8,0.0734
7,policy,1,781,0,0,0.0000
7,policy,1,781,1,0,0.0000
7,policy,1,781,2,0,0.0000
7,policy,1,781,3,1,0.0000
7,policy,1,781,4,2,0.0000
7,policy,1,781,5,3,0.0000
7,policy,1,781,6,4,0.0000
7,policy,1,781,7,5,0.0000
7,policy,1,781,8,5,0.0000
7,policy,1,2908,0,0,0.6746
7,policy,1,2908,1,1,0.9364
7,policy,1,2908,2,2,0.9216
7,policy,1,2908,3,3,0.9306
7,policy,1,2908,4,4,0.9216
7,policy,1,2908,5,5,0.9216
7,policy,1,2908,6,6,0.9149
7,policy,1,2908,7,7,0.9052
7,policy,1,2908,8,8,0.9052
7,policy,1,4075,0,0,0.0000
7,policy,1,4075,1,1,0.0000
7,policy,1,4075,2,2,0.0000
7,policy,1,4075,3,3,0.0000
7,policy,1,4075,4,4,0.0000
7,policy,1,4075,5,5,0.0000
7,policy,1,4075,6,5,0.0000
7,policy,1,4075,7,6,0.0000
7,policy,1,4075,8,7,0.0000
7,policy,1,3106,0,0,0.0000
7,policy,1,3106,1,1,0.0000
7,policy,1,3106,2,2,0.0000
7,policy,1,3106,3,3,0.0000
7,policy,1,3106,4,4,0.0000
7,policy,1,3106,5,4,0.0000
7,policy,1,3106,6,5,0.0000
7,policy,1,3106,7,6,0.0000
7,policy,1,3106,8,7,0.0000
7,policy,1,759,0,0,0.0851
7,policy,1,759,1,0,0.0851
7,policy,1,759,2,0,0.0851
7,policy,1,759,3,1,0.0000
7,policy,1,759,4,1,0.0000
7,policy,1,759,5,2,0.0000
7,policy,1,759,6,3,0.0000
7,policy,1,759,7,4,0.0000
7,policy,1,759,8,4,0.0000
7,policy,1,5467,0,0,0.0000
7,policy,1,5467,1,1,0.0694
7,policy,1,5467,2,2,0.0000
7,policy,1,5467,3,3,0.0000
7,policy,1,5467,4,4,0.0000
7,policy,1,5467,5,5,0.0000
7,policy,1,5467,6,6,0.0000
7,policy,1,5467,7,7,0.0663
7,policy,1,5467,8,8,0.0784
7,policy,1,5744,0,0,0.0000
7,policy,1,5744,1,0,0.0000
7,policy,1,5744,2,1,0.0000
7,policy,1,5744,3,2,0.0000
7,policy,1,5744,4,3,0.0843
7,policy,1,5744,5,4,0.0901
7,policy,1,5744,6,5,0.2529
7,policy,1,5744,7,5,0.2529
7,policy,1,5744,8,6,0.2529
7,policy,1,3129,0,0,0.0000
7,policy,1,3129,1,0,0.0000
7,policy,1,3129,2,0,0.0000
7,policy,1,3129,3,1,0.0000
7,policy,1,3129,4,2,0.0000
7,policy,1,3129,5,2,0.0000
7,policy,1,3129,6,2,0.0000
7,policy,1,3129,7,2,0.0000
7,policy,1,3129,8,3,0.0000
7,policy,1,5990,0,0,0.0000
7,policy,1,5990,1,0,0.0000
7,policy,1,5990,2,1,0.0851
7,policy,1,5990,3,1,0.0851
7,policy,1,5990,4,2,0.0948
7,policy,1,5990,5,3,0.0948
7,policy,1,5990,6,4,0.0948
7,policy,1,5990,7,5,0.0948
7,policy,1,5990,8,6,0.0948
7,policy,1,306,0,0,0.0000
7,policy,1,306,1,1,0.0000
7,policy,1,306,2,2,0.0663
7,policy,1,306,3,3,0.0851
7,policy,1,306,4,4,0.0851
7,policy,1,306,5,5,0.0948
7,policy,1,306,6,6,0.0948
7,policy,1,306,7,7,0.0851
7,policy,1,306,8,7,0.0851
7,policy,1,3832,0,0,0.1795
7,policy,1,3832,1,1,0.0948
7,policy,1,3832,2,2,0.0636
7,policy,1,3832,3,3,0.0636
7,policy,1,3832,4,4,0.0636
7,policy,1,3832,5,5,0.0000
7,policy,1,3832,6,6,0.0000
7,policy,1,3832,7,7,0.0000
7,policy,1,3832,8,8,0.0636
7,policy,1,1356,0,0,0.0000
7,policy,1,1356,1,1,0.0000
7,policy,1,1356,2,2,0.0000
7,policy,1,1356,3,3,0.0000
7,policy,1,1356,4,4,0.0000
7,policy,1,1356,5,4,0.0000
7,policy,1,1356,6,5,0.0000
7,policy,1,1356,7,6,0.0000
7,policy,1,1356,8,7,0.0000
7,policy,1,5279,0,0,0.0000
7,policy,1,5279,1,0,0.0000
7,policy,1,5279,2,0,0.0000
7,policy,1,5279,3,1,0.0000
7,policy,1,5279,4,2,0.0000
7,policy,1,5279,5,3,0.0000
7,policy,1,5279,6,4,0.0000
7,policy,1,5279,7,5,0.0000
7,policy,1,5279,8,5,0.0000
7,policy,1,3201,0,0,0.1389
7,policy,1,3201,1,0,0.1389
7,policy,1,3201,2,1,0.3936
7,policy,1,3201,3,2,0.4427
7,policy,1,3201,4,3,0.4477
7,policy,1,3201,5,4,0.4451
7,policy,1,3201,6,5,0.3120
7,policy,1,3201,7,6,0.3783
7,policy,1,3201,8,7,0.3733
7,policy,1,370,0,0,0.0000
7,policy,1,370,1,1,0.0000
7,policy,1,370,2,2,0.0000
7,policy,1,370,3,3,0.0000
7,policy,1,370,4,4,0.0000
7,policy,1,370,5,5,0.0000
7,policy,1,370,6,6,0.0000
7,policy,1,370,7,7,0.0000
7,policy,1,370,8,7,0.0000
7,policy,1,2012,0,0,0.0663
7,policy,1,2012,1,1,0.4819
7,policy,1,2012,2,2,0.0784
7,policy,1,2012,3,3,0.0851
7,policy,1,2012,4,4,0.0734
7,policy,1,2012,5,5,0.0734
7,policy,1,2012,6,6,0.0734
7,policy,1,2012,7,7,0.0000
7,policy,1,2012,8,8,0.0000
7,policy,1,3899,0,0,0.0948
7,policy,1,3899,1,1,0.2376
7,policy,1,3899,2,2,0.6282
7,policy,1,3899,3,3,0.6595
7,policy,1,3899,4,4,0.6595
7,policy,1,3899,5,5,0.5959
7,policy,1,3899,6,6,0.5919
7,policy,1,3899,7,7,0.6505
7,policy,1,3899,8,8,0.6505
7,policy,1,2979,0,0,0.0000
7,policy,1,2979,1,1,0.0000
7,policy,1,2979,2,2,0.0000
7,policy,1,2979,3,3,0.0000
7,policy,1,2979,4,4,0.0000
7,policy,1,2979,5,5,0.0000
7,policy,1,2979,6,6,0.0000
7,policy,1,2979,7,7,0.0000
7,policy,1,2979,8,8,0.0000
7,policy,1,2748,0,0,0.0851
7,policy,1,2748,1,1,0.0000
7,policy,1,2748,2,2,0.0000
7,policy,1,2748,3,3,0.0000
7,policy,1,2748,4,4,0.0000
7,policy,1,2748,5,5,0.0000
7,policy,1,2748,6,6,0.0000
7,policy,1,2748,7,7,0.0000
7,policy,1,2748,8,8,0.0000
7,policy,1,821,0,0,0.3052
7,policy,1,821,1,0,0.3052
7,policy,1,821,2,1,0.0694
7,policy,1,821,3,2,0.0663
7,policy,1,821,4,3,0.0694
7,policy,1,821,5,4,0.0636
7,policy,1,821,6,5,0.0000
7,policy,1,821,7,6,0.0636
7,policy,1,821,8,7,0.0663
7,policy,1,3891,0,0,0.3647
7,policy,1,3891,1,1,0.0636
7,policy,1,3891,2,2,0.2141
7,policy,1,3891,3,3,0.2436
7,policy,1,3891,4,4,0.2436
7,policy,1,3891,5,5,0.2436
7,policy,1,3891,6,6,0.2436
7,policy,1,3891,7,7,0.2711
7,policy,1,3891,8,8,0.2711
7,policy,1,3250,0,0,0.0000
7,policy,1,3250,1,1,0.0000
7,policy,1,3250,2,1,0.0000
7,policy,1,3250,3,2,0.0851
7,policy,1,3250,4,2,0.0851
7,policy,1,3250,5,2,0.0851
7,policy,1,3250,6,3,0.0851
7,policy,1,3250,7,4,0.0948
7,policy,1,3250,8,5,0.0948
7,policy,1,4478,0,0,0.1514
7,policy,1,4478,1,1,0.1100
7,policy,1,4478,2,2,0.0000
7,policy,1,4478,3,3,0.0000
7,policy,1,4478,4,4,0.0000
7,policy,1,4478,5,5,0.0000
7,policy,1,4478,6,6,0.0000
7,policy,1,4478,7,7,0.0000
7,policy,1,4478,8,8,0.0000
7,policy,1,2536,0,0,0.4270
7,policy,1,2536,1,1,0.4288
7,policy,1,2536,2,2,0.4221
7,policy,1,2536,3,3,0.4124
7,policy,1,2536,4,4,0.4124
7,policy,1,2536,5,5,0.3996
7,policy,1,2536,6,6,0.4671
7,policy,1,2536,7,7,0.4729
7,policy,1,2536,8,8,0.4780
7,policy,1,1250,0,0,0.0000
7,policy,1,1250,1,0,0.0000
7,policy,1,1250,2,0,0.0000
7,policy,1,1250,3,1,0.0000
7,policy,1,1250,4,2,0.0000
7,policy,1,1250,5,3,0.0000
7,policy,1,1250,6,4,0.0000
7,policy,1,1250,7,5,0.0000
7,policy,1,1250,8,5,0.0000
7,policy,1,4763,0,0,0.0000
7,policy,1,4763,1,0,0.0000
7,policy,1,4763,2,0,0.0000
7,policy,1,4763,3,1,0.0000
7,policy,1,4763,4,2,0.0000
7,policy,1,4763,5,2,0.0000
7,policy,1,4763,6,2,0.0000
7,policy,1,4763,7,2,0.0000
7,policy,1,4763,8,3,0.0000
7,policy,1,4757,0,0,0.0000
7,policy,1,4757,1,0,0.0000
7,policy,1,4757,2,0,0.0000
7,policy,1,4757,3,1,0.1303
7,policy,1,4757,4,2,0.1909
7,policy,1,4757,5,2,0.1909
7,policy,1,4757,6,3,0.1909
7,policy,1,4757,7,4,0.1909
7,policy,1,4757,8,5,0.1909
7,policy,1,5792,0,0,0.0000
7,policy,1,5792,1,0,0.0000
7,policy,1,5792,2,0,0.0000
7,policy,1,5792,3,1,0.0734
7,policy,1,5792,4,2,0.0663
7,policy,1,5792,5,3,0.0663
7,policy,1,5792,6,4,0.0663
7,policy,1,5792,7,5,0.0663
7,policy,1,5792,8,5,0.0663
7,policy,1,6025,0,0,0.0000
7,policy,1,6025,1,0,0.0000
7,policy,1,6025,2,0,0.0000
7,policy,1,6025,3,1,0.0000
7,policy,1,6025,4,2,0.0000
7,policy,1,6025,5,3,0.0000
7,policy,1,6025,6,4,0.0000
7,policy,1,6025,7,5,0.0000
7,policy,1,6025,8,6,0.0000
7,policy,1,5989,0,0,0.0636
7,policy,1,5989,1,1,0.2337
7,policy,1,5989,2,2,0.0734
7,policy,1,5989,3,3,0.1514
7,policy,1,5989,4,4,0.1514
7,policy,1,5989,5,5,0.1514
7,policy,1,5989,6,6,0.1514
7,policy,1,5989,7,7,0.1447
7,policy,1,5989,8,8,0.0694
7,policy,1,1434,0,0,0.0000
7,policy,1,1434,1,1,0.0000
7,policy,1,1434,2,1,0.0000
7,policy,1,1434,3,2,0.0000
7,policy,1,1434,4,2,0.0000
7,policy,1,1434,5,2,0.0000
7,policy,1,1434,6,3,0.0000
7,policy,1,1434,7,4,0.0000
7,policy,1,1434,8,5,0.0000
7,policy,1,4950,0,0,0.2247
7,policy,1,4950,1,1,0.1357
7,policy,1,4950,2,2,0.3531
7,policy,1,4950,3,3,0.3715
7,policy,1,4950,4,4,0.3719
7,policy,1,4950,5,5,0.3719
7,policy,1,4950,6,6,0.3719
7,policy,1,4950,7,7,0.4545
7,policy,1,4950,8,8,0.3052
7,policy,1,4781,0,0,0.0000
7,policy,1,4781,1,1,0.0000
7,policy,1,4781,2,2,0.3149
7,policy,1,4781,3,3,0.3149
7,policy,1,4781,4,4,0.2985
7,policy,1,4781,5,5,0.2935
7,policy,1,4781,6,6,0.2863
7,policy,1,4781,7,7,0.2201
7,policy,1,4781,8,8,0.3590
7,policy,1,3169,0,0,0.0000
7,policy,1,3169,1,1,0.0000
7,policy,1,3169,2,2,0.0000
7,policy,1,3169,3,3,0.0000
7,policy,1,3169,4,4,0.0000
7,policy,1,3169,5,4,0.0000
7,policy,1,3169,6,5,0.0000
7,policy,1,3169,7,6,0.0000
7,policy,1,3169,8,7,0.0000
7,policy,1,574,0,0,0.0734
7,policy,1,574,1,0,0.0734
7,policy,1,574,2,1,0.4035
7,policy,1,574,3,2,0.3922
7,policy,1,574,4,3,0.3922
7,policy,1,574,5,4,0.3922
7,policy,1,574,6,5,0.3922
7,policy,1,574,7,6,0.3922
7,policy,1,574,8,7,0.3922
7,policy,1,955,0,0,0.0000
7,policy,1,955,1,0,0.0000
7,policy,1,955,2,1,0.0000
7,policy,1,955,3,2,0.0000
7,policy,1,955,4,3,0.0000
7,policy,1,955,5,4,0.0000
7,policy,1,955,6,5,0.0000
7,policy,1,955,7,6,0.0000
7,policy,1,955,8,7,0.0000
7,policy,1,3445,0,0,0.0000
7,policy,1,3445,1,0,0.0000
7,policy,1,3445,2,0,0.0000
7,policy,1,3445,3,1,0.0000
7,policy,1,3445,4,1,0.0000
7,policy,1,3445,5,1,0.0000
7,policy,1,3445,6,2,0.0000
7,policy,1,3445,7,3,0.0000
7,policy,1,3445,8,3,0.0000
7,policy,1,585,0,0,0.0000
7,policy,1,585,1,0,0.0000
7,policy,1,585,2,0,0.0000
7,policy,1,585,3,1,0.0000
7,policy,1,585,4,2,0.0000
7,policy,1,585,5,3,0.0000
7,policy,1,585,6,4,0.0000
7,policy,1,585,7,5,0.0000
7,policy,1,585,8,6,0.3392
7,policy,1,5503,0,0,0.2685
7,policy,1,5503,1,1,0.4815
7,policy,1,5503,2,2,0.6718
7,policy,1,5503,3,3,0.6406
7,policy,1,5503,4,4,0.5704
7,policy,1,5503,5,5,0.6464
7,policy,1,5503,6,6,0.6406
7,policy,1,5503,7,7,0.5654
7,policy,1,5503,8,8,0.5583
7,policy,1,362,0,0,0.0000
7,policy,1,362,1,0,0.0000
7,policy,1,362,2,1,0.0000
7,policy,1,362,3,1,0.0000
7,policy,1,362,4,2,0.0000
7,policy,1,362,5,3,0.0000
7,policy,1,362,6,4,0.0000
7,policy,1,362,7,5,0.0000
7,policy,1,362,8,6,0.0000
7,policy,1,3332,0,0,0.0000
7,policy,1,3332,1,1,0.0948
7,policy,1,3332,2,2,0.2528
7,policy,1,3332,3,3,0.1635
7,policy,1,3332,4,4,0.2298
7,policy,1,3332,5,5,0.2330
7,policy,1,3332,6,6,0.2369
7,policy,1,3332,7,7,0.2369
7,policy,1,3332,8,8,0.2298
7,policy,1,554,0,0,0.0000
7,policy,1,554,1,0,0.0000
7,policy,1,554,2,0,0.0000
7,policy,1,554,3,1,0.0000
7,policy,1,554,4,2,0.0000
7,policy,1,554,5,3,0.0000
7,policy,1,554,6,4,0.0000
7,policy,1,554,7,4,0.0000
7,policy,1,554,8,4,0.0000
7,policy,1,3282,0,0,0.0000
7,policy,1,3282,1,1,0.3786
7,policy,1,3282,2,2,0.3882
7,policy,1,3282,3,3,0.4671
7,policy,1,3282,4,4,0.4035
7,policy,1,3282,5,5,0.4959
7,policy,1,3282,6,6,0.4323
7,policy,1,3282,7,7,0.2122
7,policy,1,3282,8,8,0.2122
7,policy,1,5925,0,0,0.0000
7,policy,1,5925,1,0,0.0000
7,policy,1,5925,2,1,0.0000
7,policy,1,5925,3,2,0.0734
7,policy,1,5925,4,3,0.0663
7,policy,1,5925,5,4,0.0734
7,policy,1,5925,6,5,0.0784
7,policy,1,5925,7,6,0.0784
7,policy,1,5925,8,7,0.0734
7,policy,1,1610,0,0,0.0694
7,policy,1,1610,1,1,0.5366
7,policy,1,1610,2,2,0.2985
7,policy,1,1610,3,3,0.3621
7,policy,1,1610,4,4,0.3621
7,policy,1,1610,5,5,0.3621
7,policy,1,1610,6,6,0.3571
7,policy,1,1610,7,7,0.3621
7,policy,1,1610,8,8,0.3689
7,policy,1,3354,0,0,0.0000
7,policy,1,3354,1,0,0.0000
7,policy,1,3354,2,0,0.0000
7,policy,1,3354,3,1,0.0000
7,policy,1,3354,4,2,0.0000
7,policy,1,3354,5,3,0.0000
7,policy,1,3354,6,4,0.0000
7,policy,1,3354,7,4,0.0000
7,policy,1,3354,8,4,0.0000
7,policy,1,1693,0,0,0.0663
7,policy,1,1693,1,1,0.5927
7,policy,1,1693,2,2,0.3747
7,policy,1,1693,3,3,0.3786
7,policy,1,1693,4,4,0.3719
7,policy,1,1693,5,5,0.3719
7,policy,1,1693,6,6,0.3719
7,policy,1,1693,7,7,0.2985
7,policy,1,1693,8,8,0.3052
7,policy,1,1856,0,0,0.0000
7,policy,1,1856,1,0,0.0000
7,policy,1,1856,2,0,0.0000
7,policy,1,1856,3,1,0.0000
7,policy,1,1856,4,2,0.0000
7,policy,1,1856,5,2,0.0000
7,policy,1,1856,6,3,0.0000
7,policy,1,1856,7,4,0.0000
7,policy,1,1856,8,5,0.0000
7,policy,1,984,0,0,0.0000
7,policy,1,984,1,1,0.0734
7,policy,1,984,2,2,0.0000
7,policy,1,984,3,3,0.0000
7,policy,1,984,4,4,0.0000
7,policy,1,984,5,5,0.0000
7,policy,1,984,6,6,0.0000
7,policy,1,984,7,7,0.0000
7,policy,1,984,8,8,0.0000
7,policy,1,2490,0,0,0.0948
7,policy,1,2490,1,0,0.0948
7,policy,1,2490,2,0,0.0948
7,policy,1,2490,3,1,0.1799
7,policy,1,2490,4,2,0.1799
7,policy,1,2490,5,3,0.1799
7,policy,1,2490,6,4,0.1799
7,policy,1,2490,7,5,0.1799
7,policy,1,2490,8,6,0.1799
7,policy,1,2395,0,0,0.0000
7,policy,1,2395,1,0,0.0000
7,policy,1,2395,2,0,0.0000
7,policy,1,2395,3,1,0.0000
7,policy,1,2395,4,2,0.0000
7,policy,1,2395,5,3,0.0000
7,policy,1,2395,6,4,0.0000
7,policy,1,2395,7,5,0.0000
7,policy,1,2395,8,5,0.0000
7,policy,1,4666,0,0,0.0000
7,policy,1,4666,1,0,0.0000
7,policy,1,4666,2,0,0.0000
7,policy,1,4666,3,1,0.0843
7,policy,1,4666,4,2,0.0761
7,policy,1,4666,5,3,0.0761
7,policy,1,4666,6,4,0.0761
7,policy,1,4666,7,5,0.0761
7,policy,1,4666,8,5,0.0761
7,policy,1,4638,0,0,0.0000
7,policy,1,4638,1,0,0.0000
7,policy,1,4638,2,1,0.0000
7,policy,1,4638,3,1,0.0000
7,policy,1,4638,4,2,0.0000
7,policy,1,4638,5,3,0.0000
7,policy,1,4638,6,3,0.0000
7,policy,1,4638,7,4,0.0000
7,policy,1,4638,8,5,0.0000
7,policy,1,1726,0,0,0.2547
7,policy,1,1726,1,1,0.5868
7,policy,1,1726,2,2,0.6110
7,policy,1,1726,3,3,0.5861
7,policy,1,1726,4,4,0.5869
7,policy,1,1726,5,5,0.5861
7,policy,1,1726,6,6,0.6025
7,policy,1,1726,7,7,0.5958
7,policy,1,1726,8,8,0.5861
7,policy,1,1544,0,0,0.0734
7,policy,1,1544,1,1,0.0000
7,policy,1,1544,2,2,0.0000
7,policy,1,1544,3,3,0.0000
7,policy,1,1544,4,4,0.0000
7,policy,1,1544,5,5,0.0000
7,policy,1,1544,6,6,0.0000
7,policy,1,1544,7,7,0.0000
7,policy,1,1544,8,8,0.0000
7,policy,1,1401,0,0,0.0000
7,policy,1,1401,1,0,0.0000
7,policy,1,1401,2,0,0.0000
7,policy,1,1401,3,1,0.0000
7,policy,1,1401,4,2,0.0000
7,policy,1,1401,5,3,0.0000
7,policy,1,1401,6,4,0.0000
7,policy,1,1401,7,4,0.0000
7,policy,1,1401,8,4,0.0000
7,policy,1,1712,0,0,0.0000
7,policy,1,1712,1,0,0.0000
7,policy,1,1712,2,1,0.0000
7,policy,1,1712,3,1,0.0000
7,policy,1,1712,4,2,0.0000
7,policy,1,1712,5,2,0.0000
7,policy,1,1712,6,3,0.0000
7,policy,1,1712,7,4,0.0000
7,policy,1,1712,8,5,0.0000
7,policy,1,1348,0,0,0.0000
7,policy,1,1348,1,1,0.4000
7,policy,1,1348,2,2,0.1635
7,policy,1,1348,3,3,0.1100
7,policy,1,1348,4,4,0.1100
7,policy,1,1348,5,5,0.1100
7,policy,1,1348,6,6,0.1100
7,policy,1,1348,7,7,0.1100
7,policy,1,1348,8,8,0.1100
7,policy,1,4769,0,0,0.0980
7,policy,1,4769,1,0,0.0980
7,policy,1,4769,2,0,0.0980
7,policy,1,4769,3,1,0.0000
7,policy,1,4769,4,2,0.0000
7,policy,1,4769,5,3,0.0000
7,policy,1,4769,6,4,0.1070
7,policy,1,4769,7,4,0.1070
7,policy,1,4769,8,5,0.0000
7,policy,1,3915,0,0,0.1100
7,policy,1,3915,1,1,0.4085
7,policy,1,3915,2,2,0.3024
7,policy,1,3915,3,3,0.3687
7,policy,1,3915,4,4,0.4323
7,policy,1,3915,5,5,0.4729
7,policy,1,3915,6,6,0.4679
7,policy,1,3915,7,7,0.5989
7,policy,1,3915,8,8,0.5989
7,policy,1,3137,0,0,0.0851
7,policy,1,3137,1,1,0.0000
7,policy,1,3137,2,2,0.0784
7,policy,1,3137,3,3,0.2727
7,policy,1,3137,4,4,0.2727
7,policy,1,3137,5,5,0.1428
7,policy,1,3137,6,6,0.1428
7,policy,1,3137,7,7,0.2064
7,policy,1,3137,8,8,0.2064
7,policy,1,3056,0,0,0.0000
7,policy,1,3056,1,0,0.0000
7,policy,1,3056,2,0,0.0000
7,policy,1,3056,3,1,0.0000
7,policy,1,3056,4,2,0.0000
7,policy,1,3056,5,3,0.0000
7,policy,1,3056,6,4,0.0000
7,policy,1,3056,7,5,0.0000
7,policy,1,3056,8,6,0.0000
7,policy,1,3344,0,0,0.0784
7,policy,1,3344,1,1,0.1100
7,policy,1,3344,2,2,0.3469
7,policy,1,3344,3,3,0.3967
7,policy,1,3344,4,4,0.3936
7,policy,1,3344,5,5,0.3850
7,policy,1,3344,6,6,0.3882
7,policy,1,3344,7,7,0.3885
7,policy,1,3344,8,8,0.3846
7,policy,1,2009,0,0,0.0948
7,policy,1,2009,1,1,0.0000
7,policy,1,2009,2,2,0.1737
7,policy,1,2009,3,3,0.1389
7,policy,1,2009,4,4,0.1389
7,policy,1,2009,5,5,0.1389
7,policy,1,2009,6,6,0.1389
7,policy,1,2009,7,7,0.1389
7,policy,1,2009,8,8,0.1389
7,policy,1,2794,0,0,0.0000
7,policy,1,2794,1,1,0.0000
7,policy,1,2794,2,2,0.0000
7,policy,1,2794,3,3,0.0000
7,policy,1,2794,4,4,0.0000
7,policy,1,2794,5,4,0.0000
7,policy,1,2794,6,5,0.0000
7,policy,1,2794,7,6,0.0000
7,policy,1,2794,8,7,0.0000
7,policy,1,5653,0,0,0.3125
7,policy,1,5653,1,1,0.0000
7,policy,1,5653,2,2,0.0000
7,policy,1,5653,3,3,0.0000
7,policy,1,5653,4,4,0.0636
7,policy,1,5653,5,5,0.0000
7,policy,1,5653,6,6,0.0663
7,policy,1,5653,7,7,0.0663
7,policy,1,5653,8,8,0.0636
7,policy,1,5615,0,0,0.0000
7,policy,1,5615,1,1,0.0000
7,policy,1,5615,2,2,0.0000
7,policy,1,5615,3,3,0.0000
7,policy,1,5615,4,4,0.0000
7,policy,1,5615,5,5,0.0000
7,policy,1,5615,6,6,0.0000
7,policy,1,5615,7,7,0.0000
7,policy,1,5615,8,8,0.0000
7,policy,1,3884,0,0,0.0784
7,policy,1,3884,1,1,0.2583
7,policy,1,3884,2,2,0.2736
7,policy,1,3884,3,3,0.3687
7,policy,1,3884,4,4,0.4323
7,policy,1,3884,5,5,0.5869
7,policy,1,3884,6,6,0.5361
7,policy,1,3884,7,7,0.5811
7,policy,1,3884,8,8,0.6722
7,policy,1,399,0,0,0.0000
7,policy,1,399,1,0,0.0000
7,policy,1,399,2,0,0.0000
7,policy,1,399,3,1,0.0000
7,policy,1,399,4,2,0.0000
7,policy,1,399,5,2,0.0000
7,policy,1,399,6,3,0.0000
7,policy,1,399,7,4,0.0000
7,policy,1,399,8,5,0.0000
7,policy,1,4972,0,0,0.0000
7,policy,1,4972,1,0,0.0000
7,policy,1,4972,2,0,0.0000
7,policy,1,4972,3,1,0.1884
7,policy,1,4972,4,2,0.2083
7,policy,1,4972,5,3,0.2895
7,policy,1,4972,6,4,0.2895
7,policy,1,4972,7,5,0.2895
7,policy,1,4972,8,5,0.2895
7,policy,1,6,0,0,0.0000
7,policy,1,6,1,0,0.0000
7,policy,1,6,2,1,0.2152
7,policy,1,6,3,2,0.1131
7,policy,1,6,4,3,0.2443
7,policy,1,6,5,4,0.2443
7,policy,1,6,6,5,0.2292
7,policy,1,6,7,6,0.2292
7,policy,1,6,8,7,0.1208
7,policy,1,4963,0,0,0.0000
7,policy,1,4963,1,1,0.0000
7,policy,1,4963,2,2,0.2201
7,policy,1,4963,3,3,0.2025
7,policy,1,4963,4,4,0.1763
7,policy,1,4963,5,5,0.1447
7,policy,1,4963,6,6,0.1396
7,policy,1,4963,7,7,0.1331
7,policy,1,4963,8,8,0.2895
7,policy,1,666,0,0,0.0000
7,policy,1,666,1,1,0.0000
7,policy,1,666,2,2,0.0000
7,policy,1,666,3,3,0.0000
7,policy,1,666,4,4,0.0000
7,policy,1,666,5,5,0.0000
7,policy,1,666,6,6,0.0000
7,policy,1,666,7,7,0.0000
7,policy,1,666,8,8,0.0000
7,policy,1,2621,0,0,0.0000
7,policy,1,2621,1,0,0.0000
7,policy,1,2621,2,0,0.0000
7,policy,1,2621,3,1,0.0000
7,policy,1,2621,4,2,0.0000
7,policy,1,2621,5,2,0.0000
7,policy,1,2621,6,3,0.0000
7,policy,1,2621,7,4,0.0000
7,policy,1,2621,8,5,0.0000
7,policy,1,465,0,0,0.0000
7,policy,1,465,1,1,0.0734
7,policy,1,465,2,1,0.0734
7,policy,1,465,3,2,0.4252
7,policy,1,465,4,3,0.3301
7,policy,1,465,5,3,0.3301
7,policy,1,465,6,4,0.4284
7,policy,1,465,7,5,0.2489
7,policy,1,465,8,5,0.2489
7,policy,1,2226,0,0,0.0000
7,policy,1,2226,1,1,0.1184
7,policy,1,2226,2,2,0.0795
7,policy,1,2226,3,3,0.0000
7,policy,1,2226,4,4,0.0000
7,policy,1,2226,5,5,0.0000
7,policy,1,2226,6,6,0.0000
7,policy,1,2226,7,7,0.0000
7,policy,1,2226,8,8,0.0000
7,policy,1,1528,0,0,0.0000
7,policy,1,1528,1,0,0.0000
7,policy,1,1528,2,1,0.0000
7,policy,1,1528,3,1,0.0000
7,policy,1,1528,4,2,0.0000
7,policy,1,1528,5,2,0.0000
7,policy,1,1528,6,3,0.0000
7,policy,1,1528,7,4,0.0000
7,policy,1,1528,8,5,0.0000
7,policy,1,247,0,0,0.0000
7,policy,1,247,1,0,0.0000
7,policy,1,247,2,0,0.0000
7,policy,1,247,3,1,0.0000
7,policy,1,247,4,2,0.0000
7,policy,1,247,5,3,0.0000
7,policy,1,247,6,4,0.0000
7,policy,1,247,7,5,0.0000
7,policy,1,247,8,6,0.0000
7,policy,1,5648,0,0,0.0948
7,policy,1,5648,1,0,0.0948
7,policy,1,5648,2,1,0.2240
7,policy,1,5648,3,2,0.2867
7,policy,1,5648,4,3,0.1584
7,policy,1,5648,5,4,0.2083
7,policy,1,5648,6,5,0.2122
7,policy,1,5648,7,6,0.2122
7,policy,1,5648,8,7,0.2083
7,policy,1,3710,0,0,0.1100
7,policy,1,3710,1,0,0.1100
7,policy,1,3710,2,1,0.0784
7,policy,1,3710,3,2,0.0694
7,policy,1,3710,4,3,0.0000
7,policy,1,3710,5,4,0.0000
7,policy,1,3710,6,5,0.0000
7,policy,1,3710,7,6,0.0000
7,policy,1,3710,8,7,0.0000
7,policy,1,4163,0,0,0.0000
7,policy,1,4163,1,0,0.0000
7,policy,1,4163,2,0,0.0000
7,policy,1,4163,3,1,0.0000
7,policy,1,4163,4,2,0.0000
7,policy,1,4163,5,3,0.0000
7,policy,1,4163,6,4,0.0000
7,policy,1,4163,7,4,0.0000
7,policy,1,4163,8,4,0.0000
7,policy,1,4625,0,0,0.3629
7,policy,1,4625,1,1,0.0694
7,policy,1,4625,2,2,0.5798
7,policy,1,4625,3,3,0.6028
7,policy,1,4625,4,4,0.6367
7,policy,1,4625,5,5,0.4767
7,policy,1,4625,6,6,0.4767
7,policy,1,4625,7,7,0.4100
7,policy,1,4625,8,8,0.4100
7,policy,1,1121,0,0,0.0000
7,policy,1,1121,1,1,0.1635
7,policy,1,1121,2,2,0.0000
7,policy,1,1121,3,3,0.0000
7,policy,1,1121,4,4,0.0000
7,policy,1,1121,5,5,0.0000
7,policy,1,1121,6,6,0.0000
7,policy,1,1121,7,7,0.0000
7,policy,1,1121,8,8,0.0000
7,policy,1,4026,0,0,0.0000
7,policy,1,4026,1,1,0.0909
7,policy,1,4026,2,2,0.1012
7,policy,1,4026,3,3,0.1175
7,policy,1,4026,4,4,0.1175
7,policy,1,4026,5,5,0.2162
7,policy,1,4026,6,6,0.2224
7,policy,1,4026,7,7,0.2320
7,policy,1,4026,8,8,0.2188
7,policy,1,1685,0,0,0.0000
7,policy,1,1685,1,0,0.0000
7,policy,1,1685,2,0,0.0000
7,policy,1,1685,3,1,0.0000
7,policy,1,1685,4,2,0.0000
7,policy,1,1685,5,3,0.0000
7,policy,1,1685,6,4,0.0000
7,policy,1,1685,7,5,0.0000
7,policy,1,1685,8,6,0.0000
7,policy,1,248,0,0,0.0948
7,policy,1,248,1,1,0.1389
7,policy,1,248,2,2,0.2083
7,policy,1,248,3,3,0.1610
7,policy,1,248,4,4,0.1682
7,policy,1,248,5,5,0.1732
7,policy,1,248,6,6,0.1732
7,policy,1,248,7,7,0.1799
7,policy,1,248,8,8,0.1799
7,policy,1,1221,0,0,0.0000
7,policy,1,1221,1,0,0.0000
7,policy,1,1221,2,0,0.0000
7,policy,1,1221,3,1,0.0000
7,policy,1,1221,4,2,0.0000
7,policy,1,1221,5,3,0.0000
7,policy,1,1221,6,4,0.0000
7,policy,1,1221,7,5,0.0000
7,policy,1,1221,8,6,0.0000
7,policy,1,132,0,0,0.1389
7,policy,1,132,1,0,0.1389
7,policy,1,132,2,0,0.1389
7,policy,1,132,3,1,0.0000
7,policy,1,132,4,2,0.0636
7,policy,1,132,5,3,0.0000
7,policy,1,132,6,4,0.0000
7,policy,1,132,7,5,0.0000
7,policy,1,132,8,6,0.0000
7,policy,1,2718,0,0,0.0000
7,policy,1,2718,1,1,0.2399
7,policy,1,2718,2,1,0.2399
7,policy,1,2718,3,2,0.5167
7,policy,1,2718,4,3,0.4570
7,policy,1,2718,5,3,0.4570
7,policy,1,2718,6,4,0.4531
7,policy,1,2718,7,5,0.3854
7,policy,1,2718,8,6,0.4946
7,policy,1,507,0,0,0.0000
7,policy,1,507,1,1,0.2935
7,policy,1,507,2,2,0.0851
7,policy,1,507,3,3,0.0000
7,policy,1,507,4,4,0.0000
7,policy,1,507,5,5,0.0000
7,policy,1,507,6,6,0.0000
7,policy,1,507,7,7,0.0000
7,policy,1,507,8,8,0.0000
7,policy,1,4786,0,0,0.0000
7,policy,1,4786,1,0,0.0000
7,policy,1,4786,2,1,0.1128
7,policy,1,4786,3,2,0.0000
7,policy,1,4786,4,3,0.1128
7,policy,1,4786,5,3,0.1128
7,policy,1,4786,6,3,0.1128
7,policy,1,4786,7,4,0.1175
7,policy,1,4786,8,5,0.1128
7,policy,1,241,0,0,0.1100
7,policy,1,241,1,0,0.1100
7,policy,1,241,2,1,0.0000
7,policy,1,241,3,2,0.0000
7,policy,1,241,4,3,0.0000
7,policy,1,241,5,4,0.0000
7,policy,1,241,6,5,0.0000
7,policy,1,241,7,6,0.0000
7,policy,1,241,8,7,0.0000
7,policy,1,2456,0,0,0.1100
7,policy,1,2456,1,1,0.2579
7,policy,1,2456,2,2,0.5631
7,policy,1,2456,3,3,0.6620
7,policy,1,2456,4,4,0.6524
7,policy,1,2456,5,5,0.5919
7,policy,1,2456,6,6,0.6267
7,policy,1,2456,7,7,0.5521
7,policy,1,2456,8,8,0.5342
7,policy,1,3202,0,0,0.0000
7,policy,1,3202,1,1,0.0000
7,policy,1,3202,2,2,0.0000
7,policy,1,3202,3,3,0.0000
7,policy,1,3202,4,4,0.0000
7,policy,1,3202,5,5,0.0000
7,policy,1,3202,6,6,0.0000
7,policy,1,3202,7,7,0.0663
7,policy,1,3202,8,8,0.0663
7,policy,1,62,0,0,0.1389
7,policy,1,62,1,0,0.1389
7,policy,1,62,2,1,0.0000
7,policy,1,62,3,1,0.0000
7,policy,1,62,4,2,0.0000
7,policy,1,62,5,3,0.0000
7,policy,1,62,6,4,0.0000
7,policy,1,62,7,5,0.0000
7,policy,1,62,8,6,0.0000
7,policy,1,3811,0,0,0.0663
7,policy,1,3811,1,0,0.0663
7,policy,1,3811,2,1,0.1100
7,policy,1,3811,3,2,0.0948
7,policy,1,3811,4,3,0.0784
7,policy,1,3811,5,4,0.0784
7,policy,1,3811,6,5,0.0784
7,policy,1,3811,7,6,0.0784
7,policy,1,3811,8,7,0.0851
7,policy,1,4901,0,0,0.0663
7,policy,1,4901,1,1,0.0948
7,policy,1,4901,2,2,0.1389
7,policy,1,4901,3,3,0.2863
7,policy,1,4901,4,4,0.2863
7,policy,1,4901,5,5,0.1584
7,policy,1,4901,6,5,0.1584
7,policy,1,4901,7,6,0.0663
7,policy,1,4901,8,7,0.0663
7,policy,1,4689,0,0,0.0000
7,policy,1,4689,1,1,0.0000
7,policy,1,4689,2,2,0.0000
7,policy,1,4689,3,3,0.0000
7,policy,1,4689,4,4,0.0000
7,policy,1,4689,5,4,0.0000
7,policy,1,4689,6,5,0.0000
7,policy,1,4689,7,6,0.0000
7,policy,1,4689,8,7,0.0000
7,policy,1,2509,0,0,0.0000
7,policy,1,2509,1,0,0.0000
7,policy,1,2509,2,0,0.0000
7,policy,1,2509,3,1,0.0000
7,policy,1,2509,4,2,0.0000
7,policy,1,2509,5,2,0.0000
7,policy,1,2509,6,3,0.0000
7,policy,1,2509,7,4,0.0000
7,policy,1,2509,8,5,0.0000
7,policy,1,5274,0,0,0.0784
7,policy,1,5274,1,0,0.0784
7,policy,1,5274,2,0,0.0784
7,policy,1,5274,3,1,0.0663
7,policy,1,5274,4,2,0.0636
7,policy,1,5274,5,3,0.0636
7,policy,1,5274,6,4,0.0636
7,policy,1,5274,7,5,0.0636
7,policy,1,5274,8,5,0.0636
7,policy,1,5586,0,0,0.0636
7,policy,1,5586,1,0,0.0636
7,policy,1,5586,2,0,0.0636
7,policy,1,5586,3,1,0.1389
7,policy,1,5586,4,2,0.2201
7,policy,1,5586,5,3,0.1100
7,policy,1,5586,6,4,0.1389
7,policy,1,5586,7,5,0.1389
7,policy,1,5586,8,5,0.1389
7,policy,1,9,0,0,0.3882
7,policy,1,9,1,1,0.3223
7,policy,1,9,2,2,0.5442
7,policy,1,9,3,3,0.1635
7,policy,1,9,4,4,0.2248
7,policy,1,9,5,5,0.3558
7,policy,1,9,6,6,0.3301
7,policy,1,9,7,7,0.3301
7,policy,1,9,8,8,0.3301
7,policy,1,863,0,0,0.0000
7,policy,1,863,1,1,0.2173
7,policy,1,863,2,2,0.0000
7,policy,1,863,3,3,0.0636
7,policy,1,863,4,4,0.0636
7,policy,1,863,5,4,0.0636
7,policy,1,863,6,5,0.0663
7,policy,1,863,7,6,0.0734
7,policy,1,863,8,7,0.0000
7,policy,1,2370,0,0,0.0000
7,policy,1,2370,1,0,0.0000
7,policy,1,2370,2,0,0.0000
7,policy,1,2370,3,1,0.0000
7,policy,1,2370,4,2,0.0948
7,policy,1,2370,5,3,0.0663
7,policy,1,2370,6,4,0.0663
7,policy,1,2370,7,5,0.0734
7,policy,1,2370,8,6,0.0000
7,policy,1,3588,0,0,0.0784
7,policy,1,3588,1,1,0.4249
7,policy,1,3588,2,2,0.3418
7,policy,1,3588,3,3,0.1737
7,policy,1,3588,4,4,0.1737
7,policy,1,3588,5,5,0.1795
7,policy,1,3588,6,6,0.2457
7,policy,1,3588,7,7,0.1763
7,policy,1,3588,8,8,0.0948
7,policy,1,2915,0,0,0.0000
7,policy,1,2915,1,1,0.0000
7,policy,1,2915,2,2,0.3301
7,policy,1,2915,3,3,0.3590
7,policy,1,2915,4,4,0.3590
7,policy,1,2915,5,5,0.3590
7,policy,1,2915,6,6,0.3590
7,policy,1,2915,7,7,0.3590
7,policy,1,2915,8,8,0.3223
7,policy,1,4407,0,0,0.0784
7,policy,1,4407,1,1,0.7818
7,policy,1,4407,2,2,0.4506
7,policy,1,4407,3,3,0.5239
7,policy,1,4407,4,4,0.5482
7,policy,1,4407,5,5,0.5677
7,policy,1,4407,6,6,0.5670
7,policy,1,4407,7,7,0.5767
7,policy,1,4407,8,8,0.4482
7,policy,1,2416,0,0,0.0000
7,policy,1,2416,1,0,0.0000
7,policy,1,2416,2,0,0.0000
7,policy,1,2416,3,0,0.0000
7,policy,1,2416,4,1,0.0000
7,policy,1,2416,5,1,0.0000
7,policy,1,2416,6,1,0.0000
7,policy,1,2416,7,2,0.0916
7,policy,1,2416,8,2,0.0916
7,policy,1,5173,0,0,0.0000
7,policy,1,5173,1,0,0.0000
7,policy,1,5173,2,0,0.0000
7,policy,1,5173,3,0,0.0000
7,policy,1,5173,4,1,0.3030
7,policy,1,5173,5,1,0.3030
7,policy,1,5173,6,1,0.3030
7,policy,1,5173,7,2,0.3030
7,policy,1,5173,8,2,0.3030
7,policy,1,4915,0,0,0.0000
7,policy,1,4915,1,0,0.0000
7,policy,1,4915,2,1,0.0000
7,policy,1,4915,3,2,0.0000
7,policy,1,4915,4,3,0.0000
7,policy,1,4915,5,4,0.0000
7,policy,1,4915,6,5,0.0000
7,policy,1,4915,7,6,0.0000
7,policy,1,4915,8,7,0.0000
7,policy,1,4446,0,0,0.1642
7,policy,1,4446,1,1,0.4291
7,policy,1,4446,2,2,0.3836
7,policy,1,4446,3,3,0.3836
7,policy,1,4446,4,4,0.3836
7,policy,1,4446,5,5,0.4284
7,policy,1,4446,6,6,0.4284
7,policy,1,4446,7,7,0.4284
7,policy,1,4446,8,8,0.4383
7,policy,1,5549,0,0,0.2618
7,policy,1,5549,1,1,0.4983
7,policy,1,5549,2,2,0.4865
7,policy,1,5549,3,3,0.4545
7,policy,1,5549,4,4,0.4477
7,policy,1,5549,5,5,0.4517
7,policy,1,5549,6,6,0.4477
7,policy,1,5549,7,7,0.4394
7,policy,1,5549,8,8,0.4394
7,policy,1,2431,0,0,0.0000
7,policy,1,2431,1,0,0.0000
7,policy,1,2431,2,0,0.0000
7,policy,1,2431,3,1,0.0000
7,policy,1,2431,4,2,0.0000
7,policy,1,2431,5,3,0.0000
7,policy,1,2431,6,4,0.0000
7,policy,1,2431,7,5,0.0000
7,policy,1,2431,8,6,0.0000
7,policy,1,4918,0,0,0.0000
7,policy,1,4918,1,0,0.0000
7,policy,1,4918,2,0,0.0000
7,policy,1,4918,3,1,0.0000
7,policy,1,4918,4,2,0.0000
7,policy,1,4918,5,3,0.0000
7,policy,1,4918,6,4,0.0000
7,policy,1,4918,7,5,0.0000
7,policy,1,4918,8,6,0.0000
7,policy,1,3343,0,0,0.0000
7,policy,1,3343,1,1,0.0000
7,policy,1,3343,2,2,0.0000
7,policy,1,3343,3,3,0.0000
7,policy,1,3343,4,4,0.0000
7,policy,1,3343,5,5,0.0000
7,policy,1,3343,6,6,0.0000
7,policy,1,3343,7,7,0.0000
7,policy,1,3343,8,7,0.0000
7,policy,1,3736,0,0,0.0000
7,policy,1,3736,1,1,0.0694
7,policy,1,3736,2,2,0.3689
7,policy,1,3736,3,3,0.3938
7,policy,1,3736,4,4,0.3938
7,policy,1,3736,5,5,0.3301
7,policy,1,3736,6,6,0.3301
7,policy,1,3736,7,7,0.3938
7,policy,1,3736,8,8,0.3301
7,policy,1,2110,0,0,0.0000
7,policy,1,2110,1,0,0.0000
7,policy,1,2110,2,0,0.0000
7,policy,1,2110,3,1,0.0000
7,policy,1,2110,4,1,0.0000
7,policy,1,2110,5,1,0.0000
7,policy,1,2110,6,1,0.0000
7,policy,1,2110,7,2,0.0000
7,policy,1,2110,8,2,0.0000
7,policy,1,3782,0,0,0.0000
7,policy,1,3782,1,0,0.0000
7,policy,1,3782,2,0,0.0000
7,policy,1,3782,3,1,0.0000
7,policy,1,3782,4,1,0.0000
7,policy,1,3782,5,1,0.0000
7,policy,1,3782,6,2,0.0000
7,policy,1,3782,7,3,0.0000
7,policy,1,3782,8,3,0.0000
7,policy,1,5362,0,0,0.0000
7,policy,1,5362,1,0,0.0000
7,policy,1,5362,2,1,0.0694
7,policy,1,5362,3,2,0.0784
7,policy,1,5362,4,3,0.0948
7,policy,1,5362,5,4,0.0851
7,policy,1,5362,6,5,0.0948
7,policy,1,5362,7,6,0.0948
7,policy,1,5362,8,7,0.0948
7,policy,1,4839,0,0,0.0636
7,policy,1,4839,1,0,0.0636
7,policy,1,4839,2,0,0.0636
7,policy,1,4839,3,1,0.0948
7,policy,1,4839,4,2,0.1389
7,policy,1,4839,5,3,0.2201
7,policy,1,4839,6,4,0.2201
7,policy,1,4839,7,5,0.2201
7,policy,1,4839,8,5,0.2201
7,policy,1,5739,0,0,0.0000
7,policy,1,5739,1,0,0.0000
7,policy,1,5739,2,1,0.0000
7,policy,1,5739,3,2,0.0000
7,policy,1,5739,4,3,0.0000
7,policy,1,5739,5,4,0.0000
7,policy,1,5739,6,5,0.0000
7,policy,1,5739,7,6,0.0000
7,policy,1,5739,8,7,0.0000
7,policy,1,4541,0,0,0.0000
7,policy,1,4541,1,0,0.0000
7,policy,1,4541,2,0,0.0000
7,policy,1,4541,3,1,0.0000
7,policy,1,4541,4,2,0.0000
7,policy,1,4541,5,3,0.0000
7,policy,1,4541,6,4,0.0000
7,policy,1,4541,7,4,0.0000
7,policy,1,4541,8,4,0.0000
7,policy,1,5964,0,0,0.0000
7,policy,1,5964,1,0,0.0000
7,policy,1,5964,2,0,0.0000
7,policy,1,5964,3,1,0.0000
7,policy,1,5964,4,2,0.0000
7,policy,1,5964,5,2,0.0000
7,policy,1,5964,6,2,0.0000
7,policy,1,5964,7,2,0.0000
7,policy,1,5964,8,3,0.0000
7,policy,1,2130,0,0,0.0694
7,policy,1,2130,1,1,0.4748
7,policy,1,2130,2,2,0.3052
7,policy,1,2130,3,3,0.2201
7,policy,1,2130,4,4,0.2201
7,policy,1,2130,5,5,0.2201
7,policy,1,2130,6,6,0.2201
7,policy,1,2130,7,7,0.2201
7,policy,1,2130,8,8,0.2201
7,policy,1,5494,0,0,0.1909
7,policy,1,5494,1,0,0.1909
7,policy,1,5494,2,0,0.1909
7,policy,1,5494,3,1,0.0000
7,policy,1,5494,4,2,0.0000
7,policy,1,5494,5,3,0.0000
7,policy,1,5494,6,4,0.0000
7,policy,1,5494,7,4,0.0000
7,policy,1,5494,8,4,0.0000
7,policy,1,1586,0,0,0.1428
7,policy,1,1586,1,1,0.3476
7,policy,1,1586,2,2,0.0000
7,policy,1,1586,3,3,0.0000
7,policy,1,1586,4,4,0.0000
7,policy,1,1586,5,5,0.0000
7,policy,1,1586,6,6,0.0000
7,policy,1,1586,7,7,0.0000
7,policy,1,1586,8,8,0.0000
7,policy,1,650,0,0,0.1447
7,policy,1,650,1,1,0.7910
7,policy,1,650,2,2,0.7936
7,policy,1,650,3,3,0.8007
7,policy,1,650,4,4,0.7534
7,policy,1,650,5,5,0.6621
7,policy,1,650,6,6,0.6718
7,policy,1,650,7,7,0.5861
7,policy,1,650,8,8,0.5861
7,policy,1,2011,0,0,0.0000
7,policy,1,2011,1,1,0.1389
7,policy,1,2011,2,2,0.2201
7,policy,1,2011,3,3,0.1834
7,policy,1,2011,4,4,0.1795
7,policy,1,2011,5,5,0.2051
7,policy,1,2011,6,6,0.2051
7,policy,1,2011,7,7,0.1610
7,policy,1,2011,8,8,0.1478
7,policy,1,6007,0,0,0.0000
7,policy,1,6007,1,0,0.0000
7,policy,1,6007,2,0,0.0000
7,policy,1,6007,3,1,0.4462
7,policy,1,6007,4,2,0.4600
7,policy,1,6007,5,3,0.3270
7,policy,1,6007,6,4,0.3270
7,policy,1,6007,7,5,0.3270
7,policy,1,6007,8,6,0.3210
7,policy,1,5044,0,0,0.0000
7,policy,1,5044,1,0,0.0000
7,policy,1,5044,2,0,0.0000
7,policy,1,5044,3,0,0.0000
7,policy,1,5044,4,1,0.0000
7,policy,1,5044,5,1,0.0000
7,policy,1,5044,6,1,0.0000
7,policy,1,5044,7,2,0.0000
7,policy,1,5044,8,2,0.0000
7,policy,1,2227,0,0,0.0734
7,policy,1,2227,1,0,0.0734
7,policy,1,2227,2,1,0.1952
7,policy,1,2227,3,2,0.1799
7,policy,1,2227,4,3,0.1732
7,policy,1,2227,5,4,0.1799
7,policy,1,2227,6,5,0.1732
7,policy,1,2227,7,6,0.1732
7,policy,1,2227,8,7,0.1732
7,policy,1,2595,0,0,0.0000
7,policy,1,2595,1,0,0.0000
7,policy,1,2595,2,0,0.0000
7,policy,1,2595,3,1,0.0000
7,policy,1,2595,4,2,0.0000
7,policy,1,2595,5,2,0.0000
7,policy,1,2595,6,3,0.0000
7,policy,1,2595,7,4,0.0000
7,policy,1,2595,8,5,0.0000
7,policy,1,2426,0,0,0.0000
7,policy,1,2426,1,1,0.0784
7,policy,1,2426,2,2,0.0000
7,policy,1,2426,3,3,0.0000
7,policy,1,2426,4,4,0.0000
7,policy,1,2426,5,5,0.0000
7,policy,1,2426,6,6,0.0000
7,policy,1,2426,7,7,0.0000
7,policy,1,2426,8,7,0.0000
7,policy,1,3355,0,0,0.2489
7,policy,1,3355,1,1,0.1396
7,policy,1,3355,2,2,0.1370
7,policy,1,3355,3,3,0.1428
7,policy,1,3355,4,4,0.1993
7,policy,1,3355,5,5,0.2064
7,policy,1,3355,6,6,0.1585
7,policy,1,3355,7,7,0.1732
7,policy,1,3355,8,8,0.1952
7,policy,1,5088,0,0,0.0000
7,policy,1,5088,1,0,0.0000
7,policy,1,5088,2,0,0.0000
7,policy,1,5088,3,1,0.0000
7,policy,1,5088,4,1,0.0000
7,policy,1,5088,5,1,0.0000
7,policy,1,5088,6,2,0.0000
7,policy,1,5088,7,2,0.0000
7,policy,1,5088,8,2,0.0000
7,policy,1,4268,0,0,0.0636
7,policy,1,4268,1,1,0.0000
7,policy,1,4268,2,2,0.0000
7,policy,1,4268,3,3,0.0663
7,policy,1,4268,4,4,0.0636
7,policy,1,4268,5,5,0.0663
7,policy,1,4268,6,6,0.0636
7,policy,1,4268,7,7,0.0694
7,policy,1,4268,8,8,0.1514
7,policy,1,526,0,0,0.0000
7,policy,1,526,1,0,0.0000
7,policy,1,526,2,0,0.0000
7,policy,1,526,3,0,0.0000
7,policy,1,526,4,1,0.0000
7,policy,1,526,5,1,0.0000
7,policy,1,526,6,1,0.0000
7,policy,1,526,7,2,0.0000
7,policy,1,526,8,2,0.0000
7,policy,1,2291,0,0,0.0000
7,policy,1,2291,1,1,0.0000
7,policy,1,2291,2,2,0.0000
7,policy,1,2291,3,3,0.0000
7,policy,1,2291,4,3,0.0000
7,policy,1,2291,5,3,0.0000
7,policy,1,2291,6,4,0.0000
7,policy,1,2291,7,5,0.0000
7,policy,1,2291,8,5,0.0000
7,policy,1,5980,0,0,0.0000
7,policy,1,5980,1,1,0.0000
7,policy,1,5980,2,2,0.0000
7,policy,1,5980,3,3,0.0000
7,policy,1,5980,4,4,0.0000
7,policy,1,5980,5,5,0.0000
7,policy,1,5980,6,6,0.0000
7,policy,1,5980,7,7,0.0000
7,policy,1,5980,8,8,0.0636
7,policy,1,1692,0,0,0.1884
7,policy,1,1692,1,1,0.6325
7,policy,1,1692,2,2,0.4768
7,policy,1,1692,3,3,0.3885
7,policy,1,1692,4,4,0.4171
7,policy,1,1692,5,5,0.4221
7,policy,1,1692,6,6,0.4221
7,policy,1,1692,7,7,0.4288
7,policy,1,1692,8,8,0.2247
7,policy,1,4601,0,0,0.1389
7,policy,1,4601,1,1,0.0000
7,policy,1,4601,2,2,0.0663
7,policy,1,4601,3,3,0.0663
7,policy,1,4601,4,4,0.0663
7,policy,1,4601,5,5,0.0663
7,policy,1,4601,6,6,0.0663
7,policy,1,4601,7,7,0.1299
7,policy,1,4601,8,8,0.0000
7,policy,1,5264,0,0,0.2173
7,policy,1,5264,1,1,0.0000
7,policy,1,5264,2,2,0.1488
7,policy,1,5264,3,3,0.2903
7,policy,1,5264,4,4,0.2876
7,policy,1,5264,5,5,0.2521
7,policy,1,5264,6,6,0.2876
7,policy,1,5264,7,7,0.1834
7,policy,1,5264,8,8,0.4697
7,policy,1,1534,0,0,0.0000
7,policy,1,1534,1,1,0.0000
7,policy,1,1534,2,1,0.0000
7,policy,1,1534,3,2,0.0000
7,policy,1,1534,4,2,0.0000
7,policy,1,1534,5,2,0.0000
7,policy,1,1534,6,2,0.0000
7,policy,1,1534,7,3,0.0000
7,policy,1,1534,8,3,0.0000
7,policy,1,233,0,0,0.0000
7,policy,1,233,1,1,0.0000
7,policy,1,233,2,1,0.0000
7,policy,1,233,3,2,0.0000
7,policy,1,233,4,3,0.0000
7,policy,1,233,5,4,0.0000
7,policy,1,233,6,5,0.0000
7,policy,1,233,7,6,0.0000
7,policy,1,233,8,6,0.0000
7,policy,1,2988,0,0,0.0851
7,policy,1,2988,1,0,0.0851
7,policy,1,2988,2,0,0.0851
7,policy,1,2988,3,1,0.0000
7,policy,1,2988,4,2,0.0694
7,policy,1,2988,5,3,0.1389
7,policy,1,2988,6,4,0.0948
7,policy,1,2988,7,5,0.0948
7,policy,1,2988,8,6,0.0636
7,policy,1,5717,0,0,0.4000
7,policy,1,5717,1,1,0.0000
7,policy,1,5717,2,2,0.3938
7,policy,1,5717,3,3,0.3689
7,policy,1,5717,4,4,0.3933
7,policy,1,5717,5,5,0.4000
7,policy,1,5717,6,6,0.3836
7,policy,1,5717,7,7,0.3024
7,policy,1,5717,8,7,0.3024
7,policy,1,2730,0,0,0.4315
7,policy,1,2730,1,1,0.4171
7,policy,1,2730,2,2,0.4883
7,policy,1,2730,3,3,0.4915
7,policy,1,2730,4,4,0.4883
7,policy,1,2730,5,5,0.4131
7,policy,1,2730,6,6,0.4073
7,policy,1,2730,7,7,0.4035
7,policy,1,2730,8,8,0.3718
7,policy,1,5011,0,0,0.0000
7,policy,1,5011,1,0,0.0000
7,policy,1,5011,2,0,0.0000
7,policy,1,5011,3,0,0.0000
7,policy,1,5011,4,1,0.0000
7,policy,1,5011,5,2,0.0000
7,policy,1,5011,6,2,0.0000
7,policy,1,5011,7,3,0.0000
7,policy,1,5011,8,4,0.0000
7,policy,1,3894,0,0,0.0734
7,policy,1,3894,1,0,0.0734
7,policy,1,3894,2,1,0.0784
7,policy,1,3894,3,1,0.0784
7,policy,1,3894,4,2,0.0734
7,policy,1,3894,5,3,0.0784
7,policy,1,3894,6,3,0.0784
7,policy,1,3894,7,4,0.0784
7,policy,1,3894,8,5,0.1100
7,policy,1,4366,0,0,0.0000
7,policy,1,4366,1,1,0.0000
7,policy,1,4366,2,2,0.0000
7,policy,1,4366,3,3,0.0000
7,policy,1,4366,4,4,0.0000
7,policy,1,4366,5,5,0.0000
7,policy,1,4366,6,6,0.0000
7,policy,1,4366,7,7,0.0000
7,policy,1,4366,8,8,0.0000
7,policy,1,1636,0,0,0.0000
7,policy,1,1636,1,0,0.0000
7,policy,1,1636,2,0,0.0000
7,policy,1,1636,3,1,0.0694
7,policy,1,1636,4,2,0.0000
7,policy,1,1636,5,3,0.0000
7,policy,1,1636,6,4,0.0000
7,policy,1,1636,7,5,0.0000
7,policy,1,1636,8,6,0.0000
7,policy,1,5047,0,0,0.1635
7,policy,1,5047,1,1,0.2489
7,policy,1,5047,2,2,0.2240
7,policy,1,5047,3,3,0.1635
7,policy,1,5047,4,4,0.1585
7,policy,1,5047,5,5,0.1447
7,policy,1,5047,6,6,0.0734
7,policy,1,5047,7,7,0.0694
7,policy,1,5047,8,8,0.0000
7,policy,1,1527,0,0,0.0000
7,policy,1,1527,1,1,0.0000
7,policy,1,1527,2,2,0.0000
7,policy,1,1527,3,3,0.0000
7,policy,1,1527,4,4,0.0000
7,policy,1,1527,5,5,0.0000
7,policy,1,1527,6,6,0.0000
7,policy,1,1527,7,7,0.0000
7,policy,1,1527,8,8,0.0000
7,policy,1,5390,0,0,0.0000
7,policy,1,5390,1,0,0.0000
7,policy,1,5390,2,0,0.0000
7,policy,1,5390,3,0,0.0000
7,policy,1,5390,4,1,0.0000
7,policy,1,5390,5,2,0.0000
7,policy,1,5390,6,2,0.0000
7,policy,1,5390,7,2,0.0000
7,policy,1,5390,8,3,0.0000
7,policy,1,1111,0,0,0.3629
7,policy,1,1111,1,1,0.4171
7,policy,1,1111,2,2,0.6051
7,policy,1,1111,3,3,0.5573
7,policy,1,1111,4,4,0.5225
7,policy,1,1111,5,5,0.5225
7,policy,1,1111,6,6,0.5225
7,policy,1,1111,7,7,0.5321
7,policy,1,1111,8,8,0.4819
7,policy,1,3741,0,0,0.0000
7,policy,1,3741,1,0,0.0000
7,policy,1,3741,2,1,0.1100
7,policy,1,3741,3,2,0.0851
7,policy,1,3741,4,3,0.0734
7,policy,1,3741,5,4,0.0734
7,policy,1,3741,6,5,0.0734
7,policy,1,3741,7,6,0.0734
7,policy,1,3741,8,7,0.0784
7,policy,1,2778,0,0,0.0000
7,policy,1,2778,1,1,0.0663
7,policy,1,2778,2,2,0.0734
7,policy,1,2778,3,3,0.2025
7,policy,1,2778,4,4,0.2025
7,policy,1,2778,5,5,0.1763
7,policy,1,2778,6,6,0.2122
7,policy,1,2778,7,7,0.1834
7,policy,1,2778,8,8,0.0663
7,policy,1,483,0,0,0.0000
7,policy,1,483,1,0,0.0000
7,policy,1,483,2,1,0.0000
7,policy,1,483,3,2,0.0000
7,policy,1,483,4,3,0.0000
7,policy,1,483,5,4,0.0000
7,policy,1,483,6,4,0.0000
7,policy,1,483,7,5,0.0000
7,policy,1,483,8,6,0.0000
7,policy,1,706,0,0,0.0000
7,policy,1,706,1,0,0.0000
7,policy,1,706,2,0,0.0000
7,policy,1,706,3,1,0.0000
7,policy,1,706,4,2,0.0000
7,policy,1,706,5,3,0.0000
7,policy,1,706,6,4,0.0000
7,policy,1,706,7,5,0.0000
7,policy,1,706,8,6,0.0000
7,policy,1,1938,0,0,0.0784
7,policy,1,1938,1,1,0.1642
7,policy,1,1938,2,1,0.1642
7,policy,1,1938,3,2,0.2426
7,policy,1,1938,4,3,0.2462
7,policy,1,1938,5,4,0.2436
7,policy,1,1938,6,5,0.1732
7,policy,1,1938,7,6,0.1799
7,policy,1,1938,8,7,0.2935
7,policy,1,2064,0,0,0.0000
7,policy,1,2064,1,0,0.0000
7,policy,1,2064,2,0,0.0000
7,policy,1,2064,3,1,0.6131
7,policy,1,2064,4,2,0.3066
7,policy,1,2064,5,3,0.2372
7,policy,1,2064,6,4,0.3066
7,policy,1,2064,7,4,0.3066
7,policy,1,2064,8,5,0.2044
7,policy,1,5812,0,0,0.0000
7,policy,1,5812,1,1,0.1100
7,policy,1,5812,2,2,0.2974
7,policy,1,5812,3,3,0.3785
7,policy,1,5812,4,4,0.3785
7,policy,1,5812,5,5,0.3149
7,policy,1,5812,6,6,0.3149
7,policy,1,5812,7,7,0.3149
7,policy,1,5812,8,8,0.3149
7,policy,1,5552,0,0,0.0000
7,policy,1,5552,1,1,0.0000
7,policy,1,5552,2,2,0.0000
7,policy,1,5552,3,3,0.0000
7,policy,1,5552,4,4,0.0000
7,policy,1,5552,5,5,0.0000
7,policy,1,5552,6,6,0.0000
7,policy,1,5552,7,7,0.0000
7,policy,1,5552,8,8,0.0000
7,policy,1,2389,0,0,0.0851
7,policy,1,2389,1,0,0.0851
7,policy,1,2389,2,1,0.0000
7,policy,1,2389,3,2,0.0000
7,policy,1,2389,4,3,0.0000
7,policy,1,2389,5,4,0.0000
7,policy,1,2389,6,4,0.0000
7,policy,1,2389,7,5,0.0000
7,policy,1,2389,8,6,0.0000
7,policy,1,704,0,0,0.0000
7,policy,1,704,1,0,0.0000
7,policy,1,704,2,1,0.0000
7,policy,1,704,3,2,0.0000
7,policy,1,704,4,3,0.0000
7,policy,1,704,5,4,0.0000
7,policy,1,704,6,4,0.0000
7,policy,1,704,7,5,0.0000
7,policy,1,704,8,6,0.0000
7,policy,1,110,0,0,0.4000
7,policy,1,110,1,1,0.0000
7,policy,1,110,2,2,0.4000
7,policy,1,110,3,3,0.3719
7,policy,1,110,4,4,0.3689
7,policy,1,110,5,4,0.3689
7,policy,1,110,6,5,0.2985
7,policy,1,110,7,6,0.2985
7,policy,1,110,8,6,0.2985
7,policy,1,113,0,0,0.0000
7,policy,1,113,1,0,0.0000
7,policy,1,113,2,0,0.0000
7,policy,1,113,3,1,0.0000
7,policy,1,113,4,1,0.0000
7,policy,1,113,5,2,0.0636
7,policy,1,113,6,3,0.0851
7,policy,1,113,7,4,0.0734
7,policy,1,113,8,4,0.0734
7,policy,1,2754,0,0,0.0000
7,policy,1,2754,1,0,0.0000
7,policy,1,2754,2,0,0.0000
7,policy,1,2754,3,1,0.0000
7,policy,1,2754,4,1,0.0000
7,policy,1,2754,5,1,0.0000
7,policy,1,2754,6,2,0.0000
7,policy,1,2754,7,2,0.0000
7,policy,1,2754,8,2,0.0000
7,policy,1,1153,0,0,0.0000
7,policy,1,1153,1,1,0.0000
7,policy,1,1153,2,1,0.0000
7,policy,1,1153,3,2,0.0000
7,policy,1,1153,4,3,0.0000
7,policy,1,1153,5,4,0.0000
7,policy,1,1153,6,4,0.0000
7,policy,1,1153,7,5,0.0000
7,policy,1,1153,8,6,0.0000
7,policy,1,1196,0,0,0.0000
7,policy,1,1196,1,1,0.0000
7,policy,1,1196,2,1,0.0000
7,policy,1,1196,3,2,0.0000
7,policy,1,1196,4,2,0.0000
7,policy,1,1196,5,2,0.0000
7,policy,1,1196,6,3,0.0000
7,policy,1,1196,7,4,0.0000
7,policy,1,1196,8,4,0.0000
7,policy,1,5229,0,0,0.1834
7,policy,1,5229,1,1,0.0000
7,policy,1,5229,2,2,0.2048
7,policy,1,5229,3,3,0.4323
7,policy,1,5229,4,4,0.4323
7,policy,1,5229,5,5,0.3996
7,policy,1,5229,6,6,0.3964
7,policy,1,5229,7,7,0.4284
7,policy,1,5229,8,8,0.4323
7,policy,1,5984,0,0,0.2895
7,policy,1,5984,1,0,0.2895
7,policy,1,5984,2,0,0.2895
7,policy,1,5984,3,1,0.0000
7,policy,1,5984,4,2,0.0000
7,policy,1,5984,5,3,0.0000
7,policy,1,5984,6,4,0.0000
7,policy,1,5984,7,5,0.0000
7,policy,1,5984,8,5,0.0000
7,policy,1,1282,0,0,0.0000
7,policy,1,1282,1,0,0.0000
7,policy,1,1282,2,0,0.0000
7,policy,1,1282,3,1,0.0000
7,policy,1,1282,4,2,0.0000
7,policy,1,1282,5,2,0.0000
7,policy,1,1282,6,3,0.0000
7,policy,1,1282,7,4,0.0000
7,policy,1,1282,8,4,0.0000
7,policy,1,3945,0,0,0.3597
7,policy,1,3945,1,1,0.1610
7,policy,1,3945,2,2,0.3843
7,policy,1,3945,3,3,0.3747
7,policy,1,3945,4,4,0.3747
7,policy,1,3945,5,5,0.3882
7,policy,1,3945,6,6,0.3933
7,policy,1,3945,7,7,0.3836
7,policy,1,3945,8,8,0.3747
7,policy,1,3853,0,0,0.1389
7,policy,1,3853,1,1,0.0694
7,policy,1,3853,2,2,0.0784
7,policy,1,3853,3,3,0.1100
7,policy,1,3853,4,4,0.0000
7,policy,1,3853,5,5,0.0000
7,policy,1,3853,6,6,0.0663
7,policy,1,3853,7,7,0.0636
7,policy,1,3853,8,8,0.0636
7,policy,1,3762,0,0,0.0000
7,policy,1,3762,1,1,0.0851
7,policy,1,3762,2,2,0.0000
7,policy,1,3762,3,3,0.0000
7,policy,1,3762,4,4,0.0000
7,policy,1,3762,5,5,0.0000
7,policy,1,3762,6,6,0.0000
7,policy,1,3762,7,7,0.0000
7,policy,1,3762,8,8,0.0000
7,policy,1,2173,0,0,0.0784
7,policy,1,2173,1,1,0.0000
7,policy,1,2173,2,2,0.0694
7,policy,1,2173,3,3,0.0000
7,policy,1,2173,4,4,0.0636
7,policy,1,2173,5,4,0.0636
7,policy,1,2173,6,5,0.1299
7,policy,1,2173,7,6,0.0784
7,policy,1,2173,8,6,0.0784
7,policy,1,5749,0,0,0.0000
7,policy,1,5749,1,1,0.0000
7,policy,1,5749,2,2,0.0694
7,policy,1,5749,3,3,0.1100
7,policy,1,5749,4,4,0.1100
7,policy,1,5749,5,5,0.0948
7,policy,1,5749,6,6,0.1100
7,policy,1,5749,7,7,0.0948
7,policy,1,5749,8,8,0.0000
7,policy,1,3083,0,0,0.0000
7,policy,1,3083,1,0,0.0000
7,policy,1,3083,2,1,0.0000
7,policy,1,3083,3,2,0.0000
7,policy,1,3083,4,3,0.0000
7,policy,1,3083,5,4,0.0000
7,policy,1,3083,6,4,0.0000
7,policy,1,3083,7,5,0.0000
7,policy,1,3083,8,6,0.0000
7,policy,1,563,0,0,0.0000
7,policy,1,563,1,1,0.0000
7,policy,1,563,2,2,0.0000
7,policy,1,563,3,3,0.0000
7,policy,1,563,4,4,0.0000
7,policy,1,563,5,5,0.0000
7,policy,1,563,6,6,0.0000
7,policy,1,563,7,7,0.0000
7,policy,1,563,8,8,0.0000
7,policy,1,2791,0,0,0.0000
7,policy,1,2791,1,0,0.0000
7,policy,1,2791,2,1,0.2201
7,policy,1,2791,3,2,0.2201
7,policy,1,2791,4,3,0.2201
7,policy,1,2791,5,4,0.2201
7,policy,1,2791,6,5,0.2837
7,policy,1,2791,7,6,0.2201
7,policy,1,2791,8,7,0.2201
7,policy,1,1840,0,0,0.2083
7,policy,1,1840,1,1,0.0000
7,policy,1,1840,2,2,0.0663
7,policy,1,1840,3,3,0.0000
7,policy,1,1840,4,4,0.0000
7,policy,1,1840,5,5,0.0000
7,policy,1,1840,6,6,0.0000
7,policy,1,1840,7,7,0.0000
7,policy,1,1840,8,8,0.0000
7,policy,1,3750,0,0,0.1546
7,policy,1,3750,1,1,0.0000
7,policy,1,3750,2,2,0.0694
7,policy,1,3750,3,3,0.0636
7,policy,1,3750,4,4,0.0636
7,policy,1,3750,5,5,0.0663
7,policy,1,3750,6,6,0.0663
7,policy,1,3750,7,7,0.0694
7,policy,1,3750,8,8,0.0694
7,policy,1,1204,0,0,0.2201
7,policy,1,1204,1,0,0.2201
7,policy,1,1204,2,0,0.2201
7,policy,1,1204,3,1,0.0000
7,policy,1,1204,4,1,0.0000
7,policy,1,1204,5,2,0.2201
7,policy,1,1204,6,3,0.2201
7,policy,1,1204,7,3,0.2201
7,policy,1,1204,8,4,0.2201
7,policy,1,51,0,0,0.0000
7,policy,1,51,1,0,0.0000
7,policy,1,51,2,1,0.0000
7,policy,1,51,3,2,0.0000
7,policy,1,51,4,3,0.0000
7,policy,1,51,5,4,0.0000
7,policy,1,51,6,5,0.0000
7,policy,1,51,7,6,0.0000
7,policy,1,51,8,7,0.0000
7,policy,1,3728,0,0,0.2844
7,policy,1,3728,1,1,0.3301
7,policy,1,3728,2,2,0.5670
7,policy,1,3728,3,3,0.4807
7,policy,1,3728,4,4,0.4925
7,policy,1,3728,5,5,0.4983
7,policy,1,3728,6,6,0.4761
7,policy,1,3728,7,7,0.4925
7,policy,1,3728,8,8,0.5619
7,policy,1,1159,0,0,0.0000
7,policy,1,1159,1,0,0.0000
7,policy,1,1159,2,1,0.0000
7,policy,1,1159,3,2,0.0000
7,policy,1,1159,4,3,0.0000
7,policy,1,1159,5,4,0.0000
7,policy,1,1159,6,5,0.0000
7,policy,1,1159,7,6,0.0000
7,policy,1,1159,8,7,0.0000
7,policy,1,492,0,0,0.0784
7,policy,1,492,1,0,0.0784
7,policy,1,492,2,1,0.0636
7,policy,1,492,3,2,0.1518
7,policy,1,492,4,3,0.1357
7,policy,1,492,5,4,0.0636
7,policy,1,492,6,5,0.1357
7,policy,1,492,7,6,0.1732
7,policy,1,492,8,7,0.1799
7,policy,1,5657,0,0,0.0784
7,policy,1,5657,1,1,0.0000
7,policy,1,5657,2,2,0.0000
7,policy,1,5657,3,3,0.0000
7,policy,1,5657,4,4,0.0000
7,policy,1,5657,5,5,0.0000
7,policy,1,5657,6,6,0.0000
7,policy,1,5657,7,7,0.0000
7,policy,1,5657,8,8,0.0000
7,policy,1,4907,0,0,0.0694
7,policy,1,4907,1,0,0.0694
7,policy,1,4907,2,1,0.0851
7,policy,1,4907,3,2,0.0851
7,policy,1,4907,4,3,0.0948
7,policy,1,4907,5,4,0.0851
7,policy,1,4907,6,5,0.0784
7,policy,1,4907,7,6,0.0784
7,policy,1,4907,8,7,0.0784
7,policy,1,2276,0,0,0.2346
7,policy,1,2276,1,0,0.2346
7,policy,1,2276,2,1,0.0000
7,policy,1,2276,3,2,0.0000
7,policy,1,2276,4,3,0.0000
7,policy,1,2276,5,4,0.0000
7,policy,1,2276,6,4,0.0000
7,policy,1,2276,7,5,0.0000
7,policy,1,2276,8,6,0.0000
7,policy,1,4534,0,0,0.1763
7,policy,1,4534,1,1,0.4937
7,policy,1,4534,2,2,0.6497
7,policy,1,4534,3,3,0.7417
7,policy,1,4534,4,4,0.7417
7,policy,1,4534,5,5,0.7417
7,policy,1,4534,6,6,0.7417
7,policy,1,4534,7,7,0.7417
7,policy,1,4534,8,8,0.7417
7,policy,1,2798,0,0,0.0000
7,policy,1,2798,1,0,0.0000
7,policy,1,2798,2,0,0.0000
7,policy,1,2798,3,0,0.0000
7,policy,1,2798,4,1,0.0000
7,policy,1,2798,5,1,0.0000
7,policy,1,2798,6,1,0.0000
7,policy,1,2798,7,2,0.0000
7,policy,1,2798,8,2,0.0000
7,policy,1,546,0,0,0.0843
7,policy,1,546,1,0,0.0843
7,policy,1,546,2,1,0.1265
7,policy,1,546,3,2,0.1089
7,policy,1,546,4,3,0.0901
7,policy,1,546,5,4,0.1089
7,policy,1,546,6,4,0.1089
7,policy,1,546,7,5,0.0901
7,policy,1,546,8,6,0.1089
7,policy,1,2506,0,0,0.1584
7,policy,1,2506,1,1,0.6137
7,policy,1,2506,2,2,0.7094
7,policy,1,2506,3,3,0.7001
7,policy,1,2506,4,4,0.7289
7,policy,1,2506,5,5,0.7386
7,policy,1,2506,6,6,0.8201
7,policy,1,2506,7,7,0.8268
7,policy,1,2506,8,8,0.5885
7,policy,1,4837,0,0,0.0000
7,policy,1,4837,1,0,0.0000
7,policy,1,4837,2,0,0.0000
7,policy,1,4837,3,1,0.0000
7,policy,1,4837,4,1,0.0000
7,policy,1,4837,5,1,0.0000
7,policy,1,4837,6,2,0.0000
7,policy,1,4837,7,3,0.1389
7,policy,1,4837,8,4,0.1389
7,policy,1,57,0,0,0.3024
7,policy,1,57,1,1,0.6976
7,policy,1,57,2,2,0.7314
7,policy,1,57,3,3,0.7412
7,policy,1,57,4,4,0.8048
7,policy,1,57,5,5,0.8048
7,policy,1,57,6,6,0.6399
7,policy,1,57,7,7,0.3854
7,policy,1,57,8,8,0.3854
7,policy,1,5569,0,0,0.0636
7,policy,1,5569,1,1,0.3301
7,policy,1,5569,2,2,0.5088
7,policy,1,5569,3,3,0.3706
7,policy,1,5569,4,4,0.3571
7,policy,1,5569,5,5,0.4331
7,policy,1,5569,6,6,0.4113
7,policy,1,5569,7,7,0.3282
7,policy,1,5569,8,8,0.2614
7,policy,1,5534,0,0,0.0000
7,policy,1,5534,1,1,0.0734
7,policy,1,5534,2,2,0.2201
7,policy,1,5534,3,3,0.2201
7,policy,1,5534,4,4,0.2201
7,policy,1,5534,5,5,0.2201
7,policy,1,5534,6,6,0.2201
7,policy,1,5534,7,7,0.2201
7,policy,1,5534,8,8,0.2173
7,policy,1,1178,0,0,0.2201
7,policy,1,1178,1,1,0.2201
7,policy,1,1178,2,2,0.2201
7,policy,1,1178,3,3,0.2201
7,policy,1,1178,4,4,0.2837
7,policy,1,1178,5,5,0.2895
7,policy,1,1178,6,6,0.2985
7,policy,1,1178,7,7,0.3052
7,policy,1,1178,8,8,0.3301
7,policy,1,5489,0,0,0.0000
7,policy,1,5489,1,1,0.0000
7,policy,1,5489,2,2,0.1514
7,policy,1,5489,3,3,0.2579
7,policy,1,5489,4,4,0.2579
7,policy,1,5489,5,5,0.2497
7,policy,1,5489,6,6,0.2470
7,policy,1,5489,7,7,0.2547
7,policy,1,5489,8,8,0.2579
7,policy,1,2121,0,0,0.0851
7,policy,1,2121,1,1,0.0000
7,policy,1,2121,2,2,0.0734
7,policy,1,2121,3,3,0.0734
7,policy,1,2121,4,4,0.0851
7,policy,1,2121,5,5,0.0948
7,policy,1,2121,6,6,0.0636
7,policy,1,2121,7,7,0.0663
7,policy,1,2121,8,8,0.0694
7,policy,1,2735,0,0,0.0000
7,policy,1,2735,1,1,0.0000
7,policy,1,2735,2,2,0.0948
7,policy,1,2735,3,3,0.1642
7,policy,1,2735,4,4,0.1518
7,policy,1,2735,5,5,0.1428
7,policy,1,2735,6,6,0.1420
7,policy,1,2735,7,7,0.0734
7,policy,1,2735,8,8,0.3052
7,policy,1,4309,0,0,0.1389
7,policy,1,4309,1,1,0.0000
7,policy,1,4309,2,2,0.0663
7,policy,1,4309,3,3,0.2083
7,policy,1,4309,4,4,0.1420
7,policy,1,4309,5,5,0.1370
7,policy,1,4309,6,6,0.1396
7,policy,1,4309,7,7,0.1420
7,policy,1,4309,8,8,0.1420
7,policy,1,1046,0,0,0.0734
7,policy,1,1046,1,0,0.0734
7,policy,1,1046,2,1,0.1884
7,policy,1,1046,3,2,0.1642
7,policy,1,1046,4,3,0.0784
7,policy,1,1046,5,4,0.0948
7,policy,1,1046,6,5,0.0948
7,policy,1,1046,7,6,0.0948
7,policy,1,1046,8,7,0.0948
7,policy,1,5913,0,0,0.1175
7,policy,1,5913,1,1,0.0679
7,policy,1,5913,2,2,0.0000
7,policy,1,5913,3,3,0.0000
7,policy,1,5913,4,4,0.0000
7,policy,1,5913,5,5,0.0000
7,policy,1,5913,6,5,0.0000
7,policy,1,5913,7,6,0.0000
7,policy,1,5913,8,6,0.0000
7,policy,1,1208,0,0,0.0000
7,policy,1,1208,1,1,0.1514
7,policy,1,1208,2,2,0.0000
7,policy,1,1208,3,3,0.0000
7,policy,1,1208,4,4,0.0000
7,policy,1,1208,5,5,0.0000
7,policy,1,1208,6,6,0.0000
7,policy,1,1208,7,7,0.0000
7,policy,1,1208,8,8,0.0000
7,policy,1,1158,0,0,0.0000
7,policy,1,1158,1,0,0.0000
7,policy,1,1158,2,1,0.0000
7,policy,1,1158,3,2,0.0000
7,policy,1,1158,4,3,0.0000
7,policy,1,1158,5,4,0.0000
7,policy,1,1158,6,5,0.0000
7,policy,1,1158,7,6,0.0000
7,policy,1,1158,8,7,0.0000
7,policy,1,2478,0,0,0.0000
7,policy,1,2478,1,0,0.0000
7,policy,1,2478,2,1,0.0000
7,policy,1,2478,3,1,0.0000
7,policy,1,2478,4,2,0.0000
7,policy,1,2478,5,2,0.0000
7,policy,1,2478,6,3,0.0000
7,policy,1,2478,7,4,0.0000
7,policy,1,2478,8,5,0.0000
7,policy,1,4243,0,0,0.0000
7,policy,1,4243,1,0,0.0000
7,policy,1,4243,2,0,0.0000
7,policy,1,4243,3,1,0.0000
7,policy,1,4243,4,2,0.0000
7,policy,1,4243,5,3,0.0000
7,policy,1,4243,6,4,0.0000
7,policy,1,4243,7,5,0.0000
7,policy,1,4243,8,6,0.0000
7,policy,1,1346,0,0,0.2985
7,policy,1,1346,1,1,0.0000
7,policy,1,1346,2,2,0.2895
7,policy,1,1346,3,3,0.0000
7,policy,1,1346,4,4,0.0000
7,policy,1,1346,5,5,0.0000
7,policy,1,1346,6,6,0.0000
7,policy,1,1346,7,7,0.0000
7,policy,1,1346,8,8,0.0000
7,policy,1,4315,0,0,0.0000
7,policy,1,4315,1,0,0.0000
7,policy,1,4315,2,0,0.0000
7,policy,1,4315,3,1,0.0000
7,policy,1,4315,4,2,0.0000
7,policy,1,4315,5,3,0.0000
7,policy,1,4315,6,4,0.0000
7,policy,1,4315,7,5,0.0000
7,policy,1,4315,8,6,0.0000
7,policy,1,3424,0,0,0.4983
7,policy,1,3424,1,1,0.0000
7,policy,1,3424,2,2,0.1100
7,policy,1,3424,3,3,0.0948
7,policy,1,3424,4,4,0.0694
7,policy,1,3424,5,5,0.0663
7,policy,1,3424,6,6,0.0663
7,policy,1,3424,7,7,0.0636
7,policy,1,3424,8,8,0.2240
7,policy,1,1617,0,0,0.0000
7,policy,1,1617,1,1,0.0000
7,policy,1,1617,2,2,0.0000
7,policy,1,1617,3,3,0.0000
7,policy,1,1617,4,4,0.0000
7,policy,1,1617,5,5,0.0000
7,policy,1,1617,6,6,0.0000
7,policy,1,1617,7,7,0.0000
7,policy,1,1617,8,8,0.0000
7,policy,1,3664,0,0,0.0000
7,policy,1,3664,1,1,0.2201
7,policy,1,3664,2,2,0.0851
7,policy,1,3664,3,3,0.0000
7,policy,1,3664,4,4,0.0000
7,policy,1,3664,5,5,0.0636
7,policy,1,3664,6,6,0.0636
7,policy,1,3664,7,7,0.0000
7,policy,1,3664,8,8,0.0000
7,policy,1,2743,0,0,0.0000
7,policy,1,2743,1,0,0.0000
7,policy,1,2743,2,1,0.0000
7,policy,1,2743,3,2,0.0000
7,policy,1,2743,4,3,0.0000
7,policy,1,2743,5,4,0.0000
7,policy,1,2743,6,4,0.0000
7,policy,1,2743,7,5,0.0000
7,policy,1,2743,8,6,0.0000
7,policy,1,3260,0,0,0.2895
7,policy,1,3260,1,1,0.0000
7,policy,1,3260,2,2,0.0000
7,policy,1,3260,3,3,0.0663
7,policy,1,3260,4,4,0.0636
7,policy,1,3260,5,5,0.0636
7,policy,1,3260,6,6,0.0636
7,policy,1,3260,7,7,0.0000
7,policy,1,3260,8,8,0.0663
7,policy,1,1937,0,0,0.0000
7,policy,1,1937,1,1,0.2201
7,policy,1,1937,2,2,0.0851
7,policy,1,1937,3,3,0.0000
7,policy,1,1937,4,4,0.0000
7,policy,1,1937,5,5,0.0000
7,policy,1,1937,6,6,0.0000
7,policy,1,1937,7,7,0.0000
7,policy,1,1937,8,8,0.0000
7,policy,1,2799,0,0,0.1100
7,policy,1,2799,1,0,0.1100
7,policy,1,2799,2,1,0.1488
7,policy,1,2799,3,2,0.1546
7,policy,1,2799,4,3,0.1732
7,policy,1,2799,5,4,0.1635
7,policy,1,2799,6,5,0.1635
7,policy,1,2799,7,6,0.1635
7,policy,1,2799,8,7,0.1585
7,policy,1,4440,0,0,0.0000
7,policy,1,4440,1,0,0.0000
7,policy,1,4440,2,0,0.0000
7,policy,1,4440,3,1,0.0000
7,policy,1,4440,4,2,0.0000
7,policy,1,4440,5,2,0.0000
7,policy,1,4440,6,3,0.0000
7,policy,1,4440,7,4,0.0000
7,policy,1,4440,8,5,0.0000
7,policy,1,700,0,0,0.0000
7,policy,1,700,1,0,0.0000
7,policy,1,700,2,1,0.0000
7,policy,1,700,3,2,0.0000
7,policy,1,700,4,3,0.0000
7,policy,1,700,5,4,0.0000
7,policy,1,700,6,5,0.0000
7,policy,1,700,7,6,0.0000
7,policy,1,700,8,7,0.0000
7,policy,1,3,0,0,0.0000
7,policy,1,3,1,0,0.0000
7,policy,1,3,2,0,0.0000
7,policy,1,3,3,1,0.0000
7,policy,1,3,4,2,0.0000
7,policy,1,3,5,2,0.0000
7,policy,1,3,6,2,0.0000
7,policy,1,3,7,3,0.0000
7,policy,1,3,8,3,0.0000
7,policy,1,1306,0,0,0.0000
7,policy,1,1306,1,0,0.0000
7,policy,1,1306,2,0,0.0000
7,policy,1,1306,3,1,0.0000
7,policy,1,1306,4,2,0.0000
7,policy,1,1306,5,2,0.0000
7,policy,1,1306,6,2,0.0000
7,policy,1,1306,7,3,0.0000
7,policy,1,1306,8,4,0.0000
7,policy,1,2538,0,0,0.0000
7,policy,1,2538,1,0,0.0000
7,policy,1,2538,2,0,0.0000
7,policy,1,2538,3,1,0.0000
7,policy,1,2538,4,2,0.0000
7,policy,1,2538,5,3,0.0000
7,policy,1,2538,6,4,0.0000
7,policy,1,2538,7,5,0.0000
7,policy,1,2538,8,6,0.0000
7,policy,1,1167,0,0,0.0784
7,policy,1,1167,1,1,0.0734
7,policy,1,1167,2,2,0.1585
7,policy,1,1167,3,3,0.1518
7,policy,1,1167,4,4,0.1635
7,policy,1,1167,5,5,0.1518
7,policy,1,1167,6,6,0.1428
7,policy,1,1167,7,7,0.0948
7,policy,1,1167,8,8,0.1584
7,policy,1,4801,0,0,0.5837
7,policy,1,4801,1,1,0.1100
7,policy,1,4801,2,2,0.2048
7,policy,1,4801,3,3,0.2903
7,policy,1,4801,4,4,0.2685
7,policy,1,4801,5,5,0.2685
7,policy,1,4801,6,6,0.2547
7,policy,1,4801,7,7,0.3094
7,policy,1,4801,8,8,0.3647
7,policy,1,5191,0,0,0.0000
7,policy,1,5191,1,0,0.0000
7,policy,1,5191,2,0,0.0000
7,policy,1,5191,3,1,0.0000
7,policy,1,5191,4,2,0.0000
7,policy,1,5191,5,3,0.0000
7,policy,1,5191,6,3,0.0000
7,policy,1,5191,7,3,0.0000
7,policy,1,5191,8,3,0.0000
7,policy,1,3065,0,0,0.0851
7,policy,1,3065,1,1,0.0000
7,policy,1,3065,2,2,0.0000
7,policy,1,3065,3,3,0.0000
7,policy,1,3065,4,4,0.0000
7,policy,1,3065,5,5,0.0694
7,policy,1,3065,6,5,0.0694
7,policy,1,3065,7,6,0.0851
7,policy,1,3065,8,7,0.0784
7,policy,1,5800,0,0,0.2863
7,policy,1,5800,1,1,0.0000
7,policy,1,5800,2,2,0.0663
7,policy,1,5800,3,3,0.0000
7,policy,1,5800,4,4,0.0636
7,policy,1,5800,5,5,0.0663
7,policy,1,5800,6,6,0.0694
7,policy,1,5800,7,7,0.0734
7,policy,1,5800,8,8,0.0734
7,policy,1,2124,0,0,0.0000
7,policy,1,2124,1,0,0.0000
7,policy,1,2124,2,1,0.0851
7,policy,1,2124,3,2,0.0948
7,policy,1,2124,4,3,0.1100
7,policy,1,2124,5,4,0.1100
7,policy,1,2124,6,5,0.1389
7,policy,1,2124,7,6,0.1389
7,policy,1,2124,8,7,0.1389
7,policy,1,1899,0,0,0.0000
7,policy,1,1899,1,0,0.0000
7,policy,1,1899,2,0,0.0000
7,policy,1,1899,3,1,0.0000
7,policy,1,1899,4,2,0.0000
7,policy,1,1899,5,3,0.0000
7,policy,1,1899,6,4,0.0000
7,policy,1,1899,7,4,0.0000
7,policy,1,1899,8,4,0.0000
7,policy,1,1489,0,0,0.0694
7,policy,1,1489,1,1,0.4826
7,policy,1,1489,2,2,0.4928
7,policy,1,1489,3,3,0.4784
7,policy,1,1489,4,4,0.4734
7,policy,1,1489,5,5,0.4666
7,policy,1,1489,6,6,0.4570
7,policy,1,1489,7,7,0.5206
7,policy,1,1489,8,8,0.5370
7,policy,1,6028,0,0,0.0000
7,policy,1,6028,1,0,0.0000
7,policy,1,6028,2,0,0.0000
7,policy,1,6028,3,1,0.0731
7,policy,1,6028,4,2,0.0798
7,policy,1,6028,5,3,0.1596
7,policy,1,6028,6,4,0.1089
7,policy,1,6028,7,4,0.1089
7,policy,1,6028,8,4,0.1089
7,policy,1,156,0,0,0.2369
7,policy,1,156,1,1,0.0000
7,policy,1,156,2,2,0.1834
7,policy,1,156,3,3,0.4226
7,policy,1,156,4,4,0.2240
7,policy,1,156,5,5,0.2173
7,policy,1,156,6,6,0.2835
7,policy,1,156,7,7,0.2457
7,policy,1,156,8,8,0.3188
7,policy,1,1682,0,0,0.0000
7,policy,1,1682,1,0,0.0000
7,policy,1,1682,2,0,0.0000
7,policy,1,1682,3,1,0.0000
7,policy,1,1682,4,2,0.0000
7,policy,1,1682,5,3,0.0000
7,policy,1,1682,6,4,0.0000
7,policy,1,1682,7,5,0.0000
7,policy,1,1682,8,6,0.0000
7,policy,1,4936,0,0,0.1389
7,policy,1,4936,1,1,0.0000
7,policy,1,4936,2,2,0.0000
7,policy,1,4936,3,3,0.0000
7,policy,1,4936,4,4,0.0663
7,policy,1,4936,5,5,0.0734
7,policy,1,4936,6,6,0.2278
7,policy,1,4936,7,7,0.2394
7,policy,1,4936,8,8,0.2466
7,policy,1,5318,0,0,0.1732
7,policy,1,5318,1,1,0.3635
7,policy,1,5318,2,2,0.3437
7,policy,1,5318,3,3,0.4085
7,policy,1,5318,4,4,0.3977
7,policy,1,5318,5,5,0.3977
7,policy,1,5318,6,6,0.4131
7,policy,1,5318,7,7,0.4521
7,policy,1,5318,8,8,0.4330
7,policy,1,3352,0,0,0.1389
7,policy,1,3352,1,1,0.7273
7,policy,1,3352,2,2,0.6083
7,policy,1,3352,3,3,0.5479
7,policy,1,3352,4,4,0.5479
7,policy,1,3352,5,5,0.5599
7,policy,1,3352,6,6,0.5573
7,policy,1,3352,7,7,0.5396
7,policy,1,3352,8,8,0.5357
7,policy,1,757,0,0,0.0000
7,policy,1,757,1,0,0.0000
7,policy,1,757,2,0,0.0000
7,policy,1,757,3,1,0.0000
7,policy,1,757,4,2,0.0000
7,policy,1,757,5,2,0.0000
7,policy,1,757,6,3,0.0000
7,policy,1,757,7,3,0.0000
7,policy,1,757,8,4,0.0000
7,policy,1,3609,0,0,0.0663
7,policy,1,3609,1,0,0.0663
7,policy,1,3609,2,1,0.6688
7,policy,1,3609,3,2,0.6118
7,policy,1,3609,4,3,0.5919
7,policy,1,3609,5,4,0.5959
7,policy,1,3609,6,5,0.5919
7,policy,1,3609,7,6,0.5919
7,policy,1,3609,8,7,0.6016
7,policy,1,2619,0,0,0.0694
7,policy,1,2619,1,1,0.0000
7,policy,1,2619,2,2,0.2083
7,policy,1,2619,3,3,0.3621
7,policy,1,2619,4,4,0.3571
7,policy,1,2619,5,5,0.2935
7,policy,1,2619,6,6,0.2985
7,policy,1,2619,7,7,0.2935
7,policy,1,2619,8,8,0.2935
7,policy,1,5566,0,0,0.0694
7,policy,1,5566,1,1,0.1420
7,policy,1,5566,2,2,0.3590
7,policy,1,5566,3,3,0.3149
7,policy,1,5566,4,4,0.2173
7,policy,1,5566,5,5,0.2122
7,policy,1,5566,6,6,0.2025
7,policy,1,5566,7,7,0.1389
7,policy,1,5566,8,8,0.1389
7,policy,1,1045,0,0,0.0000
7,policy,1,1045,1,0,0.0000
7,policy,1,1045,2,0,0.0000
7,policy,1,1045,3,1,0.0000
7,policy,1,1045,4,2,0.0000
7,policy,1,1045,5,2,0.0000
7,policy,1,1045,6,3,0.0000
7,policy,1,1045,7,3,0.0000
7,policy,1,1045,8,4,0.0000
7,policy,1,3903,0,0,0.2201
7,policy,1,3903,1,0,0.2201
7,policy,1,3903,2,1,0.1389
7,policy,1,3903,3,2,0.1389
7,policy,1,3903,4,3,0.1389
7,policy,1,3903,5,4,0.1389
7,policy,1,3903,6,5,0.2122
7,policy,1,3903,7,6,0.2083
7,policy,1,3903,8,7,0.2173
7,policy,1,2479,0,0,0.1175
7,policy,1,2479,1,0,0.1175
7,policy,1,2479,2,0,0.1175
7,policy,1,2479,3,1,0.0000
7,policy,1,2479,4,2,0.0000
7,policy,1,2479,5,3,0.0000
7,policy,1,2479,6,4,0.0000
7,policy,1,2479,7,5,0.0000
7,policy,1,2479,8,6,0.0000
7,policy,1,2944,0,0,0.0636
7,policy,1,2944,1,1,0.0000
7,policy,1,2944,2,2,0.1100
7,policy,1,2944,3,3,0.1389
7,policy,1,2944,4,4,0.1389
7,policy,1,2944,5,5,0.1389
7,policy,1,2944,6,6,0.1389
7,policy,1,2944,7,7,0.1389
7,policy,1,2944,8,7,0.1389
7,policy,1,1468,0,0,0.0000
7,policy,1,1468,1,1,0.0827
7,policy,1,1468,2,1,0.0827
7,policy,1,1468,3,2,0.0916
7,policy,1,1468,4,2,0.0916
7,policy,1,1468,5,2,0.0916
7,policy,1,1468,6,3,0.0979
7,policy,1,1468,7,3,0.0979
7,policy,1,1468,8,4,0.0979
7,policy,1,1598,0,0,0.2083
7,policy,1,1598,1,1,0.1420
7,policy,1,1598,2,2,0.2240
7,policy,1,1598,3,3,0.2240
7,policy,1,1598,4,4,0.2240
7,policy,1,1598,5,5,0.2240
7,policy,1,1598,6,6,0.2337
7,policy,1,1598,7,7,0.2240
7,policy,1,1598,8,8,0.2240
7,policy,1,3571,0,0,0.1642
7,policy,1,3571,1,1,0.0000
7,policy,1,3571,2,2,0.0948
7,policy,1,3571,3,3,0.0694
7,policy,1,3571,4,4,0.0000
7,policy,1,3571,5,4,0.0000
7,policy,1,3571,6,5,0.0784
7,policy,1,3571,7,6,0.0851
7,policy,1,3571,8,6,0.0851
7,policy,1,4400,0,0,0.0784
7,policy,1,4400,1,1,0.1299
7,policy,1,4400,2,1,0.1299
7,policy,1,4400,3,2,0.3815
7,policy,1,4400,4,3,0.3566
7,policy,1,4400,5,4,0.3470
7,policy,1,4400,6,5,0.3815
7,policy,1,4400,7,6,0.3470
7,policy,1,4400,8,7,0.2182
7,policy,1,1622,0,0,0.1396
7,policy,1,1622,1,1,0.1389
7,policy,1,1622,2,2,0.2201
7,policy,1,1622,3,3,0.2837
7,policy,1,1622,4,4,0.2201
7,policy,1,1622,5,5,0.2837
7,policy,1,1622,6,5,0.2837
7,policy,1,1622,7,6,0.2201
7,policy,1,1622,8,7,0.2201
7,policy,1,1343,0,0,0.0000
7,policy,1,1343,1,1,0.0000
7,policy,1,1343,2,2,0.0000
7,policy,1,1343,3,3,0.0000
7,policy,1,1343,4,4,0.0000
7,policy,1,1343,5,5,0.0000
7,policy,1,1343,6,6,0.0000
7,policy,1,1343,7,7,0.0000
7,policy,1,1343,8,7,0.0000
7,policy,1,1661,0,0,0.0000
7,policy,1,1661,1,0,0.0000
7,policy,1,1661,2,0,0.0000
7,policy,1,1661,3,1,0.0000
7,policy,1,1661,4,2,0.0000
7,policy,1,1661,5,2,0.0000
7,policy,1,1661,6,3,0.0000
7,policy,1,1661,7,4,0.0000
7,policy,1,1661,8,4,0.0000
7,policy,1,5407,0,0,0.0000
7,policy,1,5407,1,1,0.0784
7,policy,1,5407,2,2,0.0851
7,policy,1,5407,3,3,0.0948
7,policy,1,5407,4,4,0.0948
7,policy,1,5407,5,5,0.1100
7,policy,1,5407,6,6,0.1737
7,policy,1,5407,7,7,0.1834
7,policy,1,5407,8,8,0.1799
7,policy,1,4406,0,0,0.0000
7,policy,1,4406,1,1,0.0000
7,policy,1,4406,2,2,0.0000
7,policy,1,4406,3,3,0.0948
7,policy,1,4406,4,4,0.0851
7,policy,1,4406,5,5,0.0784
7,policy,1,4406,6,6,0.0734
7,policy,1,4406,7,7,0.0734
7,policy,1,4406,8,8,0.0734
7,policy,1,240,0,0,0.0000
7,policy,1,240,1,1,0.1518
7,policy,1,240,2,2,0.1585
7,policy,1,240,3,3,0.1682
7,policy,1,240,4,4,0.1682
7,policy,1,240,5,5,0.1834
7,policy,1,240,6,6,0.1763
7,policy,1,240,7,7,0.1100
7,policy,1,240,8,8,0.0851
7,policy,1,1585,0,0,0.4499
7,policy,1,1585,1,1,0.3149
7,policy,1,1585,2,2,0.3301
7,policy,1,1585,3,3,0.3301
7,policy,1,1585,4,4,0.3938
7,policy,1,1585,5,5,0.3964
7,policy,1,1585,6,6,0.4035
7,policy,1,1585,7,7,0.4249
7,policy,1,1585,8,8,0.5077
7,policy,1,5695,0,0,0.0000
7,policy,1,5695,1,0,0.0000
7,policy,1,5695,2,0,0.0000
7,policy,1,5695,3,1,0.0000
7,policy,1,5695,4,2,0.0000
7,policy,1,5695,5,3,0.0000
7,policy,1,5695,6,4,0.0000
7,policy,1,5695,7,5,0.0000
7,policy,1,5695,8,5,0.0000
7,policy,1,699,0,0,0.0000
7,policy,1,699,1,0,0.0000
7,policy,1,699,2,0,0.0000
7,policy,1,699,3,1,0.1184
7,policy,1,699,4,2,0.1184
7,policy,1,699,5,2,0.1184
7,policy,1,699,6,2,0.1184
7,policy,1,699,7,3,0.1184
7,policy,1,699,8,4,0.1374
7,policy,1,2729,0,0,0.1100
7,policy,1,2729,1,1,0.0636
7,policy,1,2729,2,2,0.0000
7,policy,1,2729,3,3,0.0000
7,policy,1,2729,4,4,0.0000
7,policy,1,2729,5,5,0.0000
7,policy,1,2729,6,6,0.0000
7,policy,1,2729,7,7,0.0000
7,policy,1,2729,8,8,0.0000
7,policy,1,2984,0,0,0.0000
7,policy,1,2984,1,1,0.0000
7,policy,1,2984,2,2,0.0851
7,policy,1,2984,3,3,0.1100
7,policy,1,2984,4,4,0.1100
7,policy,1,2984,5,5,0.1100
7,policy,1,2984,6,6,0.1100
7,policy,1,2984,7,7,0.1100
7,policy,1,2984,8,8,0.1100
7,policy,1,1888,0,0,0.2817
7,policy,1,1888,1,1,0.2588
7,policy,1,1888,2,2,0.2457
7,policy,1,1888,3,3,0.2122
7,policy,1,1888,4,4,0.2083
7,policy,1,1888,5,5,0.2083
7,policy,1,1888,6,6,0.2083
7,policy,1,1888,7,7,0.2083
7,policy,1,1888,8,8,0.2083
7,policy,1,2664,0,0,0.1370
7,policy,1,2664,1,1,0.6785
7,policy,1,2664,2,2,0.4517
7,policy,1,2664,3,3,0.3566
7,policy,1,2664,4,4,0.3566
7,policy,1,2664,5,5,0.3566
7,policy,1,2664,6,6,0.3566
7,policy,1,2664,7,7,0.3566
7,policy,1,2664,8,8,0.3470
7,policy,1,5442,0,0,0.0734
7,policy,1,5442,1,1,0.3301
7,policy,1,5442,2,2,0.1584
7,policy,1,5442,3,3,0.0784
7,policy,1,5442,4,4,0.0784
7,policy,1,5442,5,5,0.1420
7,policy,1,5442,6,6,0.1331
7,policy,1,5442,7,7,0.0734
7,policy,1,5442,8,8,0.0784
7,policy,1,780,0,0,0.2588
7,policy,1,780,1,0,0.2588
7,policy,1,780,2,1,0.4171
7,policy,1,780,3,2,0.3757
7,policy,1,780,4,3,0.3601
7,policy,1,780,5,4,0.3764
7,policy,1,780,6,5,0.3733
7,policy,1,780,7,6,0.3706
7,policy,1,780,8,7,0.3764
7,policy,1,5879,0,0,0.2025
7,policy,1,5879,1,1,0.2083
7,policy,1,5879,2,2,0.5036
7,policy,1,5879,3,3,0.4959
7,policy,1,5879,4,4,0.4959
7,policy,1,5879,5,5,0.4323
7,policy,1,5879,6,6,0.5017
7,policy,1,5879,7,7,0.4658
7,policy,1,5879,8,8,0.4658
7,policy,1,2848,0,0,0.0000
7,policy,1,2848,1,1,0.3024
7,policy,1,2848,2,1,0.3024
7,policy,1,2848,3,2,0.2832
7,policy,1,2848,4,3,0.2900
7,policy,1,2848,5,3,0.2900
7,policy,1,2848,6,4,0.2832
7,policy,1,2848,7,5,0.2900
7,policy,1,2848,8,6,0.1370
7,policy,1,4669,0,0,0.0000
7,policy,1,4669,1,0,0.0000
7,policy,1,4669,2,0,0.0000
7,policy,1,4669,3,1,0.0000
7,policy,1,4669,4,2,0.0000
7,policy,1,4669,5,2,0.0000
7,policy,1,4669,6,3,0.0000
7,policy,1,4669,7,4,0.0000
7,policy,1,4669,8,5,0.0000
7,policy,1,5086,0,0,0.2470
7,policy,1,5086,1,1,0.0000
7,policy,1,5086,2,2,0.6773
7,policy,1,5086,3,3,0.3405
7,policy,1,5086,4,4,0.2547
7,policy,1,5086,5,5,0.1518
7,policy,1,5086,6,6,0.1478
7,policy,1,5086,7,7,0.1331
7,policy,1,5086,8,8,0.1331
7,policy,1,2874,0,0,0.1175
7,policy,1,2874,1,0,0.1175
7,policy,1,2874,2,0,0.1175
7,policy,1,2874,3,1,0.0000
7,policy,1,2874,4,2,0.0000
7,policy,1,2874,5,2,0.0000
7,policy,1,2874,6,3,0.0000
7,policy,1,2874,7,4,0.0000
7,policy,1,2874,8,5,0.0000
7,policy,1,1097,0,0,0.0000
7,policy,1,1097,1,1,0.0000
7,policy,1,1097,2,2,0.0000
7,policy,1,1097,3,3,0.0000
7,policy,1,1097,4,4,0.0000
7,policy,1,1097,5,5,0.0000
7,policy,1,1097,6,5,0.0000
7,policy,1,1097,7,6,0.0000
7,policy,1,1097,8,6,0.0000
7,policy,1,1958,0,0,0.0000
7,policy,1,1958,1,1,0.2201
7,policy,1,1958,2,2,0.0000
7,policy,1,1958,3,3,0.0948
7,policy,1,1958,4,4,0.1389
7,policy,1,1958,5,5,0.1389
7,policy,1,1958,6,6,0.1389
7,policy,1,1958,7,7,0.2201
7,policy,1,1958,8,7,0.2201
7,policy,1,4876,0,0,0.0000
7,policy,1,4876,1,0,0.0000
7,policy,1,4876,2,1,0.0000
7,policy,1,4876,3,2,0.0000
7,policy,1,4876,4,3,0.0000
7,policy,1,4876,5,4,0.0000
7,policy,1,4876,6,5,0.0000
7,policy,1,4876,7,6,0.0000
7,policy,1,4876,8,7,0.0000
7,policy,1,4990,0,0,0.0000
7,policy,1,4990,1,0,0.0000
7,policy,1,4990,2,0,0.0000
7,policy,1,4990,3,0,0.0000
7,policy,1,4990,4,1,0.0000
7,policy,1,4990,5,2,0.0000
7,policy,1,4990,6,2,0.0000
7,policy,1,4990,7,2,0.0000
7,policy,1,4990,8,3,0.0000
7,policy,1,4212,0,0,0.1420
7,policy,1,4212,1,1,0.3437
7,policy,1,4212,2,2,0.6718
7,policy,1,4212,3,3,0.7936
7,policy,1,4212,4,4,0.8522
7,policy,1,4212,5,5,0.7156
7,policy,1,4212,6,6,0.7059
7,policy,1,4212,7,7,0.8205
7,policy,1,4212,8,8,0.8205
7,policy,1,5412,0,0,0.1389
7,policy,1,5412,1,1,0.0000
7,policy,1,5412,2,2,0.2305
7,policy,1,5412,3,3,0.2900
7,policy,1,5412,4,4,0.2736
7,policy,1,5412,5,5,0.2494
7,policy,1,5412,6,6,0.2614
7,policy,1,5412,7,7,0.1732
7,policy,1,5412,8,8,0.2201
7,policy,1,5621,0,0,0.0000
7,policy,1,5621,1,1,0.0663
7,policy,1,5621,2,1,0.0663
7,policy,1,5621,3,2,0.4153
7,policy,1,5621,4,3,0.4153
7,policy,1,5621,5,3,0.4153
7,policy,1,5621,6,4,0.4153
7,policy,1,5621,7,5,0.3188
7,policy,1,5621,8,6,0.3223
7,policy,1,4273,0,0,0.0000
7,policy,1,4273,1,0,0.0000
7,policy,1,4273,2,0,0.0000
7,policy,1,4273,3,1,0.0000
7,policy,1,4273,4,2,0.0000
7,policy,1,4273,5,3,0.0000
7,policy,1,4273,6,4,0.0000
7,policy,1,4273,7,5,0.0000
7,policy,1,4273,8,6,0.0000
7,policy,1,1869,0,0,0.1799
7,policy,1,1869,1,1,0.0851
7,policy,1,1869,2,2,0.1100
7,policy,1,1869,3,3,0.1389
7,policy,1,1869,4,4,0.1389
7,policy,1,1869,5,5,0.1389
7,policy,1,1869,6,6,0.1389
7,policy,1,1869,7,7,0.1389
7,policy,1,1869,8,8,0.1389
7,policy,1,5970,0,0,0.0000
7,policy,1,5970,1,1,0.4671
7,policy,1,5970,2,2,0.5834
7,policy,1,5970,3,3,0.3621
7,policy,1,5970,4,4,0.3052
7,policy,1,5970,5,5,0.3149
7,policy,1,5970,6,6,0.3149
7,policy,1,5970,7,7,0.3301
7,policy,1,5970,8,8,0.2985
7,policy,1,2055,0,0,0.0000
7,policy,1,2055,1,1,0.0734
7,policy,1,2055,2,2,0.0734
7,policy,1,2055,3,3,0.1370
7,policy,1,2055,4,4,0.0734
7,policy,1,2055,5,5,0.1370
7,policy,1,2055,6,6,0.0694
7,policy,1,2055,7,7,0.0000
7,policy,1,2055,8,8,0.0000
7,policy,1,487,0,0,0.0000
7,policy,1,487,1,0,0.0000
7,policy,1,487,2,0,0.0000
7,policy,1,487,3,1,0.0000
7,policy,1,487,4,2,0.0000
7,policy,1,487,5,2,0.0000
7,policy,1,487,6,3,0.0000
7,policy,1,487,7,4,0.0000
7,policy,1,487,8,5,0.0000
7,policy,1,2399,0,0,0.0000
7,policy,1,2399,1,0,0.0000
7,policy,1,2399,2,0,0.0000
7,policy,1,2399,3,1,0.0000
7,policy,1,2399,4,2,0.0000
7,policy,1,2399,5,3,0.0000
7,policy,1,2399,6,4,0.0000
7,policy,1,2399,7,5,0.0000
7,policy,1,2399,8,5,0.0000
7,policy,1,4740,0,0,0.0000
7,policy,1,4740,1,0,0.0000
7,policy,1,4740,2,0,0.0000
7,policy,1,4740,3,0,0.0000
7,policy,1,4740,4,1,0.1480
7,policy,1,4740,5,2,0.0000
7,policy,1,4740,6,2,0.0000
7,policy,1,4740,7,3,0.0000
7,policy,1,4740,8,4,0.0000
7,policy,1,4414,0,0,0.0663
7,policy,1,4414,1,0,0.0663
7,policy,1,4414,2,1,0.0948
7,policy,1,4414,3,2,0.0784
7,policy,1,4414,4,3,0.0694
7,policy,1,4414,5,4,0.0694
7,policy,1,4414,6,5,0.0694
7,policy,1,4414,7,6,0.0694
7,policy,1,4414,8,7,0.0734
7,policy,1,1974,0,0,0.0000
7,policy,1,1974,1,1,0.0000
7,policy,1,1974,2,1,0.0000
7,policy,1,1974,3,2,0.0000
7,policy,1,1974,4,3,0.0000
7,policy,1,1974,5,4,0.0000
7,policy,1,1974,6,5,0.0000
7,policy,1,1974,7,6,0.0000
7,policy,1,1974,8,6,0.0000
7,policy,1,4126,0,0,0.0000
7,policy,1,4126,1,0,0.0000
7,policy,1,4126,2,1,0.0851
7,policy,1,4126,3,2,0.0784
7,policy,1,4126,4,3,0.0000
7,policy,1,4126,5,4,0.0000
7,policy,1,4126,6,4,0.0000
7,policy,1,4126,7,5,0.0000
7,policy,1,4126,8,6,0.0000
7,policy,1,2232,0,0,0.0000
7,policy,1,2232,1,1,0.0000
7,policy,1,2232,2,2,0.0000
7,policy,1,2232,3,3,0.0000
7,policy,1,2232,4,4,0.0000
7,policy,1,2232,5,4,0.0000
7,policy,1,2232,6,5,0.0000
7,policy,1,2232,7,6,0.0000
7,policy,1,2232,8,6,0.0000
7,policy,1,5927,0,0,0.0000
7,policy,1,5927,1,1,0.0000
7,policy,1,5927,2,1,0.0000
7,policy,1,5927,3,2,0.0000
7,policy,1,5927,4,2,0.0000
7,policy,1,5927,5,2,0.0000
7,policy,1,5927,6,3,0.0000
7,policy,1,5927,7,4,0.0000
7,policy,1,5927,8,5,0.0000
7,policy,1,3023,0,0,0.0000
7,policy,1,3023,1,1,0.0000
7,policy,1,3023,2,2,0.1100
7,policy,1,3023,3,3,0.2051
7,policy,1,3023,4,4,0.2025
7,policy,1,3023,5,5,0.1389
7,policy,1,3023,6,6,0.1389
7,policy,1,3023,7,7,0.1389
7,policy,1,3023,8,8,0.2025
7,policy,1,607,0,0,0.0000
7,policy,1,607,1,1,0.0000
7,policy,1,607,2,2,0.0000
7,policy,1,607,3,3,0.0000
7,policy,1,607,4,4,0.0000
7,policy,1,607,5,5,0.0000
7,policy,1,607,6,6,0.0000
7,policy,1,607,7,7,0.0000
7,policy,1,607,8,8,0.0000
11,policy,0,1216,0,0,0.1389
11,policy,0,1216,1,0,0.1389
11,policy,0,1216,2,0,0.1389
11,policy,0,1216,3,1,0.2083
11,policy,0,1216,4,2,0.2122
11,policy,0,1216,5,3,0.2173
11,policy,0,1216,6,4,0.2240
11,policy,0,1216,7,5,0.2240
11,policy,0,1216,8,5,0.2240
11,policy,0,2820,0,0,0.0000
11,policy,0,2820,1,0,0.0000
11,policy,0,2820,2,0,0.0000
11,policy,0,2820,3,1,0.0000
11,policy,0,2820,4,2,0.0000
11,policy,0,2820,5,3,0.0000
11,policy,0,2820,6,4,0.0000
11,policy,0,2820,7,4,0.0000
11,policy,0,2820,8,4,0.0000
11,policy,0,3017,0,0,0.9337
11,policy,0,3017,1,1,1.0000
11,policy,0,3017,2,2,0.9337
11,policy,0,3017,3,3,0.9306
11,policy,0,3017,4,4,0.9306
11,policy,0,3017,5,5,0.9306
11,policy,0,3017,6,6,0.9306
11,policy,0,3017,7,7,0.9306
11,policy,0,3017,8,8,0.9266
11,policy,0,1260,0,0,0.2895
11,policy,0,1260,1,0,0.2895
11,policy,0,1260,2,1,0.4073
11,policy,0,1260,3,2,0.4073
11,policy,0,1260,4,3,0.5326
11,policy,0,1260,5,4,0.5326
11,policy,0,1260,6,5,0.4690
11,policy,0,1260,7,6,0.4690
11,policy,0,1260,8,7,0.4690
11,policy,0,1920,0,0,0.3183
11,policy,0,1920,1,1,0.4441
11,policy,0,1920,2,2,0.4690
11,policy,0,1920,3,3,0.5174
11,policy,0,1920,4,4,0.5174
11,policy,0,1920,5,4,0.5174
11,policy,0,1920,6,5,0.4944
11,policy,0,1920,7,6,0.4171
11,policy,0,1920,8,7,0.4171
11,policy,0,693,0,0,0.2935
11,policy,0,693,1,0,0.2935
11,policy,0,693,2,0,0.2935
11,policy,0,693,3,1,0.0000
11,policy,0,693,4,2,0.0000
11,policy,0,693,5,3,0.0000
11,policy,0,693,6,4,0.0000
11,policy,0,693,7,4,0.0000
11,policy,0,693,8,5,0.0694
11,policy,0,3268,0,0,0.5552
11,policy,0,3268,1,1,0.6618
11,policy,0,3268,2,2,0.5510
11,policy,0,3268,3,3,0.2906
11,policy,0,3268,4,4,0.3786
11,policy,0,3268,5,5,0.4577
11,policy,0,3268,6,6,0.3917
11,policy,0,3268,7,7,0.4789
11,policy,0,3268,8,8,0.4789
11,policy,0,3548,0,0,0.1763
11,policy,0,3548,1,1,0.2985
11,policy,0,3548,2,2,0.3843
11,policy,0,3548,3,3,0.3996
11,policy,0,3548,4,3,0.3996
11,policy,0,3548,5,3,0.3996
11,policy,0,3548,6,4,0.3843
11,policy,0,3548,7,5,0.3843
11,policy,0,3548,8,5,0.3843
11,policy,0,2780,0,0,0.9337
11,policy,0,2780,1,1,0.7846
11,policy,0,2780,2,2,0.8630
11,policy,0,2780,3,3,0.8048
11,policy,0,2780,4,4,0.6653
11,policy,0,2780,5,5,0.6621
11,policy,0,2780,6,6,0.6530
11,policy,0,2780,7,7,0.6570
11,policy,0,2780,8,8,0.7702
11,policy,0,5328,0,0,0.9364
11,policy,0,5328,1,1,0.9266
11,policy,0,5328,2,2,0.9306
11,policy,0,5328,3,3,0.9306
11,policy,0,5328,4,4,0.9306
11,policy,0,5328,5,5,0.9306
11,policy,0,5328,6,6,0.9337
11,policy,0,5328,7,7,0.9306
11,policy,0,5328,8,8,0.9306
11,policy,0,3770,0,0,0.3152
11,policy,0,3770,1,1,0.6628
11,policy,0,3770,2,2,0.6300
11,policy,0,3770,3,3,0.6274
11,policy,0,3770,4,4,0.6274
11,policy,0,3770,5,5,0.6274
11,policy,0,3770,6,6,0.6274
11,policy,0,3770,7,7,0.6274
11,policy,0,3770,8,8,0.6274
11,policy,0,5135,0,0,0.1737
11,policy,0,5135,1,1,0.1518
11,policy,0,5135,2,2,0.1420
11,policy,0,5135,3,3,0.3647
11,policy,0,5135,4,4,0.3679
11,policy,0,5135,5,5,0.3719
11,policy,0,5135,6,6,0.4355
11,policy,0,5135,7,7,0.4519
11,policy,0,5135,8,8,0.4519
11,policy,0,781,0,0,0.0000
11,policy,0,781,1,0,0.0000
11,policy,0,781,2,1,0.0000
11,policy,0,781,3,1,0.0000
11,policy,0,781,4,2,0.0000
11,policy,0,781,5,3,0.0000
11,policy,0,781,6,3,0.0000
11,policy,0,781,7,3,0.0000
11,policy,0,781,8,4,0.0000
11,policy,0,2908,0,0,1.0000
11,policy,0,2908,1,1,1.0000
11,policy,0,2908,2,2,1.0000
11,policy,0,2908,3,3,1.0000
11,policy,0,2908,4,4,1.0000
11,policy,0,2908,5,5,1.0000
11,policy,0,2908,6,6,1.0000
11,policy,0,2908,7,7,1.0000
11,policy,0,2908,8,8,1.0000
11,policy,0,4075,0,0,0.0694
11,policy,0,4075,1,1,0.1100
11,policy,0,4075,2,2,0.2201
11,policy,0,4075,3,3,0.2201
11,policy,0,4075,4,4,0.0734
11,policy,0,4075,5,4,0.0734
11,policy,0,4075,6,5,0.0663
11,policy,0,4075,7,5,0.0663
11,policy,0,4075,8,5,0.0663
11,policy,0,3106,0,0,0.2863
11,policy,0,3106,1,1,0.1420
11,policy,0,3106,2,2,0.0948
11,policy,0,3106,3,3,0.1763
11,policy,0,3106,4,4,0.1763
11,policy,0,3106,5,4,0.1763
11,policy,0,3106,6,5,0.0948
11,policy,0,3106,7,6,0.0948
11,policy,0,3106,8,7,0.0948
11,policy,0,759,0,0,0.3689
11,policy,0,759,1,0,0.3689
11,policy,0,759,2,0,0.3689
11,policy,0,759,3,1,0.3590
11,policy,0,759,4,2,0.3590
11,policy,0,759,5,3,0.4226
11,policy,0,759,6,4,0.3590
11,policy,0,759,7,5,0.3590
11,policy,0,759,8,5,0.3590
11,policy,0,5467,0,0,0.4858
11,policy,0,5467,1,1,0.4858
11,policy,0,5467,2,2,0.6403
11,policy,0,5467,3,3,0.7065
11,policy,0,5467,4,4,0.7015
11,policy,0,5467,5,5,0.7015
11,policy,0,5467,6,6,0.6379
11,policy,0,5467,7,7,0.6379
11,policy,0,5467,8,8,0.7163
11,policy,0,5744,0,0,0.3500
11,policy,0,5744,1,1,0.3149
11,policy,0,5744,2,2,0.3786
11,policy,0,5744,3,3,0.3689
11,policy,0,5744,4,4,0.3689
11,policy,0,5744,5,4,0.3689
11,policy,0,5744,6,5,0.3689
11,policy,0,5744,7,6,0.2240
11,policy,0,5744,8,7,0.2240
11,policy,0,3129,0,0,0.2863
11,policy,0,3129,1,0,0.2863
11,policy,0,3129,2,1,0.0000
11,policy,0,3129,3,2,0.0000
11,policy,0,3129,4,3,0.0000
11,policy,0,3129,5,4,0.0000
11,policy,0,3129,6,5,0.0000
11,policy,0,3129,7,6,0.0000
11,policy,0,3129,8,7,0.0000
11,policy,0,5990,0,0,0.0000
11,policy,0,5990,1,0,0.0000
11,policy,0,5990,2,0,0.0000
11,policy,0,5990,3,1,0.0000
11,policy,0,5990,4,2,0.0000
11,policy,0,5990,5,2,0.0000
11,policy,0,5990,6,3,0.0000
11,policy,0,5990,7,3,0.0000
11,policy,0,5990,8,4,0.0000
11,policy,0,306,0,0,0.3038
11,policy,0,306,1,1,0.2240
11,policy,0,306,2,2,0.2817
11,policy,0,306,3,3,0.4452
11,policy,0,306,4,4,0.4420
11,policy,0,306,5,5,0.4420
11,policy,0,306,6,6,0.5056
11,policy,0,306,7,7,0.4394
11,policy,0,306,8,7,0.4394
11,policy,0,3832,0,0,0.6809
11,policy,0,3832,1,1,0.3843
11,policy,0,3832,2,2,0.5894
11,policy,0,3832,3,3,0.5894
11,policy,0,3832,4,4,0.5894
11,policy,0,3832,5,5,0.5894
11,policy,0,3832,6,6,0.5645
11,policy,0,3832,7,7,0.5696
11,policy,0,3832,8,8,0.5696
11,policy,0,1356,0,0,0.0000
11,policy,0,1356,1,0,0.0000
11,policy,0,1356,2,0,0.0000
11,policy,0,1356,3,1,0.0000
11,policy,0,1356,4,2,0.0000
11,policy,0,1356,5,3,0.0000
11,policy,0,1356,6,4,0.0000
11,policy,0,1356,7,4,0.0000
11,policy,0,1356,8,5,0.0000
11,policy,0,5279,0,0,0.0000
11,policy,0,5279,1,0,0.0000
11,policy,0,5279,2,1,0.0000
11,policy,0,5279,3,2,0.0000
11,policy,0,5279,4,3,0.0000
11,policy,0,5279,5,4,0.0000
11,policy,0,5279,6,4,0.0000
11,policy,0,5279,7,5,0.0000
11,policy,0,5279,8,6,0.0000
11,policy,0,3201,0,0,0.1518
11,policy,0,3201,1,1,0.0000
11,policy,0,3201,2,2,0.2394
11,policy,0,3201,3,3,0.3317
11,policy,0,3201,4,4,0.3278
11,policy,0,3201,5,5,0.3890
11,policy,0,3201,6,6,0.3822
11,policy,0,3201,7,7,0.3949
11,policy,0,3201,8,8,0.3975
11,policy,0,370,0,0,0.0636
11,policy,0,370,1,0,0.0636
11,policy,0,370,2,0,0.0636
11,policy,0,370,3,1,0.3183
11,policy,0,370,4,2,0.3120
11,policy,0,370,5,3,0.4284
11,policy,0,370,6,4,0.3843
11,policy,0,370,7,4,0.3843
11,policy,0,370,8,4,0.3843
11,policy,0,2012,0,0,0.2083
11,policy,0,2012,1,0,0.2083
11,policy,0,2012,2,1,0.3149
11,policy,0,2012,3,2,0.3149
11,policy,0,2012,4,3,0.2337
11,policy,0,2012,5,4,0.2048
11,policy,0,2012,6,5,0.2048
11,policy,0,2012,7,6,0.2048
11,policy,0,2012,8,7,0.2337
11,policy,0,3899,0,0,1.0000
11,policy,0,3899,1,1,0.8268
11,policy,0,3899,2,2,1.0000
11,policy,0,3899,3,3,1.0000
11,policy,0,3899,4,4,1.0000
11,policy,0,3899,5,5,1.0000
11,policy,0,3899,6,6,1.0000
11,policy,0,3899,7,7,1.0000
11,policy,0,3899,8,8,1.0000
11,policy,0,2979,0,0,0.2247
11,policy,0,2979,1,1,0.3024
11,policy,0,2979,2,2,0.2240
11,policy,0,2979,3,3,0.2867
11,policy,0,2979,4,4,0.2867
11,policy,0,2979,5,5,0.2867
11,policy,0,2979,6,6,0.2903
11,policy,0,2979,7,7,0.2876
11,policy,0,2979,8,8,0.2337
11,policy,0,2748,0,0,0.5801
11,policy,0,2748,1,1,0.6180
11,policy,0,2748,2,2,0.6777
11,policy,0,2748,3,3,0.6777
11,policy,0,2748,4,4,0.6777
11,policy,0,2748,5,5,0.6176
11,policy,0,2748,6,6,0.6150
11,policy,0,2748,7,7,0.6078
11,policy,0,2748,8,8,0.6316
11,policy,0,821,0,0,0.6294
11,policy,0,821,1,1,0.5806
11,policy,0,821,2,2,0.7084
11,policy,0,821,3,3,0.5431
11,policy,0,821,4,4,0.5364
11,policy,0,821,5,5,0.5337
11,policy,0,821,6,6,0.4697
11,policy,0,821,7,7,0.4487
11,policy,0,821,8,8,0.4487
11,policy,0,3891,0,0,0.8512
11,policy,0,3891,1,1,0.8263
11,policy,0,3891,2,2,0.8416
11,policy,0,3891,3,3,0.8358
11,policy,0,3891,4,4,0.8358
11,policy,0,3891,5,5,0.8116
11,policy,0,3891,6,6,0.8116
11,policy,0,3891,7,7,0.8116
11,policy,0,3891,8,8,0.8268
11,policy,0,3250,0,0,0.2337
11,policy,0,3250,1,1,0.1795
11,policy,0,3250,2,1,0.1795
11,policy,0,3250,3,2,0.1420
11,policy,0,3250,4,2,0.1420
11,policy,0,3250,5,2,0.1420
11,policy,0,3250,6,3,0.0694
11,policy,0,3250,7,4,0.0694
11,policy,0,3250,8,5,0.0694
11,policy,0,4478,0,0,0.2337
11,policy,0,4478,1,1,0.4085
11,policy,0,4478,2,2,0.3597
11,policy,0,4478,3,3,0.2431
11,policy,0,4478,4,4,0.2431
11,policy,0,4478,5,5,0.2399
11,policy,0,4478,6,6,0.2399
11,policy,0,4478,7,7,0.2399
11,policy,0,4478,8,8,0.2399
11,policy,0,2536,0,0,0.8166
11,policy,0,2536,1,1,0.8611
11,policy,0,2536,2,2,0.8611
11,policy,0,2536,3,3,0.8611
11,policy,0,2536,4,4,0.8611
11,policy,0,2536,5,5,0.8611
11,policy,0,2536,6,6,0.8611
11,policy,0,2536,7,7,0.8611
11,policy,0,2536,8,8,0.8611
11,policy,0,1250,0,0,0.0000
11,policy,0,1250,1,0,0.0000
11,policy,0,1250,2,1,0.2337
11,policy,0,1250,3,2,0.2337
11,policy,0,1250,4,3,0.2337
11,policy,0,1250,5,3,0.2337
11,policy,0,1250,6,3,0.2337
11,policy,0,1250,7,4,0.2337
11,policy,0,1250,8,5,0.2337
11,policy,0,4763,0,0,0.0000
11,policy,0,4763,1,0,0.0000
11,policy,0,4763,2,1,0.0000
11,policy,0,4763,3,2,0.0000
11,policy,0,4763,4,3,0.0000
11,policy,0,4763,5,4,0.0000
11,policy,0,4763,6,4,0.0000
11,policy,0,4763,7,5,0.0000
11,policy,0,4763,8,6,0.0000
11,policy,0,4757,0,0,0.0909
11,policy,0,4757,1,0,0.0909
11,policy,0,4757,2,0,0.0909
11,policy,0,4757,3,1,0.0679
11,policy,0,4757,4,1,0.0679
11,policy,0,4757,5,2,0.0909
11,policy,0,4757,6,3,0.0837
11,policy,0,4757,7,4,0.0783
11,policy,0,4757,8,4,0.0783
11,policy,0,5792,0,0,0.0000
11,policy,0,5792,1,0,0.0000
11,policy,0,5792,2,0,0.0000
11,policy,0,5792,3,1,0.0000
11,policy,0,5792,4,1,0.0000
11,policy,0,5792,5,1,0.0000
11,policy,0,5792,6,2,0.0000
11,policy,0,5792,7,3,0.0000
11,policy,0,5792,8,3,0.0000
11,policy,0,6025,0,0,0.5578
11,policy,0,6025,1,0,0.5578
11,policy,0,6025,2,0,0.5578
11,policy,0,6025,3,1,0.1299
11,policy,0,6025,4,2,0.0663
11,policy,0,6025,5,3,0.1331
11,policy,0,6025,6,4,0.0734
11,policy,0,6025,7,5,0.0734
11,policy,0,6025,8,6,0.3700
11,policy,0,5989,0,0,0.1389
11,policy,0,5989,1,1,0.2048
11,policy,0,5989,2,2,0.0948
11,policy,0,5989,3,3,0.1428
11,policy,0,5989,4,4,0.1396
11,policy,0,5989,5,5,0.1357
11,policy,0,5989,6,6,0.1428
11,policy,0,5989,7,7,0.1357
11,policy,0,5989,8,8,0.1331
11,policy,0,1434,0,0,0.0000
11,policy,0,1434,1,0,0.0000
11,policy,0,1434,2,0,0.0000
11,policy,0,1434,3,1,0.0000
11,policy,0,1434,4,2,0.0000
11,policy,0,1434,5,3,0.0000
11,policy,0,1434,6,4,0.0000
11,policy,0,1434,7,4,0.0000
11,policy,0,1434,8,5,0.0000
11,policy,0,4950,0,0,0.5801
11,policy,0,4950,1,1,0.7656
11,policy,0,4950,2,2,0.8166
11,policy,0,4950,3,3,0.8116
11,policy,0,4950,4,4,0.7601
11,policy,0,4950,5,5,0.8237
11,policy,0,4950,6,6,0.7569
11,policy,0,4950,7,7,0.7569
11,policy,0,4950,8,8,0.6595
11,policy,0,4781,0,0,0.0636
11,policy,0,4781,1,1,0.1389
11,policy,0,4781,2,2,0.2083
11,policy,0,4781,3,3,0.2906
11,policy,0,4781,4,4,0.2906
11,policy,0,4781,5,5,0.2867
11,policy,0,4781,6,6,0.2906
11,policy,0,4781,7,7,0.2867
11,policy,0,4781,8,8,0.3031
11,policy,0,3169,0,0,0.2426
11,policy,0,3169,1,1,0.2743
11,policy,0,3169,2,2,0.4584
11,policy,0,3169,3,3,0.4518
11,policy,0,3169,4,4,0.4451
11,policy,0,3169,5,4,0.4451
11,policy,0,3169,6,5,0.4401
11,policy,0,3169,7,6,0.3733
11,policy,0,3169,8,7,0.3733
11,policy,0,574,0,0,0.4865
11,policy,0,574,1,0,0.4865
11,policy,0,574,2,1,0.9364
11,policy,0,574,3,2,0.9364
11,policy,0,574,4,3,0.9337
11,policy,0,574,5,4,0.9337
11,policy,0,574,6,5,0.9306
11,policy,0,574,7,6,0.9266
11,policy,0,574,8,7,0.9266
11,policy,0,955,0,0,0.6217
11,policy,0,955,1,0,0.6217
11,policy,0,955,2,0,0.6217
11,policy,0,955,3,1,0.1357
11,policy,0,955,4,2,0.1585
11,policy,0,955,5,3,0.3128
11,policy,0,955,6,4,0.2848
11,policy,0,955,7,5,0.2916
11,policy,0,955,8,6,0.1682
11,policy,0,3445,0,0,0.0000
11,policy,0,3445,1,0,0.0000
11,policy,0,3445,2,0,0.0000
11,policy,0,3445,3,1,0.0000
11,policy,0,3445,4,1,0.0000
11,policy,0,3445,5,1,0.0000
11,policy,0,3445,6,2,0.0000
11,policy,0,3445,7,3,0.0000
11,policy,0,3445,8,3,0.0000
11,policy,0,585,0,0,0.4819
11,policy,0,585,1,0,0.4819
11,policy,0,585,2,0,0.4819
11,policy,0,585,3,1,0.0636
11,policy,0,585,4,2,0.0000
11,policy,0,585,5,3,0.0000
11,policy,0,585,6,4,0.0000
11,policy,0,585,7,4,0.0000
11,policy,0,585,8,4,0.0000
11,policy,0,5503,0,0,0.4328
11,policy,0,5503,1,1,0.6727
11,policy,0,5503,2,2,0.7859
11,policy,0,5503,3,3,0.8522
11,policy,0,5503,4,4,0.8604
11,policy,0,5503,5,5,0.8572
11,policy,0,5503,6,6,0.8604
11,policy,0,5503,7,7,0.8630
11,policy,0,5503,8,8,0.8580
11,policy,0,362,0,0,0.0000
11,policy,0,362,1,1,0.0000
11,policy,0,362,2,2,0.0000
11,policy,0,362,3,3,0.0000
11,policy,0,362,4,4,0.0000
11,policy,0,362,5,4,0.0000
11,policy,0,362,6,5,0.0000
11,policy,0,362,7,6,0.0000
11,policy,0,362,8,7,0.0000
11,policy,0,3332,0,0,0.5959
11,policy,0,3332,1,1,0.4323
11,policy,0,3332,2,2,0.5077
11,policy,0,3332,3,3,0.5232
11,policy,0,3332,4,4,0.5200
11,policy,0,3332,5,5,0.5174
11,policy,0,3332,6,6,0.4690
11,policy,0,3332,7,7,0.5326
11,policy,0,3332,8,8,0.5326
11,policy,0,554,0,0,0.0663
11,policy,0,554,1,0,0.0663
11,policy,0,554,2,0,0.0663
11,policy,0,554,3,1,0.1389
11,policy,0,554,4,2,0.2201
11,policy,0,554,5,2,0.2201
11,policy,0,554,6,3,0.1389
11,policy,0,554,7,4,0.1389
11,policy,0,554,8,5,0.1389
11,policy,0,3282,0,0,0.4323
11,policy,0,3282,1,1,0.6835
11,policy,0,3282,2,2,0.6759
11,policy,0,3282,3,3,0.6759
11,policy,0,3282,4,4,0.6759
11,policy,0,3282,5,5,0.5959
11,policy,0,3282,6,6,0.5959
11,policy,0,3282,7,7,0.5798
11,policy,0,3282,8,8,0.5680
11,policy,0,5925,0,0,0.1795
11,policy,0,5925,1,0,0.1795
11,policy,0,5925,2,1,0.2974
11,policy,0,5925,3,2,0.3120
11,policy,0,5925,4,3,0.4000
11,policy,0,5925,5,4,0.3188
11,policy,0,5925,6,5,0.3188
11,policy,0,5925,7,6,0.3188
11,policy,0,5925,8,7,0.2900
11,policy,0,1610,0,0,0.7792
11,policy,0,1610,1,1,0.7534
11,policy,0,1610,2,2,0.6620
11,policy,0,1610,3,3,0.6505
11,policy,0,1610,4,4,0.6505
11,policy,0,1610,5,5,0.6438
11,policy,0,1610,6,6,0.6438
11,policy,0,1610,7,7,0.6438
11,policy,0,1610,8,8,0.6217
11,policy,0,3354,0,0,0.3024
11,policy,0,3354,1,0,0.3024
11,policy,0,3354,2,0,0.3024
11,policy,0,3354,3,1,0.0000
11,policy,0,3354,4,2,0.0000
11,policy,0,3354,5,2,0.0000
11,policy,0,3354,6,2,0.0000
11,policy,0,3354,7,3,0.0000
11,policy,0,3354,8,4,0.0000
11,policy,0,1693,0,0,0.9337
11,policy,0,1693,1,1,0.9306
11,policy,0,1693,2,2,0.9306
11,policy,0,1693,3,3,0.9306
11,policy,0,1693,4,4,0.9306
11,policy,0,1693,5,5,0.9306
11,policy,0,1693,6,6,0.9306
11,policy,0,1693,7,7,0.9306
11,policy,0,1693,8,8,0.9306
11,policy,0,1856,0,0,0.2376
11,policy,0,1856,1,0,0.2376
11,policy,0,1856,2,0,0.2376
11,policy,0,1856,3,1,0.0000
11,policy,0,1856,4,2,0.0000
11,policy,0,1856,5,3,0.0000
11,policy,0,1856,6,4,0.0000
11,policy,0,1856,7,4,0.0000
11,policy,0,1856,8,4,0.0000
11,policy,0,984,0,0,0.8365
11,policy,0,984,1,1,0.9306
11,policy,0,984,2,2,0.8643
11,policy,0,984,3,3,0.8604
11,policy,0,984,4,4,0.8643
11,policy,0,984,5,5,0.8643
11,policy,0,984,6,6,0.8643
11,policy,0,984,7,7,0.8643
11,policy,0,984,8,8,0.8643
11,policy,0,2490,0,0,0.3125
11,policy,0,2490,1,1,0.4690
11,policy,0,2490,2,2,0.6173
11,policy,0,2490,3,3,0.5885
11,policy,0,2490,4,4,0.5885
11,policy,0,2490,5,5,0.5885
11,policy,0,2490,6,6,0.5885
11,policy,0,2490,7,7,0.5885
11,policy,0,2490,8,8,0.5072
11,policy,0,2395,0,0,0.2935
11,policy,0,2395,1,0,0.2935
11,policy,0,2395,2,0,0.2935
11,policy,0,2395,3,1,0.5474
11,policy,0,2395,4,1,0.5474
11,policy,0,2395,5,2,0.4780
11,policy,0,2395,6,3,0.4780
11,policy,0,2395,7,4,0.4815
11,policy,0,2395,8,5,0.4789
11,policy,0,4666,0,0,0.0948
11,policy,0,4666,1,0,0.0948
11,policy,0,4666,2,0,0.0948
11,policy,0,4666,3,1,0.0734
11,policy,0,4666,4,1,0.0734
11,policy,0,4666,5,2,0.0851
11,policy,0,4666,6,3,0.0948
11,policy,0,4666,7,4,0.0851
11,policy,0,4666,8,4,0.0851
11,policy,0,4638,0,0,0.2201
11,policy,0,4638,1,0,0.2201
11,policy,0,4638,2,1,0.3301
11,policy,0,4638,3,1,0.3301
11,policy,0,4638,4,2,0.3301
11,policy,0,4638,5,3,0.3301
11,policy,0,4638,6,3,0.3301
11,policy,0,4638,7,4,0.3301
11,policy,0,4638,8,5,0.3301
11,policy,0,1726,0,0,0.3909
11,policy,0,1726,1,1,0.8572
11,policy,0,1726,2,2,0.9364
11,policy,0,1726,3,3,0.9337
11,policy,0,1726,4,4,0.9337
11,policy,0,1726,5,5,0.9364
11,policy,0,1726,6,6,0.9364
11,policy,0,1726,7,7,0.9337
11,policy,0,1726,8,8,0.9306
11,policy,0,1544,0,0,0.2489
11,policy,0,1544,1,1,0.3032
11,policy,0,1544,2,2,0.3945
11,policy,0,1544,3,3,0.2470
11,policy,0,1544,4,4,0.2497
11,policy,0,1544,5,5,0.2528
11,policy,0,1544,6,6,0.2470
11,policy,0,1544,7,7,0.2528
11,policy,0,1544,8,8,0.4081
11,policy,0,1401,0,0,0.7191
11,policy,0,1401,1,0,0.7191
11,policy,0,1401,2,0,0.7191
11,policy,0,1401,3,1,0.4284
11,policy,0,1401,4,1,0.4284
11,policy,0,1401,5,2,0.7034
11,policy,0,1401,6,3,0.7631
11,policy,0,1401,7,4,0.6880
11,policy,0,1401,8,4,0.6880
11,policy,0,1712,0,0,0.0000
11,policy,0,1712,1,0,0.0000
11,policy,0,1712,2,1,0.0000
11,policy,0,1712,3,2,0.0000
11,policy,0,1712,4,3,0.0000
11,policy,0,1712,5,4,0.0000
11,policy,0,1712,6,4,0.0000
11,policy,0,1712,7,5,0.0000
11,policy,0,1712,8,6,0.0000
11,policy,0,1348,0,0,0.3539
11,policy,0,1348,1,0,0.3539
11,policy,0,1348,2,0,0.3539
11,policy,0,1348,3,1,0.5474
11,policy,0,1348,4,2,0.5353
11,policy,0,1348,5,3,0.5424
11,policy,0,1348,6,4,0.5424
11,policy,0,1348,7,5,0.5353
11,policy,0,1348,8,6,0.5353
11,policy,0,4769,0,0,0.0000
11,policy,0,4769,1,0,0.0000
11,policy,0,4769,2,0,0.0000
11,policy,0,4769,3,1,0.0636
11,policy,0,4769,4,2,0.0784
11,policy,0,4769,5,3,0.1488
11,policy,0,4769,6,4,0.1396
11,policy,0,4769,7,4,0.1396
11,policy,0,4769,8,5,0.0694
11,policy,0,3915,0,0,0.9216
11,policy,0,3915,1,1,0.7799
11,policy,0,3915,2,2,0.7799
11,policy,0,3915,3,3,0.7799
11,policy,0,3915,4,4,0.7799
11,policy,0,3915,5,5,0.7799
11,policy,0,3915,6,6,0.7799
11,policy,0,3915,7,7,0.7949
11,policy,0,3915,8,8,0.7949
11,policy,0,3137,0,0,0.1478
11,policy,0,3137,1,1,0.2368
11,policy,0,3137,2,2,0.2368
11,policy,0,3137,3,3,0.2579
11,policy,0,3137,4,4,0.2579
11,policy,0,3137,5,5,0.3183
11,policy,0,3137,6,6,0.3031
11,policy,0,3137,7,7,0.3031
11,policy,0,3137,8,8,0.2426
11,policy,0,3056,0,0,0.3500
11,policy,0,3056,1,0,0.3500
11,policy,0,3056,2,0,0.3500
11,policy,0,3056,3,1,0.4912
11,policy,0,3056,4,2,0.4983
11,policy,0,3056,5,3,0.5670
11,policy,0,3056,6,4,0.5631
11,policy,0,3056,7,5,0.5631
11,policy,0,3056,8,6,0.5670
11,policy,0,3344,0,0,0.0000
11,policy,0,3344,1,1,0.0663
11,policy,0,3344,2,2,0.2208
11,policy,0,3344,3,3,0.1585
11,policy,0,3344,4,4,0.1585
11,policy,0,3344,5,5,0.1585
11,policy,0,3344,6,6,0.1585
11,policy,0,3344,7,7,0.1585
11,policy,0,3344,8,8,0.1585
11,policy,0,2009,0,0,0.8701
11,policy,0,2009,1,1,0.8643
11,policy,0,2009,2,2,0.7564
11,policy,0,2009,3,3,0.7656
11,policy,0,2009,4,4,0.7606
11,policy,0,2009,5,5,0.7538
11,policy,0,2009,6,6,0.7538
11,policy,0,2009,7,7,0.7538
11,policy,0,2009,8,8,0.7606
11,policy,0,2794,0,0,0.0636
11,policy,0,2794,1,1,0.1389
11,policy,0,2794,2,2,0.1100
11,policy,0,2794,3,3,0.1100
11,policy,0,2794,4,4,0.1100
11,policy,0,2794,5,4,0.1100
11,policy,0,2794,6,5,0.1100
11,policy,0,2794,7,6,0.1100
11,policy,0,2794,8,7,0.1100
11,policy,0,5653,0,0,0.9052
11,policy,0,5653,1,1,0.7631
11,policy,0,5653,2,2,0.6938
11,policy,0,5653,3,3,0.8486
11,policy,0,5653,4,4,0.9216
11,policy,0,5653,5,5,0.9216
11,policy,0,5653,6,6,0.9266
11,policy,0,5653,7,7,0.9306
11,policy,0,5653,8,8,0.9364
11,policy,0,5615,0,0,0.6178
11,policy,0,5615,1,1,0.5795
11,policy,0,5615,2,2,0.5606
11,policy,0,5615,3,3,0.6150
11,policy,0,5615,4,4,0.6176
11,policy,0,5615,5,5,0.6176
11,policy,0,5615,6,6,0.5513
11,policy,0,5615,7,7,0.5513
11,policy,0,5615,8,7,0.5513
11,policy,0,3884,0,0,0.2867
11,policy,0,3884,1,1,0.5934
11,policy,0,3884,2,2,0.6524
11,policy,0,3884,3,3,0.6154
11,policy,0,3884,4,4,0.6154
11,policy,0,3884,5,5,0.5518
11,policy,0,3884,6,6,0.5518
11,policy,0,3884,7,7,0.5670
11,policy,0,3884,8,8,0.4858
11,policy,0,399,0,0,0.5696
11,policy,0,399,1,0,0.5696
11,policy,0,399,2,0,0.5696
11,policy,0,399,3,1,0.3689
11,policy,0,399,4,2,0.2876
11,policy,0,399,5,3,0.3689
11,policy,0,399,6,4,0.3715
11,policy,0,399,7,5,0.3689
11,policy,0,399,8,6,0.3715
11,policy,0,4972,0,0,0.0734
11,policy,0,4972,1,1,0.2466
11,policy,0,4972,2,2,0.2083
11,policy,0,4972,3,3,0.2083
11,policy,0,4972,4,4,0.2083
11,policy,0,4972,5,5,0.2051
11,policy,0,4972,6,6,0.2025
11,policy,0,4972,7,7,0.2025
11,policy,0,4972,8,8,0.2025
11,policy,0,6,0,0,0.1682
11,policy,0,6,1,1,0.0851
11,policy,0,6,2,2,0.3156
11,policy,0,6,3,3,0.3430
11,policy,0,6,4,4,0.3380
11,policy,0,6,5,5,0.3380
11,policy,0,6,6,6,0.3636
11,policy,0,6,7,7,0.3668
11,policy,0,6,8,8,0.4531
11,policy,0,4963,0,0,0.5549
11,policy,0,4963,1,1,0.6817
11,policy,0,4963,2,2,0.6524
11,policy,0,4963,3,3,0.5321
11,policy,0,4963,4,4,0.5836
11,policy,0,4963,5,5,0.5836
11,policy,0,4963,6,6,0.5836
11,policy,0,4963,7,7,0.6055
11,policy,0,4963,8,8,0.7223
11,policy,0,666,0,0,0.2201
11,policy,0,666,1,1,0.2368
11,policy,0,666,2,2,0.1585
11,policy,0,666,3,3,0.1585
11,policy,0,666,4,4,0.1585
11,policy,0,666,5,5,0.1585
11,policy,0,666,6,6,0.1585
11,policy,0,666,7,7,0.1585
11,policy,0,666,8,8,0.1585
11,policy,0,2621,0,0,0.0000
11,policy,0,2621,1,0,0.0000
11,policy,0,2621,2,0,0.0000
11,policy,0,2621,3,1,0.0000
11,policy,0,2621,4,2,0.0000
11,policy,0,2621,5,3,0.0000
11,policy,0,2621,6,4,0.0000
11,policy,0,2621,7,5,0.0000
11,policy,0,2621,8,5,0.0000
11,policy,0,465,0,0,0.2837
11,policy,0,465,1,1,0.2201
11,policy,0,465,2,2,0.3719
11,policy,0,465,3,3,0.5290
11,policy,0,465,4,4,0.5290
11,policy,0,465,5,4,0.5290
11,policy,0,465,6,5,0.5290
11,policy,0,465,7,6,0.5290
11,policy,0,465,8,6,0.5290
11,policy,0,2226,0,0,0.5989
11,policy,0,2226,1,1,0.6434
11,policy,0,2226,2,2,0.4944
11,policy,0,2226,3,3,0.4767
11,policy,0,2226,4,4,0.4131
11,policy,0,2226,5,5,0.4100
11,policy,0,2226,6,6,0.4100
11,policy,0,2226,7,7,0.4131
11,policy,0,2226,8,8,0.4671
11,policy,0,1528,0,0,0.0000
11,policy,0,1528,1,0,0.0000
11,policy,0,1528,2,1,0.0734
11,policy,0,1528,3,2,0.0694
11,policy,0,1528,4,3,0.0694
11,policy,0,1528,5,4,0.0694
11,policy,0,1528,6,5,0.0694
11,policy,0,1528,7,6,0.0694
11,policy,0,1528,8,7,0.0694
11,policy,0,247,0,0,0.1488
11,policy,0,247,1,1,0.3558
11,policy,0,247,2,2,0.4690
11,policy,0,247,3,3,0.4441
11,policy,0,247,4,4,0.4537
11,policy,0,247,5,5,0.4690
11,policy,0,247,6,6,0.4690
11,policy,0,247,7,7,0.4690
11,policy,0,247,8,8,0.4537
11,policy,0,5648,0,0,0.6294
11,policy,0,5648,1,0,0.6294
11,policy,0,5648,2,0,0.6294
11,policy,0,5648,3,1,0.4819
11,policy,0,5648,4,2,0.4007
11,policy,0,5648,5,3,0.4666
11,policy,0,5648,6,4,0.4666
11,policy,0,5648,7,5,0.4666
11,policy,0,5648,8,6,0.5743
11,policy,0,3710,0,0,0.1546
11,policy,0,3710,1,0,0.1546
11,policy,0,3710,2,1,0.1100
11,policy,0,3710,3,2,0.1584
11,policy,0,3710,4,3,0.0851
11,policy,0,3710,5,4,0.1488
11,policy,0,3710,6,5,0.1488
11,policy,0,3710,7,6,0.1488
11,policy,0,3710,8,7,0.1488
11,policy,0,4163,0,0,0.0000
11,policy,0,4163,1,0,0.0000
11,policy,0,4163,2,0,0.0000
11,policy,0,4163,3,1,0.0000
11,policy,0,4163,4,2,0.0000
11,policy,0,4163,5,3,0.0000
11,policy,0,4163,6,4,0.0000
11,policy,0,4163,7,5,0.0000
11,policy,0,4163,8,5,0.0000
11,policy,0,4625,0,0,0.6683
11,policy,0,4625,1,1,0.5836
11,policy,0,4625,2,2,0.5430
11,policy,0,4625,3,3,0.6307
11,policy,0,4625,4,4,0.5455
11,policy,0,4625,5,5,0.5481
11,policy,0,4625,6,6,0.6294
11,policy,0,4625,7,7,0.6236
11,policy,0,4625,8,8,0.5455
11,policy,0,1121,0,0,0.2173
11,policy,0,1121,1,1,0.2985
11,policy,0,1121,2,2,0.3149
11,policy,0,1121,3,3,0.3785
11,policy,0,1121,4,4,0.3785
11,policy,0,1121,5,5,0.3938
11,policy,0,1121,6,6,0.3785
11,policy,0,1121,7,7,0.3785
11,policy,0,1121,8,8,0.3785
11,policy,0,4026,0,0,0.2719
11,policy,0,4026,1,0,0.2719
11,policy,0,4026,2,0,0.2719
11,policy,0,4026,3,1,0.3569
11,policy,0,4026,4,2,0.2906
11,policy,0,4026,5,3,0.2240
11,policy,0,4026,6,4,0.2934
11,policy,0,4026,7,5,0.2903
11,policy,0,4026,8,6,0.2817
11,policy,0,1685,0,0,0.2350
11,policy,0,1685,1,0,0.2350
11,policy,0,1685,2,0,0.2350
11,policy,0,1685,3,1,0.0837
11,policy,0,1685,4,2,0.0783
11,policy,0,1685,5,2,0.0783
11,policy,0,1685,6,3,0.0783
11,policy,0,1685,7,4,0.0783
11,policy,0,1685,8,4,0.0783
11,policy,0,248,0,0,0.0663
11,policy,0,248,1,1,0.2240
11,policy,0,248,2,2,0.1799
11,policy,0,248,3,3,0.1732
11,policy,0,248,4,4,0.1732
11,policy,0,248,5,5,0.1732
11,policy,0,248,6,6,0.1799
11,policy,0,248,7,7,0.1732
11,policy,0,248,8,8,0.1585
11,policy,0,1221,0,0,0.5049
11,policy,0,1221,1,0,0.5049
11,policy,0,1221,2,1,0.3590
11,policy,0,1221,3,1,0.3590
11,policy,0,1221,4,2,0.3590
11,policy,0,1221,5,3,0.3590
11,policy,0,1221,6,4,0.3590
11,policy,0,1221,7,5,0.3590
11,policy,0,1221,8,6,0.3590
11,policy,0,132,0,0,0.3052
11,policy,0,132,1,0,0.3052
11,policy,0,132,2,1,0.0663
11,policy,0,132,3,2,0.0694
11,policy,0,132,4,3,0.0694
11,policy,0,132,5,4,0.0694
11,policy,0,132,6,5,0.0663
11,policy,0,132,7,6,0.0663
11,policy,0,132,8,7,0.0694
11,policy,0,2718,0,0,0.3437
11,policy,0,2718,1,1,0.1795
11,policy,0,2718,2,1,0.1795
11,policy,0,2718,3,2,0.0000
11,policy,0,2718,4,3,0.0000
11,policy,0,2718,5,4,0.0000
11,policy,0,2718,6,5,0.0000
11,policy,0,2718,7,6,0.0000
11,policy,0,2718,8,6,0.0000
11,policy,0,507,0,0,0.3341
11,policy,0,507,1,1,0.6173
11,policy,0,507,2,2,0.4323
11,policy,0,507,3,3,0.4035
11,policy,0,507,4,4,0.4035
11,policy,0,507,5,5,0.4085
11,policy,0,507,6,6,0.4085
11,policy,0,507,7,7,0.4085
11,policy,0,507,8,8,0.4085
11,policy,0,4786,0,0,0.0000
11,policy,0,4786,1,0,0.0000
11,policy,0,4786,2,1,0.0000
11,policy,0,4786,3,2,0.0000
11,policy,0,4786,4,3,0.0000
11,policy,0,4786,5,4,0.0000
11,policy,0,4786,6,4,0.0000
11,policy,0,4786,7,5,0.0000
11,policy,0,4786,8,6,0.0000
11,policy,0,241,0,0,0.2201
11,policy,0,241,1,1,0.0000
11,policy,0,241,2,2,0.0000
11,policy,0,241,3,3,0.0000
11,policy,0,241,4,4,0.0000
11,policy,0,241,5,5,0.0000
11,policy,0,241,6,6,0.0000
11,policy,0,241,7,7,0.0000
11,policy,0,241,8,8,0.0000
11,policy,0,2456,0,0,0.5658
11,policy,0,2456,1,1,0.7788
11,policy,0,2456,2,2,0.9216
11,policy,0,2456,3,3,0.9216
11,policy,0,2456,4,4,0.9216
11,policy,0,2456,5,5,0.9216
11,policy,0,2456,6,6,0.9216
11,policy,0,2456,7,7,0.9216
11,policy,0,2456,8,8,0.8580
11,policy,0,3202,0,0,0.1610
11,policy,0,3202,1,1,0.0000
11,policy,0,3202,2,2,0.0851
11,policy,0,3202,3,3,0.0851
11,policy,0,3202,4,4,0.0948
11,policy,0,3202,5,5,0.0948
11,policy,0,3202,6,6,0.0948
11,policy,0,3202,7,7,0.0948
11,policy,0,3202,8,8,0.0948
11,policy,0,62,0,0,0.0784
11,policy,0,62,1,0,0.0784
11,policy,0,62,2,1,0.0851
11,policy,0,62,3,1,0.0851
11,policy,0,62,4,2,0.1100
11,policy,0,62,5,3,0.1100
11,policy,0,62,6,3,0.1100
11,policy,0,62,7,4,0.1100
11,policy,0,62,8,5,0.1100
11,policy,0,3811,0,0,0.5501
11,policy,0,3811,1,1,0.5958
11,policy,0,3811,2,2,0.6844
11,policy,0,3811,3,3,0.7152
11,policy,0,3811,4,4,0.7084
11,policy,0,3811,5,5,0.6962
11,policy,0,3811,6,6,0.6911
11,policy,0,3811,7,7,0.6988
11,policy,0,3811,8,8,0.6988
11,policy,0,4901,0,0,0.3437
11,policy,0,4901,1,1,0.2431
11,policy,0,4901,2,1,0.2431
11,policy,0,4901,3,2,0.5135
11,policy,0,4901,4,3,0.5271
11,policy,0,4901,5,4,0.5271
11,policy,0,4901,6,4,0.5271
11,policy,0,4901,7,5,0.4983
11,policy,0,4901,8,6,0.4983
11,policy,0,4689,0,0,0.0000
11,policy,0,4689,1,1,0.2083
11,policy,0,4689,2,2,0.2782
11,policy,0,4689,3,3,0.2618
11,policy,0,4689,4,4,0.2618
11,policy,0,4689,5,4,0.2618
11,policy,0,4689,6,5,0.2686
11,policy,0,4689,7,6,0.2711
11,policy,0,4689,8,7,0.2711
11,policy,0,2509,0,0,0.2025
11,policy,0,2509,1,0,0.2025
11,policy,0,2509,2,0,0.2025
11,policy,0,2509,3,1,0.3846
11,policy,0,2509,4,2,0.3846
11,policy,0,2509,5,2,0.3846
11,policy,0,2509,6,3,0.3820
11,policy,0,2509,7,4,0.3183
11,policy,0,2509,8,5,0.3183
11,policy,0,5274,0,0,0.1514
11,policy,0,5274,1,0,0.1514
11,policy,0,5274,2,0,0.1514
11,policy,0,5274,3,1,0.1389
11,policy,0,5274,4,2,0.2719
11,policy,0,5274,5,3,0.2051
11,policy,0,5274,6,4,0.2687
11,policy,0,5274,7,5,0.2719
11,policy,0,5274,8,5,0.2719
11,policy,0,5586,0,0,0.0851
11,policy,0,5586,1,1,0.0948
11,policy,0,5586,2,2,0.1635
11,policy,0,5586,3,3,0.0784
11,policy,0,5586,4,4,0.0784
11,policy,0,5586,5,5,0.0734
11,policy,0,5586,6,6,0.0734
11,policy,0,5586,7,7,0.0734
11,policy,0,5586,8,8,0.0734
11,policy,0,9,0,0,0.4577
11,policy,0,9,1,1,0.4288
11,policy,0,9,2,2,0.6307
11,policy,0,9,3,3,0.6969
11,policy,0,9,4,4,0.6969
11,policy,0,9,5,5,0.7059
11,policy,0,9,6,6,0.7543
11,policy,0,9,7,7,0.7695
11,policy,0,9,8,8,0.7695
11,policy,0,863,0,0,0.1610
11,policy,0,863,1,1,0.1478
11,policy,0,863,2,2,0.0851
11,policy,0,863,3,3,0.0784
11,policy,0,863,4,4,0.0784
11,policy,0,863,5,5,0.0784
11,policy,0,863,6,6,0.1447
11,policy,0,863,7,7,0.2115
11,policy,0,863,8,8,0.1642
11,policy,0,2370,0,0,0.0851
11,policy,0,2370,1,0,0.0851
11,policy,0,2370,2,0,0.0851
11,policy,0,2370,3,1,0.0000
11,policy,0,2370,4,2,0.0000
11,policy,0,2370,5,2,0.0000
11,policy,0,2370,6,3,0.0000
11,policy,0,2370,7,4,0.0000
11,policy,0,2370,8,5,0.0000
11,policy,0,3588,0,0,0.5022
11,policy,0,3588,1,1,0.7936
11,policy,0,3588,2,2,0.8701
11,policy,0,3588,3,3,0.8522
11,policy,0,3588,4,4,0.8553
11,policy,0,3588,5,5,0.8604
11,policy,0,3588,6,6,0.8604
11,policy,0,3588,7,7,0.8553
11,policy,0,3588,8,8,0.8522
11,policy,0,2915,0,0,0.0636
11,policy,0,2915,1,1,0.2985
11,policy,0,2915,2,2,0.3590
11,policy,0,2915,3,3,0.3590
11,policy,0,2915,4,4,0.3590
11,policy,0,2915,5,5,0.3590
11,policy,0,2915,6,6,0.3590
11,policy,0,2915,7,7,0.3590
11,policy,0,2915,8,8,0.3590
11,policy,0,4407,0,0,0.4230
11,policy,0,4407,1,1,0.5080
11,policy,0,4407,2,2,0.3783
11,policy,0,4407,3,3,0.2934
11,policy,0,4407,4,4,0.3571
11,policy,0,4407,5,5,0.2974
11,policy,0,4407,6,6,0.3571
11,policy,0,4407,7,7,0.3610
11,policy,0,4407,8,8,0.3188
11,policy,0,2416,0,0,0.0000
11,policy,0,2416,1,0,0.0000
11,policy,0,2416,2,0,0.0000
11,policy,0,2416,3,0,0.0000
11,policy,0,2416,4,1,0.0000
11,policy,0,2416,5,1,0.0000
11,policy,0,2416,6,1,0.0000
11,policy,0,2416,7,2,0.0636
11,policy,0,2416,8,2,0.0636
11,policy,0,5173,0,0,0.0000
11,policy,0,5173,1,0,0.0000
11,policy,0,5173,2,0,0.0000
11,policy,0,5173,3,0,0.0000
11,policy,0,5173,4,1,0.0000
11,policy,0,5173,5,1,0.0000
11,policy,0,5173,6,1,0.0000
11,policy,0,5173,7,2,0.0000
11,policy,0,5173,8,2,0.0000
11,policy,0,4915,0,0,0.2201
11,policy,0,4915,1,0,0.2201
11,policy,0,4915,2,1,0.2201
11,policy,0,4915,3,2,0.3590
11,policy,0,4915,4,3,0.3301
11,policy,0,4915,5,4,0.3301
11,policy,0,4915,6,5,0.3301
11,policy,0,4915,7,6,0.3301
11,policy,0,4915,8,7,0.3301
11,policy,0,4446,0,0,0.3070
11,policy,0,4446,1,1,0.4663
11,policy,0,4446,2,2,0.4636
11,policy,0,4446,3,3,0.4734
11,policy,0,4446,4,4,0.4734
11,policy,0,4446,5,5,0.5370
11,policy,0,4446,6,6,0.5370
11,policy,0,4446,7,7,0.4734
11,policy,0,4446,8,8,0.5370
11,policy,0,5549,0,0,0.9337
11,policy,0,5549,1,1,1.0000
11,policy,0,5549,2,2,1.0000
11,policy,0,5549,3,3,1.0000
11,policy,0,5549,4,4,1.0000
11,policy,0,5549,5,5,1.0000
11,policy,0,5549,6,6,1.0000
11,policy,0,5549,7,7,1.0000
11,policy,0,5549,8,8,1.0000
11,policy,0,2431,0,0,0.3542
11,policy,0,2431,1,0,0.3542
11,policy,0,2431,2,0,0.3542
11,policy,0,2431,3,1,0.5638
11,policy,0,2431,4,2,0.5541
11,policy,0,2431,5,3,0.5638
11,policy,0,2431,6,4,0.5638
11,policy,0,2431,7,5,0.5638
11,policy,0,2431,8,6,0.5638
11,policy,0,4918,0,0,0.3936
11,policy,0,4918,1,0,0.3936
11,policy,0,4918,2,0,0.3936
11,policy,0,4918,3,1,0.4153
11,policy,0,4918,4,2,0.3437
11,policy,0,4918,5,2,0.3437
11,policy,0,4918,6,3,0.4249
11,policy,0,4918,7,4,0.4885
11,policy,0,4918,8,5,0.4885
11,policy,0,3343,0,0,0.3996
11,policy,0,3343,1,1,0.6333
11,policy,0,3343,2,2,0.5200
11,policy,0,3343,3,3,0.4265
11,policy,0,3343,4,4,0.4355
11,policy,0,3343,5,5,0.3786
11,policy,0,3343,6,6,0.3621
11,policy,0,3343,7,7,0.3052
11,policy,0,3343,8,7,0.3052
11,policy,0,3736,0,0,0.4955
11,policy,0,3736,1,1,0.3811
11,policy,0,3736,2,2,0.5730
11,policy,0,3736,3,3,0.6438
11,policy,0,3736,4,4,0.6438
11,policy,0,3736,5,5,0.6438
11,policy,0,3736,6,6,0.6118
11,policy,0,3736,7,7,0.6150
11,policy,0,3736,8,8,0.5364
11,policy,0,2110,0,0,0.1009
11,policy,0,2110,1,0,0.1009
11,policy,0,2110,2,0,0.1009
11,policy,0,2110,3,0,0.1009
11,policy,0,2110,4,1,0.0000
11,policy,0,2110,5,1,0.0000
11,policy,0,2110,6,1,0.0000
11,policy,0,2110,7,2,0.0000
11,policy,0,2110,8,2,0.0000
11,policy,0,3782,0,0,0.0000
11,policy,0,3782,1,0,0.0000
11,policy,0,3782,2,0,0.0000
11,policy,0,3782,3,1,0.2162
11,policy,0,3782,4,1,0.2162
11,policy,0,3782,5,1,0.2162
11,policy,0,3782,6,2,0.2266
11,policy,0,3782,7,3,0.2224
11,policy,0,3782,8,3,0.2224
11,policy,0,5362,0,0,0.4865
11,policy,0,5362,1,0,0.4865
11,policy,0,5362,2,1,0.6500
11,policy,0,5362,3,2,0.6469
11,policy,0,5362,4,3,0.7313
11,policy,0,5362,5,4,0.7601
11,policy,0,5362,6,5,0.7601
11,policy,0,5362,7,6,0.7601
11,policy,0,5362,8,7,0.7313
11,policy,0,4839,0,0,0.0663
11,policy,0,4839,1,1,0.2618
11,policy,0,4839,2,2,0.2083
11,policy,0,4839,3,3,0.2122
11,policy,0,4839,4,4,0.0694
11,policy,0,4839,5,5,0.0694
11,policy,0,4839,6,6,0.0694
11,policy,0,4839,7,7,0.0734
11,policy,0,4839,8,7,0.0734
11,policy,0,5739,0,0,0.1483
11,policy,0,5739,1,0,0.1483
11,policy,0,5739,2,1,0.1421
11,policy,0,5739,3,2,0.1387
11,policy,0,5739,4,3,0.3058
11,policy,0,5739,5,4,0.3058
11,policy,0,5739,6,5,0.3058
11,policy,0,5739,7,6,0.3092
11,policy,0,5739,8,7,0.3092
11,policy,0,4541,0,0,0.0000
11,policy,0,4541,1,1,0.1389
11,policy,0,4541,2,1,0.1389
11,policy,0,4541,3,2,0.2025
11,policy,0,4541,4,3,0.2051
11,policy,0,4541,5,3,0.2051
11,policy,0,4541,6,4,0.2025
11,policy,0,4541,7,5,0.2051
11,policy,0,4541,8,5,0.2051
11,policy,0,5964,0,0,0.2749
11,policy,0,5964,1,0,0.2749
11,policy,0,5964,2,0,0.2749
11,policy,0,5964,3,1,0.0000
11,policy,0,5964,4,2,0.0000
11,policy,0,5964,5,2,0.0000
11,policy,0,5964,6,2,0.0000
11,policy,0,5964,7,2,0.0000
11,policy,0,5964,8,3,0.0000
11,policy,0,2130,0,0,0.8007
11,policy,0,2130,1,1,0.9364
11,policy,0,2130,2,2,0.8553
11,policy,0,2130,3,3,0.7792
11,policy,0,2130,4,4,0.7792
11,policy,0,2130,5,5,0.7818
11,policy,0,2130,6,6,0.7818
11,policy,0,2130,7,7,0.7792
11,policy,0,2130,8,8,0.7859
11,policy,0,5494,0,0,0.3719
11,policy,0,5494,1,0,0.3719
11,policy,0,5494,2,0,0.3719
11,policy,0,5494,3,1,0.3301
11,policy,0,5494,4,2,0.3301
11,policy,0,5494,5,3,0.0000
11,policy,0,5494,6,4,0.0734
11,policy,0,5494,7,4,0.0734
11,policy,0,5494,8,5,0.0734
11,policy,0,1586,0,0,0.4959
11,policy,0,1586,1,1,0.5303
11,policy,0,1586,2,2,0.5919
11,policy,0,1586,3,3,0.4291
11,policy,0,1586,4,4,0.5085
11,policy,0,1586,5,5,0.5181
11,policy,0,1586,6,6,0.4355
11,policy,0,1586,7,7,0.4519
11,policy,0,1586,8,8,0.3597
11,policy,0,650,0,0,0.6835
11,policy,0,650,1,1,0.8580
11,policy,0,650,2,2,0.7917
11,policy,0,650,3,3,0.8604
11,policy,0,650,4,4,0.8572
11,policy,0,650,5,5,0.7936
11,policy,0,650,6,6,0.7936
11,policy,0,650,7,7,0.8572
11,policy,0,650,8,8,0.8553
11,policy,0,2011,0,0,0.4690
11,policy,0,2011,1,1,0.6621
11,policy,0,2011,2,2,0.6083
11,policy,0,2011,3,3,0.5984
11,policy,0,2011,4,4,0.6051
11,policy,0,2011,5,5,0.6051
11,policy,0,2011,6,6,0.6051
11,policy,0,2011,7,7,0.6051
11,policy,0,2011,8,8,0.5984
11,policy,0,6007,0,0,0.4915
11,policy,0,6007,1,0,0.4915
11,policy,0,6007,2,0,0.4915
11,policy,0,6007,3,1,0.6497
11,policy,0,6007,4,2,0.5072
11,policy,0,6007,5,3,0.6497
11,policy,0,6007,6,4,0.6471
11,policy,0,6007,7,5,0.6471
11,policy,0,6007,8,5,0.6471
11,policy,0,5044,0,0,0.0000
11,policy,0,5044,1,0,0.0000
11,policy,0,5044,2,0,0.0000
11,policy,0,5044,3,0,0.0000
11,policy,0,5044,4,1,0.1171
11,policy,0,5044,5,1,0.1171
11,policy,0,5044,6,1,0.1171
11,policy,0,5044,7,2,0.1303
11,policy,0,5044,8,2,0.1303
11,policy,0,2227,0,0,0.0636
11,policy,0,2227,1,0,0.0636
11,policy,0,2227,2,0,0.0636
11,policy,0,2227,3,1,0.1732
11,policy,0,2227,4,2,0.1732
11,policy,0,2227,5,3,0.1732
11,policy,0,2227,6,4,0.1799
11,policy,0,2227,7,5,0.1799
11,policy,0,2227,8,6,0.1799
11,policy,0,2595,0,0,0.0000
11,policy,0,2595,1,0,0.0000
11,policy,0,2595,2,0,0.0000
11,policy,0,2595,3,0,0.0000
11,policy,0,2595,4,1,0.1642
11,policy,0,2595,5,1,0.1642
11,policy,0,2595,6,2,0.1585
11,policy,0,2595,7,3,0.1585
11,policy,0,2595,8,4,0.1585
11,policy,0,2426,0,0,0.0851
11,policy,0,2426,1,1,0.1488
11,policy,0,2426,2,1,0.1488
11,policy,0,2426,3,2,0.1389
11,policy,0,2426,4,3,0.1389
11,policy,0,2426,5,3,0.1389
11,policy,0,2426,6,4,0.1389
11,policy,0,2426,7,5,0.1389
11,policy,0,2426,8,5,0.1389
11,policy,0,3355,0,0,0.6620
11,policy,0,3355,1,1,0.6722
11,policy,0,3355,2,2,0.6805
11,policy,0,3355,3,3,0.6805
11,policy,0,3355,4,4,0.6805
11,policy,0,3355,5,5,0.6872
11,policy,0,3355,6,6,0.6872
11,policy,0,3355,7,7,0.6805
11,policy,0,3355,8,8,0.6805
11,policy,0,5088,0,0,0.0000
11,policy,0,5088,1,0,0.0000
11,policy,0,5088,2,0,0.0000
11,policy,0,5088,3,1,0.0000
11,policy,0,5088,4,1,0.0000
11,policy,0,5088,5,1,0.0000
11,policy,0,5088,6,2,0.0837
11,policy,0,5088,7,3,0.0679
11,policy,0,5088,8,3,0.0679
11,policy,0,4268,0,0,0.1834
11,policy,0,4268,1,1,0.3687
11,policy,0,4268,2,2,0.2934
11,policy,0,4268,3,3,0.2817
11,policy,0,4268,4,4,0.2817
11,policy,0,4268,5,5,0.2173
11,policy,0,4268,6,5,0.2173
11,policy,0,4268,7,6,0.2173
11,policy,0,4268,8,7,0.2173
11,policy,0,526,0,0,0.2201
11,policy,0,526,1,1,0.2201
11,policy,0,526,2,1,0.2201
11,policy,0,526,3,2,0.2201
11,policy,0,526,4,2,0.2201
11,policy,0,526,5,2,0.2201
11,policy,0,526,6,2,0.2201
11,policy,0,526,7,2,0.2201
11,policy,0,526,8,3,0.2201
11,policy,0,2291,0,0,0.0000
11,policy,0,2291,1,0,0.0000
11,policy,0,2291,2,0,0.0000
11,policy,0,2291,3,1,0.1391
11,policy,0,2291,4,2,0.1391
11,policy,0,2291,5,2,0.1391
11,policy,0,2291,6,3,0.1391
11,policy,0,2291,7,4,0.1391
11,policy,0,2291,8,4,0.1391
11,policy,0,5980,0,0,0.0000
11,policy,0,5980,1,1,0.0000
11,policy,0,5980,2,2,0.0734
11,policy,0,5980,3,3,0.1488
11,policy,0,5980,4,4,0.1514
11,policy,0,5980,5,5,0.1514
11,policy,0,5980,6,6,0.1514
11,policy,0,5980,7,7,0.1514
11,policy,0,5980,8,8,0.0851
11,policy,0,1692,0,0,0.2974
11,policy,0,1692,1,1,0.4643
11,policy,0,1692,2,2,0.3273
11,policy,0,1692,3,3,0.3909
11,policy,0,1692,4,4,0.3188
11,policy,0,1692,5,5,0.3188
11,policy,0,1692,6,6,0.4487
11,policy,0,1692,7,7,0.4487
11,policy,0,1692,8,8,0.4545
11,policy,0,4601,0,0,0.0000
11,policy,0,4601,1,1,0.1389
11,policy,0,4601,2,1,0.1389
11,policy,0,4601,3,2,0.1389
11,policy,0,4601,4,3,0.1389
11,policy,0,4601,5,4,0.1389
11,policy,0,4601,6,5,0.1389
11,policy,0,4601,7,6,0.1389
11,policy,0,4601,8,6,0.1389
11,policy,0,5264,0,0,0.2150
11,policy,0,5264,1,1,0.6652
11,policy,0,5264,2,1,0.6652
11,policy,0,5264,3,2,0.8701
11,policy,0,5264,4,3,0.8669
11,policy,0,5264,5,4,0.8669
11,policy,0,5264,6,5,0.8669
11,policy,0,5264,7,6,0.8643
11,policy,0,5264,8,7,0.7663
11,policy,0,1534,0,0,0.0000
11,policy,0,1534,1,1,0.0636
11,policy,0,1534,2,1,0.0636
11,policy,0,1534,3,2,0.0000
11,policy,0,1534,4,2,0.0000
11,policy,0,1534,5,2,0.0000
11,policy,0,1534,6,2,0.0000
11,policy,0,1534,7,2,0.0000
11,policy,0,1534,8,3,0.0000
11,policy,0,233,0,0,0.1100
11,policy,0,233,1,0,0.1100
11,policy,0,233,2,0,0.1100
11,policy,0,233,3,1,0.2201
11,policy,0,233,4,2,0.1389
11,policy,0,233,5,2,0.1389
11,policy,0,233,6,3,0.2201
11,policy,0,233,7,4,0.2201
11,policy,0,233,8,5,0.2201
11,policy,0,2988,0,0,0.3183
11,policy,0,2988,1,0,0.3183
11,policy,0,2988,2,1,0.2719
11,policy,0,2988,3,2,0.2032
11,policy,0,2988,4,3,0.2090
11,policy,0,2988,5,4,0.2180
11,policy,0,2988,6,5,0.2279
11,policy,0,2988,7,6,0.2376
11,policy,0,2988,8,7,0.2497
11,policy,0,5717,0,0,0.4409
11,policy,0,5717,1,1,0.5101
11,policy,0,5717,2,2,0.6325
11,policy,0,5717,3,3,0.6962
11,policy,0,5717,4,4,0.7008
11,policy,0,5717,5,5,0.7034
11,policy,0,5717,6,6,0.7631
11,policy,0,5717,7,7,0.6995
11,policy,0,5717,8,8,0.6995
11,policy,0,2730,0,0,0.5541
11,policy,0,2730,1,1,0.5680
11,policy,0,2730,2,2,0.5672
11,policy,0,2730,3,3,0.5836
11,policy,0,2730,4,4,0.5836
11,policy,0,2730,5,5,0.5326
11,policy,0,2730,6,6,0.5326
11,policy,0,2730,7,7,0.5326
11,policy,0,2730,8,8,0.5326
11,policy,0,5011,0,0,0.0000
11,policy,0,5011,1,0,0.0000
11,policy,0,5011,2,0,0.0000
11,policy,0,5011,3,0,0.0000
11,policy,0,5011,4,1,0.0000
11,policy,0,5011,5,1,0.0000
11,policy,0,5011,6,2,0.0000
11,policy,0,5011,7,3,0.0000
11,policy,0,5011,8,4,0.0000
11,policy,0,3894,0,0,0.0000
11,policy,0,3894,1,0,0.0000
11,policy,0,3894,2,1,0.0000
11,policy,0,3894,3,2,0.0000
11,policy,0,3894,4,3,0.0000
11,policy,0,3894,5,4,0.0000
11,policy,0,3894,6,5,0.0000
11,policy,0,3894,7,6,0.0000
11,policy,0,3894,8,7,0.0000
11,policy,0,4366,0,0,0.1514
11,policy,0,4366,1,1,0.0000
11,policy,0,4366,2,2,0.0000
11,policy,0,4366,3,3,0.0000
11,policy,0,4366,4,4,0.0000
11,policy,0,4366,5,5,0.0000
11,policy,0,4366,6,6,0.0000
11,policy,0,4366,7,7,0.0000
11,policy,0,4366,8,8,0.0000
11,policy,0,1636,0,0,0.2895
11,policy,0,1636,1,0,0.2895
11,policy,0,1636,2,0,0.2895
11,policy,0,1636,3,1,0.3215
11,policy,0,1636,4,2,0.3165
11,policy,0,1636,5,3,0.3062
11,policy,0,1636,6,4,0.3089
11,policy,0,1636,7,5,0.3089
11,policy,0,1636,8,6,0.3529
11,policy,0,5047,0,0,0.0948
11,policy,0,5047,1,0,0.0948
11,policy,0,5047,2,0,0.0948
11,policy,0,5047,3,1,0.1370
11,policy,0,5047,4,1,0.1370
11,policy,0,5047,5,2,0.0851
11,policy,0,5047,6,3,0.0948
11,policy,0,5047,7,4,0.0948
11,policy,0,5047,8,5,0.0948
11,policy,0,1527,0,0,0.5638
11,policy,0,1527,1,1,0.6173
11,policy,0,1527,2,2,0.5424
11,policy,0,1527,3,3,0.5424
11,policy,0,1527,4,4,0.5424
11,policy,0,1527,5,5,0.5424
11,policy,0,1527,6,6,0.5271
11,policy,0,1527,7,7,0.5271
11,policy,0,1527,8,7,0.5271
11,policy,0,5390,0,0,0.0783
11,policy,0,5390,1,0,0.0783
11,policy,0,5390,2,0,0.0783
11,policy,0,5390,3,0,0.0783
11,policy,0,5390,4,1,0.0000
11,policy,0,5390,5,2,0.0000
11,policy,0,5390,6,2,0.0000
11,policy,0,5390,7,2,0.0000
11,policy,0,5390,8,3,0.0000
11,policy,0,1111,0,0,0.9266
11,policy,0,1111,1,1,0.8604
11,policy,0,1111,2,2,1.0000
11,policy,0,1111,3,3,0.9306
11,policy,0,1111,4,4,0.9266
11,policy,0,1111,5,5,0.9266
11,policy,0,1111,6,6,0.9266
11,policy,0,1111,7,7,0.9266
11,policy,0,1111,8,8,0.9266
11,policy,0,3741,0,0,0.4701
11,policy,0,3741,1,1,0.8604
11,policy,0,3741,2,2,0.8486
11,policy,0,3741,3,3,0.8454
11,policy,0,3741,4,4,0.8454
11,policy,0,3741,5,5,0.8486
11,policy,0,3741,6,6,0.8512
11,policy,0,3741,7,7,0.8486
11,policy,0,3741,8,8,0.7818
11,policy,0,2778,0,0,0.0000
11,policy,0,2778,1,1,0.2248
11,policy,0,2778,2,2,0.4205
11,policy,0,2778,3,3,0.5552
11,policy,0,2778,4,4,0.5521
11,policy,0,2778,5,5,0.5521
11,policy,0,2778,6,6,0.6851
11,policy,0,2778,7,7,0.6189
11,policy,0,2778,8,8,0.4584
11,policy,0,483,0,0,0.1428
11,policy,0,483,1,0,0.1428
11,policy,0,483,2,0,0.1428
11,policy,0,483,3,1,0.1834
11,policy,0,483,4,2,0.1834
11,policy,0,483,5,2,0.1834
11,policy,0,483,6,2,0.1834
11,policy,0,483,7,2,0.1834
11,policy,0,483,8,3,0.1834
11,policy,0,706,0,0,0.1488
11,policy,0,706,1,0,0.1488
11,policy,0,706,2,1,0.1100
11,policy,0,706,3,2,0.1100
11,policy,0,706,4,3,0.0851
11,policy,0,706,5,4,0.0948
11,policy,0,706,6,5,0.0948
11,policy,0,706,7,6,0.0948
11,policy,0,706,8,7,0.1100
11,policy,0,1938,0,0,0.2809
11,policy,0,1938,1,1,0.2785
11,policy,0,1938,2,2,0.3469
11,policy,0,1938,3,3,0.2494
11,policy,0,1938,4,4,0.2494
11,policy,0,1938,5,5,0.2494
11,policy,0,1938,6,6,0.2436
11,policy,0,1938,7,7,0.1799
11,policy,0,1938,8,8,0.4011
11,policy,0,2064,0,0,0.6906
11,policy,0,2064,1,0,0.6906
11,policy,0,2064,2,0,0.6906
11,policy,0,2064,3,1,0.3149
11,policy,0,2064,4,2,0.3149
11,policy,0,2064,5,3,0.3149
11,policy,0,2064,6,4,0.3149
11,policy,0,2064,7,5,0.3149
11,policy,0,2064,8,6,0.2985
11,policy,0,5812,0,0,0.0734
11,policy,0,5812,1,0,0.0734
11,policy,0,5812,2,1,0.3070
11,policy,0,5812,3,2,0.3120
11,policy,0,5812,4,3,0.4000
11,policy,0,5812,5,4,0.4000
11,policy,0,5812,6,5,0.4000
11,policy,0,5812,7,6,0.4000
11,policy,0,5812,8,7,0.3188
11,policy,0,5552,0,0,0.5559
11,policy,0,5552,1,1,0.4794
11,policy,0,5552,2,2,0.5430
11,policy,0,5552,3,3,0.4545
11,policy,0,5552,4,4,0.4584
11,policy,0,5552,5,5,0.4517
11,policy,0,5552,6,6,0.4420
11,policy,0,5552,7,7,0.4420
11,policy,0,5552,8,8,0.4202
11,policy,0,2389,0,0,0.0000
11,policy,0,2389,1,0,0.0000
11,policy,0,2389,2,0,0.0000
11,policy,0,2389,3,1,0.0000
11,policy,0,2389,4,2,0.0000
11,policy,0,2389,5,2,0.0000
11,policy,0,2389,6,3,0.0000
11,policy,0,2389,7,4,0.0000
11,policy,0,2389,8,5,0.0000
11,policy,0,704,0,0,0.2837
11,policy,0,704,1,0,0.2837
11,policy,0,704,2,1,0.0784
11,policy,0,704,3,2,0.0784
11,policy,0,704,4,3,0.0784
11,policy,0,704,5,4,0.0784
11,policy,0,704,6,5,0.0784
11,policy,0,704,7,6,0.0784
11,policy,0,704,8,7,0.0784
11,policy,0,110,0,0,0.0851
11,policy,0,110,1,0,0.0851
11,policy,0,110,2,0,0.0851
11,policy,0,110,3,1,0.1100
11,policy,0,110,4,2,0.1100
11,policy,0,110,5,3,0.1100
11,policy,0,110,6,4,0.1100
11,policy,0,110,7,5,0.1100
11,policy,0,110,8,5,0.1100
11,policy,0,113,0,0,0.0000
11,policy,0,113,1,0,0.0000
11,policy,0,113,2,0,0.0000
11,policy,0,113,3,1,0.2025
11,policy,0,113,4,1,0.2025
11,policy,0,113,5,2,0.1389
11,policy,0,113,6,3,0.2025
11,policy,0,113,7,3,0.2025
11,policy,0,113,8,3,0.2025
11,policy,0,2754,0,0,0.2837
11,policy,0,2754,1,0,0.2837
11,policy,0,2754,2,0,0.2837
11,policy,0,2754,3,1,0.0000
11,policy,0,2754,4,1,0.0000
11,policy,0,2754,5,2,0.0000
11,policy,0,2754,6,3,0.0000
11,policy,0,2754,7,4,0.0000
11,policy,0,2754,8,4,0.0000
11,policy,0,1153,0,0,0.0000
11,policy,0,1153,1,0,0.0000
11,policy,0,1153,2,1,0.0000
11,policy,0,1153,3,1,0.0000
11,policy,0,1153,4,2,0.0000
11,policy,0,1153,5,2,0.0000
11,policy,0,1153,6,2,0.0000
11,policy,0,1153,7,2,0.0000
11,policy,0,1153,8,3,0.0000
11,policy,0,1196,0,0,0.0851
11,policy,0,1196,1,0,0.0851
11,policy,0,1196,2,0,0.0851
11,policy,0,1196,3,1,0.2240
11,policy,0,1196,4,1,0.2240
11,policy,0,1196,5,1,0.2240
11,policy,0,1196,6,2,0.2173
11,policy,0,1196,7,3,0.2240
11,policy,0,1196,8,3,0.2240
11,policy,0,5229,0,0,0.1610
11,policy,0,5229,1,1,0.3922
11,policy,0,5229,2,2,0.3098
11,policy,0,5229,3,3,0.3038
11,policy,0,5229,4,4,0.3038
11,policy,0,5229,5,5,0.3012
11,policy,0,5229,6,6,0.2966
11,policy,0,5229,7,7,0.2942
11,policy,0,5229,8,8,0.2874
11,policy,0,5984,0,0,0.0000
11,policy,0,5984,1,0,0.0000
11,policy,0,5984,2,0,0.0000
11,policy,0,5984,3,1,0.2687
11,policy,0,5984,4,2,0.2867
11,policy,0,5984,5,3,0.3636
11,policy,0,5984,6,4,0.3479
11,policy,0,5984,7,5,0.3529
11,policy,0,5984,8,5,0.3529
11,policy,0,1282,0,0,0.0000
11,policy,0,1282,1,0,0.0000
11,policy,0,1282,2,0,0.0000
11,policy,0,1282,3,1,0.1518
11,policy,0,1282,4,2,0.2279
11,policy,0,1282,5,2,0.2279
11,policy,0,1282,6,3,0.2279
11,policy,0,1282,7,4,0.2279
11,policy,0,1282,8,5,0.2279
11,policy,0,3945,0,0,0.6410
11,policy,0,3945,1,1,0.4346
11,policy,0,3945,2,2,0.6379
11,policy,0,3945,3,3,0.7065
11,policy,0,3945,4,4,0.7137
11,policy,0,3945,5,5,0.7137
11,policy,0,3945,6,6,0.7137
11,policy,0,3945,7,7,0.7137
11,policy,0,3945,8,8,0.7949
11,policy,0,3853,0,0,0.3531
11,policy,0,3853,1,1,0.3689
11,policy,0,3853,2,2,0.3590
11,policy,0,3853,3,3,0.3590
11,policy,0,3853,4,4,0.2614
11,policy,0,3853,5,5,0.2876
11,policy,0,3853,6,6,0.2180
11,policy,0,3853,7,7,0.0784
11,policy,0,3853,8,8,0.0784
11,policy,0,3762,0,0,0.4473
11,policy,0,3762,1,0,0.4473
11,policy,0,3762,2,1,0.5353
11,policy,0,3762,3,2,0.4690
11,policy,0,3762,4,3,0.4690
11,policy,0,3762,5,4,0.4690
11,policy,0,3762,6,5,0.5326
11,policy,0,3762,7,6,0.5326
11,policy,0,3762,8,7,0.5326
11,policy,0,2173,0,0,0.3786
11,policy,0,2173,1,1,0.5101
11,policy,0,2173,2,2,0.5638
11,policy,0,2173,3,3,0.5638
11,policy,0,2173,4,4,0.6274
11,policy,0,2173,5,5,0.6300
11,policy,0,2173,6,6,0.6968
11,policy,0,2173,7,7,0.6968
11,policy,0,2173,8,8,0.7008
11,policy,0,5749,0,0,0.2201
11,policy,0,5749,1,1,0.2201
11,policy,0,5749,2,1,0.2201
11,policy,0,5749,3,2,0.3647
11,policy,0,5749,4,3,0.3647
11,policy,0,5749,5,4,0.3647
11,policy,0,5749,6,5,0.3647
11,policy,0,5749,7,6,0.3647
11,policy,0,5749,8,6,0.3647
11,policy,0,3083,0,0,0.0000
11,policy,0,3083,1,1,0.0000
11,policy,0,3083,2,2,0.0000
11,policy,0,3083,3,3,0.0000
11,policy,0,3083,4,4,0.0000
11,policy,0,3083,5,4,0.0000
11,policy,0,3083,6,5,0.0000
11,policy,0,3083,7,6,0.0000
11,policy,0,3083,8,6,0.0000
11,policy,0,563,0,0,0.0948
11,policy,0,563,1,1,0.0000
11,policy,0,563,2,2,0.0948
11,policy,0,563,3,3,0.1100
11,policy,0,563,4,4,0.1100
11,policy,0,563,5,5,0.1100
11,policy,0,563,6,6,0.0948
11,policy,0,563,7,7,0.0948
11,policy,0,563,8,7,0.0948
11,policy,0,2791,0,0,0.5331
11,policy,0,2791,1,1,0.3032
11,policy,0,2791,2,2,0.4674
11,policy,0,2791,3,3,0.5310
11,policy,0,2791,4,4,0.5310
11,policy,0,2791,5,5,0.5310
11,policy,0,2791,6,6,0.5310
11,policy,0,2791,7,7,0.5310
11,policy,0,2791,8,8,0.5310
11,policy,0,1840,0,0,0.3628
11,policy,0,1840,1,0,0.3628
11,policy,0,1840,2,1,0.3102
11,policy,0,1840,3,2,0.2278
11,policy,0,1840,4,3,0.2816
11,policy,0,1840,5,4,0.2884
11,policy,0,1840,6,5,0.1585
11,policy,0,1840,7,6,0.2221
11,policy,0,1840,8,7,0.2318
11,policy,0,3750,0,0,0.7656
11,policy,0,3750,1,1,0.5112
11,policy,0,3750,2,2,0.4671
11,policy,0,3750,3,3,0.5527
11,policy,0,3750,4,4,0.5685
11,policy,0,3750,5,5,0.5658
11,policy,0,3750,6,6,0.5619
11,policy,0,3750,7,7,0.5578
11,policy,0,3750,8,8,0.5431
11,policy,0,1204,0,0,0.0000
11,policy,0,1204,1,0,0.0000
11,policy,0,1204,2,0,0.0000
11,policy,0,1204,3,1,0.0000
11,policy,0,1204,4,1,0.0000
11,policy,0,1204,5,2,0.0948
11,policy,0,1204,6,3,0.1100
11,policy,0,1204,7,4,0.1100
11,policy,0,1204,8,5,0.1100
11,policy,0,51,0,0,0.3052
11,policy,0,51,1,0,0.3052
11,policy,0,51,2,1,0.0734
11,policy,0,51,3,2,0.0784
11,policy,0,51,4,3,0.0851
11,policy,0,51,5,4,0.0784
11,policy,0,51,6,5,0.0784
11,policy,0,51,7,6,0.0784
11,policy,0,51,8,7,0.0784
11,policy,0,3728,0,0,0.9364
11,policy,0,3728,1,1,0.8415
11,policy,0,3728,2,2,0.8669
11,policy,0,3728,3,3,0.9364
11,policy,0,3728,4,4,0.9337
11,policy,0,3728,5,5,0.9337
11,policy,0,3728,6,6,0.9337
11,policy,0,3728,7,7,0.9337
11,policy,0,3728,8,8,0.9364
11,policy,0,1159,0,0,0.0851
11,policy,0,1159,1,0,0.0851
11,policy,0,1159,2,1,0.0000
11,policy,0,1159,3,2,0.0000
11,policy,0,1159,4,3,0.0000
11,policy,0,1159,5,4,0.0000
11,policy,0,1159,6,4,0.0000
11,policy,0,1159,7,5,0.0000
11,policy,0,1159,8,6,0.0000
11,policy,0,492,0,0,0.2466
11,policy,0,492,1,1,0.2436
11,policy,0,492,2,2,0.3437
11,policy,0,492,3,3,0.4073
11,policy,0,492,4,4,0.4003
11,policy,0,492,5,5,0.4035
11,policy,0,492,6,6,0.4035
11,policy,0,492,7,7,0.4035
11,policy,0,492,8,8,0.4035
11,policy,0,5657,0,0,0.0000
11,policy,0,5657,1,1,0.0000
11,policy,0,5657,2,2,0.0000
11,policy,0,5657,3,3,0.0000
11,policy,0,5657,4,4,0.0000
11,policy,0,5657,5,5,0.0000
11,policy,0,5657,6,6,0.0000
11,policy,0,5657,7,7,0.0000
11,policy,0,5657,8,8,0.0000
11,policy,0,4907,0,0,0.3183
11,policy,0,4907,1,1,0.6746
11,policy,0,4907,2,2,0.5271
11,policy,0,4907,3,3,0.5811
11,policy,0,4907,4,4,0.5271
11,policy,0,4907,5,5,0.5271
11,policy,0,4907,6,6,0.5271
11,policy,0,4907,7,7,0.5200
11,policy,0,4907,8,8,0.5200
11,policy,0,2276,0,0,0.1021
11,policy,0,2276,1,0,0.1021
11,policy,0,2276,2,0,0.1021
11,policy,0,2276,3,1,0.0980
11,policy,0,2276,4,2,0.0980
11,policy,0,2276,5,2,0.0980
11,policy,0,2276,6,2,0.0980
11,policy,0,2276,7,2,0.0980
11,policy,0,2276,8,2,0.0980
11,policy,0,4534,0,0,0.4518
11,policy,0,4534,1,1,0.4787
11,policy,0,4534,2,2,0.6311
11,policy,0,4534,3,3,0.6311
11,policy,0,4534,4,4,0.6311
11,policy,0,4534,5,5,0.6311
11,policy,0,4534,6,6,0.6311
11,policy,0,4534,7,7,0.6311
11,policy,0,4534,8,8,0.6285
11,policy,0,2798,0,0,0.0679
11,policy,0,2798,1,0,0.0679
11,policy,0,2798,2,0,0.0679
11,policy,0,2798,3,1,0.0000
11,policy,0,2798,4,2,0.0000
11,policy,0,2798,5,2,0.0000
11,policy,0,2798,6,2,0.0000
11,policy,0,2798,7,2,0.0000
11,policy,0,2798,8,3,0.0000
11,policy,0,276,0,0,0.2542
11,policy,0,276,1,0,0.2542
11,policy,0,276,2,1,0.6013
11,policy,0,276,3,2,0.5865
11,policy,0,276,4,3,0.5766
11,policy,0,276,5,4,0.4560
11,policy,0,276,6,4,0.4560
11,policy,0,276,7,5,0.4502
11,policy,0,276,8,6,0.5504
11,policy,0,546,0,0,0.3382
11,policy,0,546,1,0,0.3382
11,policy,0,546,2,0,0.3382
11,policy,0,546,3,1,0.3933
11,policy,0,546,4,2,0.3120
11,policy,0,546,5,3,0.3933
11,policy,0,546,6,4,0.4000
11,policy,0,546,7,5,0.4000
11,policy,0,546,8,6,0.4000
11,policy,0,2506,0,0,0.8365
11,policy,0,2506,1,1,0.8263
11,policy,0,2506,2,2,1.0000
11,policy,0,2506,3,3,1.0000
11,policy,0,2506,4,4,1.0000
11,policy,0,2506,5,5,1.0000
11,policy,0,2506,6,6,1.0000
11,policy,0,2506,7,7,0.9306
11,policy,0,2506,8,8,0.9364
11,policy,0,4837,0,0,0.0636
11,policy,0,4837,1,0,0.0636
11,policy,0,4837,2,0,0.0636
11,policy,0,4837,3,1,0.0000
11,policy,0,4837,4,2,0.0000
11,policy,0,4837,5,2,0.0000
11,policy,0,4837,6,3,0.0000
11,policy,0,4837,7,4,0.0000
11,policy,0,4837,8,5,0.0000
11,policy,0,57,0,0,1.0000
11,policy,0,57,1,1,0.9337
11,policy,0,57,2,2,1.0000
11,policy,0,57,3,3,1.0000
11,policy,0,57,4,4,1.0000
11,policy,0,57,5,5,1.0000
11,policy,0,57,6,6,1.0000
11,policy,0,57,7,7,1.0000
11,policy,0,57,8,8,1.0000
11,policy,0,5569,0,0,0.5216
11,policy,0,5569,1,1,0.8522
11,policy,0,5569,2,2,0.9306
11,policy,0,5569,3,3,0.8669
11,policy,0,5569,4,4,0.8669
11,policy,0,5569,5,5,0.9337
11,policy,0,5569,6,6,0.9337
11,policy,0,5569,7,7,0.8701
11,policy,0,5569,8,8,0.8669
11,policy,0,5534,0,0,0.6780
11,policy,0,5534,1,1,0.5036
11,policy,0,5534,2,2,0.5654
11,policy,0,5534,3,3,0.5740
11,policy,0,5534,4,4,0.5740
11,policy,0,5534,5,5,0.5836
11,policy,0,5534,6,6,0.5836
11,policy,0,5534,7,7,0.5965
11,policy,0,5534,8,8,0.6208
11,policy,0,1178,0,0,0.5068
11,policy,0,1178,1,1,0.6759
11,policy,0,1178,2,2,0.6691
11,policy,0,1178,3,3,0.6602
11,policy,0,1178,4,4,0.6602
11,policy,0,1178,5,5,0.6524
11,policy,0,1178,6,6,0.5861
11,policy,0,1178,7,7,0.5861
11,policy,0,1178,8,8,0.5861
11,policy,0,5489,0,0,0.5271
11,policy,0,5489,1,0,0.5271
11,policy,0,5489,2,1,0.3633
11,policy,0,5489,3,2,0.3633
11,policy,0,5489,4,3,0.4132
11,policy,0,5489,5,4,0.4296
11,policy,0,5489,6,5,0.4270
11,policy,0,5489,7,6,0.4296
11,policy,0,5489,8,7,0.4296
11,policy,0,2121,0,0,0.6968
11,policy,0,2121,1,1,0.6461
11,policy,0,2121,2,2,0.6746
11,policy,0,2121,3,3,0.7255
11,policy,0,2121,4,4,0.7255
11,policy,0,2121,5,5,0.7255
11,policy,0,2121,6,6,0.7281
11,policy,0,2121,7,7,0.7313
11,policy,0,2121,8,8,0.7313
11,policy,0,2735,0,0,0.0000
11,policy,0,2735,1,1,0.0000
11,policy,0,2735,2,2,0.0000
11,policy,0,2735,3,3,0.0000
11,policy,0,2735,4,4,0.0000
11,policy,0,2735,5,5,0.0000
11,policy,0,2735,6,6,0.0000
11,policy,0,2735,7,7,0.0000
11,policy,0,2735,8,8,0.0000
11,policy,0,4309,0,0,0.9216
11,policy,0,4309,1,1,0.8522
11,policy,0,4309,2,2,0.7722
11,policy,0,4309,3,3,0.7543
11,policy,0,4309,4,4,0.7543
11,policy,0,4309,5,5,0.7543
11,policy,0,4309,6,6,0.7695
11,policy,0,4309,7,7,0.7695
11,policy,0,4309,8,8,0.7695
11,policy,0,1046,0,0,0.3972
11,policy,0,1046,1,0,0.3972
11,policy,0,1046,2,1,0.6422
11,policy,0,1046,3,2,0.6372
11,policy,0,1046,4,3,0.6372
11,policy,0,1046,5,4,0.6422
11,policy,0,1046,6,5,0.6372
11,policy,0,1046,7,6,0.6372
11,policy,0,1046,8,7,0.6372
11,policy,0,5913,0,0,0.1370
11,policy,0,5913,1,1,0.0851
11,policy,0,5913,2,1,0.0851
11,policy,0,5913,3,2,0.0000
11,policy,0,5913,4,3,0.0000
11,policy,0,5913,5,3,0.0000
11,policy,0,5913,6,4,0.0000
11,policy,0,5913,7,4,0.0000
11,policy,0,5913,8,5,0.0000
11,policy,0,1208,0,0,0.2489
11,policy,0,1208,1,1,0.5958
11,policy,0,1208,2,2,0.5680
11,policy,0,1208,3,3,0.4986
11,policy,0,1208,4,4,0.5017
11,policy,0,1208,5,5,0.5017
11,policy,0,1208,6,6,0.5622
11,policy,0,1208,7,7,0.4986
11,policy,0,1208,8,8,0.4632
11,policy,0,1158,0,0,0.4323
11,policy,0,1158,1,1,0.4748
11,policy,0,1158,2,2,0.4000
11,policy,0,1158,3,3,0.4153
11,policy,0,1158,4,4,0.4153
11,policy,0,1158,5,5,0.4153
11,policy,0,1158,6,6,0.4441
11,policy,0,1158,7,7,0.4441
11,policy,0,1158,8,8,0.4441
11,policy,0,2478,0,0,0.2835
11,policy,0,2478,1,0,0.2835
11,policy,0,2478,2,1,0.0734
11,policy,0,2478,3,1,0.0734
11,policy,0,2478,4,2,0.0784
11,policy,0,2478,5,3,0.0734
11,policy,0,2478,6,4,0.0734
11,policy,0,2478,7,5,0.0734
11,policy,0,2478,8,6,0.0734
11,policy,0,4243,0,0,0.0000
11,policy,0,4243,1,0,0.0000
11,policy,0,4243,2,0,0.0000
11,policy,0,4243,3,1,0.0000
11,policy,0,4243,4,2,0.0000
11,policy,0,4243,5,3,0.0000
11,policy,0,4243,6,3,0.0000
11,policy,0,4243,7,4,0.0000
11,policy,0,4243,8,4,0.0000
11,policy,0,1346,0,0,0.2494
11,policy,0,1346,1,1,0.1799
11,policy,0,1346,2,2,0.3972
11,policy,0,1346,3,3,0.4784
11,policy,0,1346,4,4,0.2394
11,policy,0,1346,5,5,0.2394
11,policy,0,1346,6,6,0.1635
11,policy,0,1346,7,7,0.1635
11,policy,0,1346,8,7,0.1635
11,policy,0,4315,0,0,0.3679
11,policy,0,4315,1,0,0.3679
11,policy,0,4315,2,0,0.3679
11,policy,0,4315,3,1,0.2025
11,policy,0,4315,4,2,0.2201
11,policy,0,4315,5,2,0.2201
11,policy,0,4315,6,3,0.1389
11,policy,0,4315,7,4,0.1389
11,policy,0,4315,8,5,0.1389
11,policy,0,3424,0,0,0.9306
11,policy,0,3424,1,1,0.6390
11,policy,0,3424,2,2,0.7788
11,policy,0,3424,3,3,0.8454
11,policy,0,3424,4,4,0.8486
11,policy,0,3424,5,5,0.8454
11,policy,0,3424,6,6,0.7779
11,policy,0,3424,7,7,0.7752
11,policy,0,3424,8,8,0.8522
11,policy,0,1617,0,0,0.3052
11,policy,0,1617,1,1,0.4374
11,policy,0,1617,2,2,0.2201
11,policy,0,1617,3,3,0.2863
11,policy,0,1617,4,4,0.2895
11,policy,0,1617,5,4,0.2895
11,policy,0,1617,6,5,0.2895
11,policy,0,1617,7,6,0.3558
11,policy,0,1617,8,6,0.3558
11,policy,0,3664,0,0,0.3421
11,policy,0,3664,1,1,0.6473
11,policy,0,3664,2,2,0.5696
11,policy,0,3664,3,3,0.4100
11,policy,0,3664,4,4,0.4736
11,policy,0,3664,5,5,0.4807
11,policy,0,3664,6,6,0.4807
11,policy,0,3664,7,7,0.4736
11,policy,0,3664,8,8,0.4100
11,policy,0,2743,0,0,0.3904
11,policy,0,2743,1,0,0.3904
11,policy,0,2743,2,1,0.0000
11,policy,0,2743,3,2,0.0000
11,policy,0,2743,4,3,0.0000
11,policy,0,2743,5,4,0.0000
11,policy,0,2743,6,4,0.0000
11,policy,0,2743,7,5,0.0000
11,policy,0,2743,8,6,0.0000
11,policy,0,3260,0,0,0.6835
11,policy,0,3260,1,1,0.7936
11,policy,0,3260,2,2,0.9216
11,policy,0,3260,3,3,0.8512
11,policy,0,3260,4,4,0.9149
11,policy,0,3260,5,5,0.9149
11,policy,0,3260,6,6,0.8512
11,policy,0,3260,7,7,0.8512
11,policy,0,3260,8,8,0.8486
11,policy,0,1937,0,0,0.3024
11,policy,0,1937,1,1,0.3996
11,policy,0,1937,2,2,0.5798
11,policy,0,1937,3,3,0.5770
11,policy,0,1937,4,4,0.5837
11,policy,0,1937,5,5,0.5837
11,policy,0,1937,6,6,0.5837
11,policy,0,1937,7,7,0.5837
11,policy,0,1937,8,8,0.5837
11,policy,0,2799,0,0,0.1584
11,policy,0,2799,1,0,0.1584
11,policy,0,2799,2,1,0.1428
11,policy,0,2799,3,2,0.0663
11,policy,0,2799,4,3,0.0694
11,policy,0,2799,5,4,0.1331
11,policy,0,2799,6,5,0.0694
11,policy,0,2799,7,6,0.0694
11,policy,0,2799,8,7,0.0694
11,policy,0,4440,0,0,0.1564
11,policy,0,4440,1,0,0.1564
11,policy,0,4440,2,0,0.1564
11,policy,0,4440,3,1,0.2346
11,policy,0,4440,4,2,0.2346
11,policy,0,4440,5,2,0.2346
11,policy,0,4440,6,3,0.2346
11,policy,0,4440,7,4,0.2346
11,policy,0,4440,8,5,0.2346
11,policy,0,700,0,0,0.2278
11,policy,0,700,1,1,0.1799
11,policy,0,700,2,2,0.4323
11,policy,0,700,3,3,0.0636
11,policy,0,700,4,4,0.0000
11,policy,0,700,5,5,0.0000
11,policy,0,700,6,6,0.0000
11,policy,0,700,7,7,0.0000
11,policy,0,700,8,8,0.0000
11,policy,0,3,0,0,0.1389
11,policy,0,3,1,0,0.1389
11,policy,0,3,2,0,0.1389
11,policy,0,3,3,1,0.1884
11,policy,0,3,4,2,0.1884
11,policy,0,3,5,2,0.1884
11,policy,0,3,6,3,0.1884
11,policy,0,3,7,4,0.1884
11,policy,0,3,8,5,0.1834
11,policy,0,1306,0,0,0.4284
11,policy,0,1306,1,0,0.4284
11,policy,0,1306,2,0,0.4284
11,policy,0,1306,3,1,0.2337
11,policy,0,1306,4,2,0.3149
11,policy,0,1306,5,3,0.2489
11,policy,0,1306,6,4,0.2489
11,policy,0,1306,7,5,0.2489
11,policy,0,1306,8,6,0.2048
11,policy,0,2538,0,0,0.3273
11,policy,0,2538,1,0,0.3273
11,policy,0,2538,2,0,0.3273
11,policy,0,2538,3,1,0.4690
11,policy,0,2538,4,2,0.4690
11,policy,0,2538,5,3,0.4690
11,policy,0,2538,6,4,0.4690
11,policy,0,2538,7,5,0.4690
11,policy,0,2538,8,5,0.4690
11,policy,0,1167,0,0,0.3882
11,policy,0,1167,1,1,0.3882
11,policy,0,1167,2,2,0.3052
11,policy,0,1167,3,3,0.3052
11,policy,0,1167,4,4,0.3149
11,policy,0,1167,5,5,0.3149
11,policy,0,1167,6,6,0.3149
11,policy,0,1167,7,7,0.3149
11,policy,0,1167,8,8,0.3149
11,policy,0,4801,0,0,1.0000
11,policy,0,4801,1,1,0.8454
11,policy,0,4801,2,2,0.9149
11,policy,0,4801,3,3,0.8900
11,policy,0,4801,4,4,0.8900
11,policy,0,4801,5,5,0.8900
11,policy,0,4801,6,6,0.8900
11,policy,0,4801,7,7,0.8900
11,policy,0,4801,8,8,0.9306
11,policy,0,5191,0,0,0.0979
11,policy,0,5191,1,0,0.0979
11,policy,0,5191,2,0,0.0979
11,policy,0,5191,3,1,0.0000
11,policy,0,5191,4,1,0.0000
11,policy,0,5191,5,1,0.0000
11,policy,0,5191,6,2,0.0000
11,policy,0,5191,7,2,0.0000
11,policy,0,5191,8,2,0.0000
11,policy,0,3065,0,0,0.0000
11,policy,0,3065,1,0,0.0000
11,policy,0,3065,2,1,0.0000
11,policy,0,3065,3,2,0.0000
11,policy,0,3065,4,3,0.0000
11,policy,0,3065,5,4,0.0000
11,policy,0,3065,6,5,0.0000
11,policy,0,3065,7,6,0.0000
11,policy,0,3065,8,7,0.0000
11,policy,0,5800,0,0,0.6906
11,policy,0,5800,1,1,0.5033
11,policy,0,5800,2,2,0.5452
11,policy,0,5800,3,3,0.5654
11,policy,0,5800,4,4,0.5654
11,policy,0,5800,5,5,0.5622
11,policy,0,5800,6,6,0.5622
11,policy,0,5800,7,7,0.5654
11,policy,0,5800,8,8,0.5654
11,policy,0,2124,0,0,0.5861
11,policy,0,2124,1,1,0.3660
11,policy,0,2124,2,2,0.2279
11,policy,0,2124,3,3,0.1585
11,policy,0,2124,4,4,0.2154
11,policy,0,2124,5,5,0.2141
11,policy,0,2124,6,6,0.1478
11,policy,0,2124,7,7,0.1478
11,policy,0,2124,8,8,0.1478
11,policy,0,1899,0,0,0.0000
11,policy,0,1899,1,0,0.0000
11,policy,0,1899,2,0,0.0000
11,policy,0,1899,3,1,0.0000
11,policy,0,1899,4,1,0.0000
11,policy,0,1899,5,1,0.0000
11,policy,0,1899,6,2,0.0000
11,policy,0,1899,7,3,0.0000
11,policy,0,1899,8,3,0.0000
11,policy,0,1489,0,0,0.3909
11,policy,0,1489,1,1,0.7223
11,policy,0,1489,2,2,0.8007
11,policy,0,1489,3,3,0.7936
11,policy,0,1489,4,4,0.7936
11,policy,0,1489,5,5,0.8572
11,policy,0,1489,6,6,0.8572
11,policy,0,1489,7,7,0.7936
11,policy,0,1489,8,8,0.7910
11,policy,0,6028,0,0,0.0734
11,policy,0,6028,1,0,0.0734
11,policy,0,6028,2,0,0.0734
11,policy,0,6028,3,1,0.0000
11,policy,0,6028,4,2,0.0000
11,policy,0,6028,5,3,0.0000
11,policy,0,6028,6,4,0.0000
11,policy,0,6028,7,5,0.0000
11,policy,0,6028,8,5,0.0000
11,policy,0,156,0,0,0.7670
11,policy,0,156,1,1,0.8454
11,policy,0,156,2,2,0.8482
11,policy,0,156,3,3,0.8604
11,policy,0,156,4,4,0.8604
11,policy,0,156,5,5,0.8512
11,policy,0,156,6,6,0.8512
11,policy,0,156,7,7,0.8512
11,policy,0,156,8,8,0.9149
11,policy,0,1682,0,0,0.0734
11,policy,0,1682,1,0,0.0734
11,policy,0,1682,2,0,0.0734
11,policy,0,1682,3,1,0.0000
11,policy,0,1682,4,2,0.0000
11,policy,0,1682,5,3,0.0000
11,policy,0,1682,6,4,0.0000
11,policy,0,1682,7,5,0.0000
11,policy,0,1682,8,6,0.0000
11,policy,0,4936,0,0,0.5193
11,policy,0,4936,1,1,0.6529
11,policy,0,4936,2,2,0.6274
11,policy,0,4936,3,3,0.6968
11,policy,0,4936,4,4,0.6332
11,policy,0,4936,5,5,0.6995
11,policy,0,4936,6,6,0.6995
11,policy,0,4936,7,7,0.7066
11,policy,0,4936,8,8,0.6969
11,policy,0,5318,0,0,0.2318
11,policy,0,5318,1,1,0.7059
11,policy,0,5318,2,2,0.5837
11,policy,0,5318,3,3,0.5837
11,policy,0,5318,4,4,0.5837
11,policy,0,5318,5,5,0.5837
11,policy,0,5318,6,6,0.5837
11,policy,0,5318,7,7,0.5743
11,policy,0,5318,8,8,0.5068
11,policy,0,3352,0,0,0.9052
11,policy,0,3352,1,1,0.8604
11,policy,0,3352,2,2,0.7818
11,policy,0,3352,3,3,0.7818
11,policy,0,3352,4,4,0.7818
11,policy,0,3352,5,5,0.7850
11,policy,0,3352,6,6,0.7850
11,policy,0,3352,7,7,0.7818
11,policy,0,3352,8,8,0.7818
11,policy,0,757,0,0,0.1299
11,policy,0,757,1,0,0.1299
11,policy,0,757,2,0,0.1299
11,policy,0,757,3,1,0.0000
11,policy,0,757,4,2,0.0000
11,policy,0,757,5,3,0.0636
11,policy,0,757,6,4,0.1732
11,policy,0,757,7,4,0.1732
11,policy,0,757,8,5,0.1884
11,policy,0,3609,0,0,0.5735
11,policy,0,3609,1,1,0.5072
11,policy,0,3609,2,2,0.7137
11,policy,0,3609,3,3,0.7799
11,policy,0,3609,4,4,0.7799
11,policy,0,3609,5,5,0.7799
11,policy,0,3609,6,6,0.7799
11,policy,0,3609,7,7,0.7799
11,policy,0,3609,8,8,0.7799
11,policy,0,2619,0,0,0.6332
11,policy,0,2619,1,1,0.8701
11,policy,0,2619,2,2,0.8604
11,policy,0,2619,3,3,0.8482
11,policy,0,2619,4,4,0.8482
11,policy,0,2619,5,5,0.8572
11,policy,0,2619,6,6,0.8572
11,policy,0,2619,7,7,0.8482
11,policy,0,2619,8,8,0.8482
11,policy,0,5566,0,0,0.1763
11,policy,0,5566,1,1,0.2614
11,policy,0,5566,2,2,0.2614
11,policy,0,5566,3,3,0.2934
11,policy,0,5566,4,4,0.3031
11,policy,0,5566,5,5,0.3031
11,policy,0,5566,6,6,0.3031
11,policy,0,5566,7,7,0.3031
11,policy,0,5566,8,8,0.3031
11,policy,0,1045,0,0,0.0948
11,policy,0,1045,1,0,0.0948
11,policy,0,1045,2,0,0.0948
11,policy,0,1045,3,1,0.1514
11,policy,0,1045,4,2,0.1514
11,policy,0,1045,5,2,0.1514
11,policy,0,1045,6,3,0.1546
11,policy,0,1045,7,3,0.1546
11,policy,0,1045,8,4,0.1546
11,policy,0,3903,0,0,0.3227
11,policy,0,3903,1,0,0.3227
11,policy,0,3903,2,1,0.5510
11,policy,0,3903,3,2,0.5290
11,policy,0,3903,4,3,0.5779
11,policy,0,3903,5,4,0.5063
11,policy,0,3903,6,5,0.4369
11,policy,0,3903,7,6,0.4401
11,policy,0,3903,8,7,0.4401
11,policy,0,2479,0,0,0.0000
11,policy,0,2479,1,0,0.0000
11,policy,0,2479,2,1,0.1799
11,policy,0,2479,3,2,0.1635
11,policy,0,2479,4,3,0.1396
11,policy,0,2479,5,4,0.1447
11,policy,0,2479,6,4,0.1447
11,policy,0,2479,7,5,0.1396
11,policy,0,2479,8,6,0.1514
11,policy,0,2944,0,0,0.2369
11,policy,0,2944,1,1,0.2240
11,policy,0,2944,2,1,0.2240
11,policy,0,2944,3,2,0.2083
11,policy,0,2944,4,3,0.2083
11,policy,0,2944,5,3,0.2083
11,policy,0,2944,6,4,0.2083
11,policy,0,2944,7,5,0.2173
11,policy,0,2944,8,5,0.2173
11,policy,0,1468,0,0,0.0000
11,policy,0,1468,1,0,0.0000
11,policy,0,1468,2,0,0.0000
11,policy,0,1468,3,1,0.2528
11,policy,0,1468,4,1,0.2528
11,policy,0,1468,5,1,0.2528
11,policy,0,1468,6,2,0.2686
11,policy,0,1468,7,3,0.1884
11,policy,0,1468,8,3,0.1884
11,policy,0,1598,0,0,0.4955
11,policy,0,1598,1,1,0.8237
11,policy,0,1598,2,2,0.7792
11,policy,0,1598,3,3,0.7818
11,policy,0,1598,4,4,0.7818
11,policy,0,1598,5,5,0.7792
11,policy,0,1598,6,6,0.7792
11,policy,0,1598,7,7,0.7818
11,policy,0,1598,8,8,0.7818
11,policy,0,3571,0,0,0.2201
11,policy,0,3571,1,1,0.2935
11,policy,0,3571,2,1,0.2935
11,policy,0,3571,3,2,0.2201
11,policy,0,3571,4,2,0.2201
11,policy,0,3571,5,2,0.2201
11,policy,0,3571,6,3,0.2863
11,policy,0,3571,7,4,0.2863
11,policy,0,3571,8,5,0.2201
11,policy,0,4400,0,0,0.5326
11,policy,0,4400,1,1,0.6332
11,policy,0,4400,2,2,0.6995
11,policy,0,4400,3,3,0.6995
11,policy,0,4400,4,4,0.6995
11,policy,0,4400,5,5,0.6995
11,policy,0,4400,6,6,0.6968
11,policy,0,4400,7,7,0.6968
11,policy,0,4400,8,8,0.7008
11,policy,0,1622,0,0,0.0663
11,policy,0,1622,1,1,0.3764
11,policy,0,1622,2,2,0.3571
11,policy,0,1622,3,3,0.3031
11,policy,0,1622,4,4,0.2999
11,policy,0,1622,5,5,0.2973
11,policy,0,1622,6,5,0.2973
11,policy,0,1622,7,6,0.2973
11,policy,0,1622,8,7,0.2973
11,policy,0,1343,0,0,0.4252
11,policy,0,1343,1,0,0.4252
11,policy,0,1343,2,0,0.4252
11,policy,0,1343,3,1,0.1584
11,policy,0,1343,4,2,0.1584
11,policy,0,1343,5,2,0.1584
11,policy,0,1343,6,3,0.1610
11,policy,0,1343,7,4,0.1584
11,policy,0,1343,8,5,0.1610
11,policy,0,1661,0,0,0.0000
11,policy,0,1661,1,0,0.0000
11,policy,0,1661,2,0,0.0000
11,policy,0,1661,3,1,0.0000
11,policy,0,1661,4,2,0.0783
11,policy,0,1661,5,2,0.0783
11,policy,0,1661,6,3,0.1483
11,policy,0,1661,7,4,0.1483
11,policy,0,1661,8,5,0.1483
11,policy,0,5407,0,0,0.0000
11,policy,0,5407,1,1,0.0663
11,policy,0,5407,2,2,0.0000
11,policy,0,5407,3,3,0.0000
11,policy,0,5407,4,4,0.0000
11,policy,0,5407,5,5,0.0000
11,policy,0,5407,6,6,0.0000
11,policy,0,5407,7,7,0.0000
11,policy,0,5407,8,8,0.0000
11,policy,0,4406,0,0,0.4570
11,policy,0,4406,1,1,0.3052
11,policy,0,4406,2,2,0.6055
11,policy,0,4406,3,3,0.2248
11,policy,0,4406,4,4,0.1478
11,policy,0,4406,5,5,0.1428
11,policy,0,4406,6,6,0.1357
11,policy,0,4406,7,7,0.1299
11,policy,0,4406,8,8,0.1299
11,policy,0,240,0,0,0.0784
11,policy,0,240,1,1,0.4229
11,policy,0,240,2,2,0.4199
11,policy,0,240,3,3,0.4066
11,policy,0,240,4,4,0.4066
11,policy,0,240,5,5,0.3796
11,policy,0,240,6,6,0.3160
11,policy,0,240,7,7,0.3031
11,policy,0,240,8,8,0.2941
11,policy,0,1585,0,0,0.9149
11,policy,0,1585,1,1,0.9149
11,policy,0,1585,2,2,0.9216
11,policy,0,1585,3,3,0.9216
11,policy,0,1585,4,4,0.8630
11,policy,0,1585,5,5,0.8643
11,policy,0,1585,6,6,0.8643
11,policy,0,1585,7,7,0.8643
11,policy,0,1585,8,8,0.8669
11,policy,0,5695,0,0,0.1357
11,policy,0,5695,1,0,0.1357
11,policy,0,5695,2,0,0.1357
11,policy,0,5695,3,1,0.2489
11,policy,0,5695,4,2,0.3301
11,policy,0,5695,5,2,0.3301
11,policy,0,5695,6,3,0.2489
11,policy,0,5695,7,4,0.2489
11,policy,0,5695,8,5,0.2489
11,policy,0,699,0,0,0.0694
11,policy,0,699,1,0,0.0694
11,policy,0,699,2,0,0.0694
11,policy,0,699,3,1,0.0851
11,policy,0,699,4,2,0.0784
11,policy,0,699,5,2,0.0784
11,policy,0,699,6,2,0.0784
11,policy,0,699,7,3,0.0851
11,policy,0,699,8,3,0.0851
11,policy,0,2729,0,0,0.3788
11,policy,0,2729,1,1,0.6835
11,policy,0,2729,2,2,0.6582
11,policy,0,2729,3,3,0.6582
11,policy,0,2729,4,4,0.6294
11,policy,0,2729,5,5,0.6333
11,policy,0,2729,6,6,0.6333
11,policy,0,2729,7,7,0.6307
11,policy,0,2729,8,8,0.6307
11,policy,0,2984,0,0,0.0948
11,policy,0,2984,1,1,0.3938
11,policy,0,2984,2,2,0.2588
11,policy,0,2984,3,3,0.1884
11,policy,0,2984,4,4,0.1884
11,policy,0,2984,5,5,0.2048
11,policy,0,2984,6,6,0.2048
11,policy,0,2984,7,7,0.1884
11,policy,0,2984,8,8,0.1884
11,policy,0,1888,0,0,0.7281
11,policy,0,1888,1,1,0.6164
11,policy,0,1888,2,2,0.7543
11,policy,0,1888,3,3,0.7569
11,policy,0,1888,4,4,0.7569
11,policy,0,1888,5,5,0.7569
11,policy,0,1888,6,6,0.7569
11,policy,0,1888,7,7,0.7601
11,policy,0,1888,8,8,0.7601
11,policy,0,2664,0,0,0.6403
11,policy,0,2664,1,1,0.8358
11,policy,0,2664,2,2,0.8900
11,policy,0,2664,3,3,0.7975
11,policy,0,2664,4,4,0.7975
11,policy,0,2664,5,5,0.7975
11,policy,0,2664,6,6,0.7975
11,policy,0,2664,7,7,0.7975
11,policy,0,2664,8,8,0.7975
11,policy,0,5442,0,0,0.5211
11,policy,0,5442,1,1,0.7165
11,policy,0,5442,2,2,0.6399
11,policy,0,5442,3,3,0.5737
11,policy,0,5442,4,4,0.5737
11,policy,0,5442,5,5,0.5737
11,policy,0,5442,6,6,0.5737
11,policy,0,5442,7,7,0.5101
11,policy,0,5442,8,8,0.5101
11,policy,0,780,0,0,0.2618
11,policy,0,780,1,1,0.5072
11,policy,0,780,2,2,0.6469
11,policy,0,780,3,3,0.6379
11,policy,0,780,4,4,0.6379
11,policy,0,780,5,5,0.7065
11,policy,0,780,6,6,0.7105
11,policy,0,780,7,7,0.6469
11,policy,0,780,8,8,0.7255
11,policy,0,5879,0,0,0.7885
11,policy,0,5879,1,1,0.8482
11,policy,0,5879,2,2,0.8482
11,policy,0,5879,3,3,0.8643
11,policy,0,5879,4,4,0.8643
11,policy,0,5879,5,5,0.8669
11,policy,0,5879,6,6,0.9306
11,policy,0,5879,7,7,0.8201
11,policy,0,5879,8,8,0.8201
11,policy,0,2848,0,0,0.4537
11,policy,0,2848,1,1,0.4420
11,policy,0,2848,2,1,0.4420
11,policy,0,2848,3,2,0.3757
11,policy,0,2848,4,3,0.3757
11,policy,0,2848,5,3,0.3757
11,policy,0,2848,6,4,0.3757
11,policy,0,2848,7,5,0.3882
11,policy,0,2848,8,6,0.2173
11,policy,0,4669,0,0,0.1518
11,policy,0,4669,1,0,0.1518
11,policy,0,4669,2,0,0.1518
11,policy,0,4669,3,1,0.2489
11,policy,0,4669,4,2,0.3301
11,policy,0,4669,5,3,0.2489
11,policy,0,4669,6,4,0.2489
11,policy,0,4669,7,5,0.2489
11,policy,0,4669,8,6,0.2489
11,policy,0,5086,0,0,0.8416
11,policy,0,5086,1,1,0.6898
11,policy,0,5086,2,2,0.8454
11,policy,0,5086,3,3,0.7760
11,policy,0,5086,4,4,0.7760
11,policy,0,5086,5,5,0.7760
11,policy,0,5086,6,6,0.7133
11,policy,0,5086,7,7,0.7133
11,policy,0,5086,8,8,0.7133
11,policy,0,2874,0,0,0.2906
11,policy,0,2874,1,1,0.5101
11,policy,0,2874,2,2,0.4690
11,policy,0,2874,3,3,0.4690
11,policy,0,2874,4,4,0.4690
11,policy,0,2874,5,5,0.5326
11,policy,0,2874,6,6,0.5326
11,policy,0,2874,7,7,0.4690
11,policy,0,2874,8,8,0.4690
11,policy,0,1097,0,0,0.1389
11,policy,0,1097,1,1,0.1100
11,policy,0,1097,2,1,0.1100
11,policy,0,1097,3,2,0.1299
11,policy,0,1097,4,2,0.1299
11,policy,0,1097,5,3,0.1299
11,policy,0,1097,6,4,0.1370
11,policy,0,1097,7,5,0.0694
11,policy,0,1097,8,5,0.0694
11,policy,0,1958,0,0,0.4888
11,policy,0,1958,1,1,0.4153
11,policy,0,1958,2,1,0.4153
11,policy,0,1958,3,2,0.2837
11,policy,0,1958,4,3,0.2837
11,policy,0,1958,5,4,0.2837
11,policy,0,1958,6,5,0.2837
11,policy,0,1958,7,6,0.3500
11,policy,0,1958,8,7,0.2201
11,policy,0,4876,0,0,0.5549
11,policy,0,4876,1,0,0.5549
11,policy,0,4876,2,0,0.5549
11,policy,0,4876,3,1,0.2935
11,policy,0,4876,4,2,0.3689
11,policy,0,4876,5,3,0.4000
11,policy,0,4876,6,4,0.3882
11,policy,0,4876,7,5,0.3882
11,policy,0,4876,8,6,0.4000
11,policy,0,4990,0,0,0.2312
11,policy,0,4990,1,0,0.2312
11,policy,0,4990,2,0,0.2312
11,policy,0,4990,3,0,0.2312
11,policy,0,4990,4,1,0.0000
11,policy,0,4990,5,2,0.0000
11,policy,0,4990,6,2,0.0000
11,policy,0,4990,7,3,0.0000
11,policy,0,4990,8,4,0.0000
11,policy,0,4212,0,0,0.7015
11,policy,0,4212,1,1,0.9266
11,policy,0,4212,2,2,0.9306
11,policy,0,4212,3,3,0.9266
11,policy,0,4212,4,4,0.9266
11,policy,0,4212,5,5,0.9216
11,policy,0,4212,6,6,0.9216
11,policy,0,4212,7,7,0.9216
11,policy,0,4212,8,8,0.9149
11,policy,0,5412,0,0,0.5326
11,policy,0,5412,1,1,0.3052
11,policy,0,5412,2,2,0.5271
11,policy,0,5412,3,3,0.5649
11,policy,0,5412,4,4,0.5342
11,policy,0,5412,5,5,0.5014
11,policy,0,5412,6,6,0.4630
11,policy,0,5412,7,7,0.3347
11,policy,0,5412,8,8,0.7846
11,policy,0,5621,0,0,0.0000
11,policy,0,5621,1,1,0.0000
11,policy,0,5621,2,1,0.0000
11,policy,0,5621,3,2,0.0000
11,policy,0,5621,4,2,0.0000
11,policy,0,5621,5,2,0.0000
11,policy,0,5621,6,3,0.0000
11,policy,0,5621,7,4,0.0000
11,policy,0,5621,8,5,0.0000
11,policy,0,4273,0,0,0.1585
11,policy,0,4273,1,0,0.1585
11,policy,0,4273,2,1,0.0000
11,policy,0,4273,3,2,0.0000
11,policy,0,4273,4,3,0.0000
11,policy,0,4273,5,4,0.0000
11,policy,0,4273,6,5,0.0000
11,policy,0,4273,7,6,0.0000
11,policy,0,4273,8,7,0.0000
11,policy,0,1869,0,0,0.4819
11,policy,0,1869,1,1,0.4825
11,policy,0,1869,2,2,0.5521
11,policy,0,1869,3,3,0.6555
11,policy,0,1869,4,4,0.6595
11,policy,0,1869,5,5,0.6621
11,policy,0,1869,6,6,0.6621
11,policy,0,1869,7,7,0.6595
11,policy,0,1869,8,8,0.6595
11,policy,0,5970,0,0,0.3846
11,policy,0,5970,1,0,0.3846
11,policy,0,5970,2,1,0.0694
11,policy,0,5970,3,2,0.3936
11,policy,0,5970,4,3,0.5654
11,policy,0,5970,5,4,0.5730
11,policy,0,5970,6,5,0.5868
11,policy,0,5970,7,6,0.5868
11,policy,0,5970,8,7,0.5868
11,policy,0,2055,0,0,0.5551
11,policy,0,2055,1,1,0.6968
11,policy,0,2055,2,2,0.7631
11,policy,0,2055,3,3,0.7752
11,policy,0,2055,4,4,0.7779
11,policy,0,2055,5,5,0.8358
11,policy,0,2055,6,6,0.6300
11,policy,0,2055,7,7,0.5638
11,policy,0,2055,8,8,0.5638
11,policy,0,487,0,0,0.2864
11,policy,0,487,1,0,0.2864
11,policy,0,487,2,0,0.2864
11,policy,0,487,3,1,0.4935
11,policy,0,487,4,2,0.4935
11,policy,0,487,5,2,0.4935
11,policy,0,487,6,3,0.4935
11,policy,0,487,7,4,0.4935
11,policy,0,487,8,4,0.4935
11,policy,0,2399,0,0,0.4171
11,policy,0,2399,1,0,0.4171
11,policy,0,2399,2,0,0.4171
11,policy,0,2399,3,1,0.5101
11,policy,0,2399,4,2,0.5101
11,policy,0,2399,5,3,0.5389
11,policy,0,2399,6,4,0.5389
11,policy,0,2399,7,5,0.5737
11,policy,0,2399,8,6,0.5101
11,policy,0,4740,0,0,0.2350
11,policy,0,4740,1,0,0.2350
11,policy,0,4740,2,0,0.2350
11,policy,0,4740,3,0,0.2350
11,policy,0,4740,4,1,0.3363
11,policy,0,4740,5,1,0.3363
11,policy,0,4740,6,1,0.3363
11,policy,0,4740,7,2,0.3363
11,policy,0,4740,8,2,0.3363
11,policy,0,4414,0,0,0.4729
11,policy,0,4414,1,0,0.4729
11,policy,0,4414,2,1,0.8205
11,policy,0,4414,3,2,0.8358
11,policy,0,4414,4,3,0.8522
11,policy,0,4414,5,4,0.8522
11,policy,0,4414,6,5,0.8482
11,policy,0,4414,7,6,0.8482
11,policy,0,4414,8,7,0.8482
11,policy,0,1974,0,0,0.0000
11,policy,0,1974,1,1,0.0000
11,policy,0,1974,2,2,0.0000
11,policy,0,1974,3,3,0.0000
11,policy,0,1974,4,3,0.0000
11,policy,0,1974,5,3,0.0000
11,policy,0,1974,6,4,0.0000
11,policy,0,1974,7,5,0.0000
11,policy,0,1974,8,6,0.0000
11,policy,0,4126,0,0,0.1389
11,policy,0,4126,1,0,0.1389
11,policy,0,4126,2,1,0.3590
11,policy,0,4126,3,2,0.3590
11,policy,0,4126,4,3,0.3149
11,policy,0,4126,5,4,0.3149
11,policy,0,4126,6,5,0.3149
11,policy,0,4126,7,6,0.3149
11,policy,0,4126,8,7,0.3149
11,policy,0,2232,0,0,0.2895
11,policy,0,2232,1,1,0.0636
11,policy,0,2232,2,2,0.0000
11,policy,0,2232,3,3,0.0000
11,policy,0,2232,4,4,0.0000
11,policy,0,2232,5,4,0.0000
11,policy,0,2232,6,5,0.0000
11,policy,0,2232,7,6,0.0000
11,policy,0,2232,8,7,0.0000
11,policy,0,5927,0,0,0.0000
11,policy,0,5927,1,1,0.0000
11,policy,0,5927,2,1,0.0000
11,policy,0,5927,3,2,0.0000
11,policy,0,5927,4,3,0.0000
11,policy,0,5927,5,4,0.0000
11,policy,0,5927,6,5,0.0000
11,policy,0,5927,7,6,0.0000
11,policy,0,5927,8,6,0.0000
11,policy,0,3023,0,0,0.4604
11,policy,0,3023,1,1,0.7917
11,policy,0,3023,2,2,0.8512
11,policy,0,3023,3,3,0.8358
11,policy,0,3023,4,4,0.8358
11,policy,0,3023,5,5,0.8390
11,policy,0,3023,6,6,0.8486
11,policy,0,3023,7,7,0.8454
11,policy,0,3023,8,8,0.8482
11,policy,0,607,0,0,0.0000
11,policy,0,607,1,1,0.0000
11,policy,0,607,2,2,0.0000
11,policy,0,607,3,3,0.0000
11,policy,0,607,4,4,0.0000
11,policy,0,607,5,5,0.0000
11,policy,0,607,6,6,0.0000
11,policy,0,607,7,7,0.0000
11,policy,0,607,8,8,0.0000
11,policy,1,1216,0,0,0.0000
11,policy,1,1216,1,0,0.0000
11,policy,1,1216,2,0,0.0000
11,policy,1,1216,3,1,0.0000
11,policy,1,1216,4,2,0.0000
11,policy,1,1216,5,3,0.0000
11,policy,1,1216,6,4,0.0000
11,policy,1,1216,7,5,0.0000
11,policy,1,1216,8,5,0.0000
11,policy,1,2820,0,0,0.1461
11,policy,1,2820,1,0,0.1461
11,policy,1,2820,2,0,0.1461
11,policy,1,2820,3,1,0.0000
11,policy,1,2820,4,2,0.0000
11,policy,1,2820,5,3,0.0000
11,policy,1,2820,6,4,0.0000
11,policy,1,2820,7,4,0.0000
11,policy,1,2820,8,4,0.0000
11,policy,1,3017,0,0,0.3684
11,policy,1,3017,1,1,0.6141
11,policy,1,3017,2,2,0.3914
11,policy,1,3017,3,3,0.3309
11,policy,1,3017,4,4,0.3309
11,policy,1,3017,5,5,0.3195
11,policy,1,3017,6,6,0.3764
11,policy,1,3017,7,7,0.3254
11,policy,1,3017,8,8,0.3215
11,policy,1,1260,0,0,0.0663
11,policy,1,1260,1,0,0.0663
11,policy,1,1260,2,1,0.0948
11,policy,1,1260,3,2,0.0851
11,policy,1,1260,4,3,0.0734
11,policy,1,1260,5,4,0.0734
11,policy,1,1260,6,5,0.0734
11,policy,1,1260,7,6,0.0734
11,policy,1,1260,8,7,0.0784
11,policy,1,1920,0,0,0.1063
11,policy,1,1920,1,1,0.0000
11,policy,1,1920,2,2,0.0827
11,policy,1,1920,3,3,0.0979
11,policy,1,1920,4,4,0.0979
11,policy,1,1920,5,4,0.0979
11,policy,1,1920,6,5,0.0979
11,policy,1,1920,7,6,0.0979
11,policy,1,1920,8,7,0.0979
11,policy,1,693,0,0,0.0000
11,policy,1,693,1,0,0.0000
11,policy,1,693,2,0,0.0000
11,policy,1,693,3,1,0.0000
11,policy,1,693,4,2,0.0000
11,policy,1,693,5,3,0.0000
11,policy,1,693,6,4,0.0000
11,policy,1,693,7,4,0.0000
11,policy,1,693,8,5,0.0000
11,policy,1,3268,0,0,0.0795
11,policy,1,3268,1,1,0.0000
11,policy,1,3268,2,2,0.1374
11,policy,1,3268,3,3,0.0000
11,policy,1,3268,4,4,0.0000
11,policy,1,3268,5,5,0.0000
11,policy,1,3268,6,6,0.0000
11,policy,1,3268,7,7,0.0000
11,policy,1,3268,8,8,0.0000
11,policy,1,3548,0,0,0.1089
11,policy,1,3548,1,1,0.0000
11,policy,1,3548,2,2,0.0000
11,policy,1,3548,3,3,0.0000
11,policy,1,3548,4,3,0.0000
11,policy,1,3548,5,3,0.0000
11,policy,1,3548,6,4,0.0000
11,policy,1,3548,7,5,0.0000
11,policy,1,3548,8,5,0.0000
11,policy,1,2780,0,0,0.2051
11,policy,1,2780,1,1,0.0663
11,policy,1,2780,2,2,0.2457
11,policy,1,2780,3,3,0.3254
11,policy,1,2780,4,4,0.2466
11,policy,1,2780,5,5,0.2369
11,policy,1,2780,6,6,0.2279
11,policy,1,2780,7,7,0.1585
11,policy,1,2780,8,8,0.4729
11,policy,1,5328,0,0,0.3628
11,policy,1,5328,1,1,0.4479
11,policy,1,5328,2,2,0.4639
11,policy,1,5328,3,3,0.4983
11,policy,1,5328,4,4,0.5685
11,policy,1,5328,5,5,0.5552
11,policy,1,5328,6,6,0.4883
11,policy,1,5328,7,7,0.5645
11,policy,1,5328,8,8,0.5580
11,policy,1,3770,0,0,0.0694
11,policy,1,3770,1,1,0.5442
11,policy,1,3770,2,2,0.2278
11,policy,1,3770,3,3,0.0636
11,policy,1,3770,4,4,0.0636
11,policy,1,3770,5,5,0.1357
11,policy,1,3770,6,6,0.1331
11,policy,1,3770,7,7,0.0636
11,policy,1,3770,8,8,0.0636
11,policy,1,5135,0,0,0.3597
11,policy,1,5135,1,1,0.0734
11,policy,1,5135,2,2,0.3996
11,policy,1,5135,3,3,0.2489
11,policy,1,5135,4,4,0.2337
11,policy,1,5135,5,5,0.2173
11,policy,1,5135,6,6,0.1585
11,policy,1,5135,7,7,0.1585
11,policy,1,5135,8,8,0.1585
11,policy,1,781,0,0,0.0000
11,policy,1,781,1,0,0.0000
11,policy,1,781,2,1,0.0000
11,policy,1,781,3,1,0.0000
11,policy,1,781,4,2,0.0000
11,policy,1,781,5,3,0.0000
11,policy,1,781,6,3,0.0000
11,policy,1,781,7,3,0.0000
11,policy,1,781,8,4,0.0000
11,policy,1,2908,0,0,0.4946
11,policy,1,2908,1,1,0.8358
11,policy,1,2908,2,2,0.8580
11,policy,1,2908,3,3,0.9149
11,policy,1,2908,4,4,0.9052
11,policy,1,2908,5,5,0.9052
11,policy,1,2908,6,6,0.8416
11,policy,1,2908,7,7,0.9052
11,policy,1,2908,8,8,0.9052
11,policy,1,4075,0,0,0.0000
11,policy,1,4075,1,1,0.0000
11,policy,1,4075,2,2,0.0000
11,policy,1,4075,3,3,0.0000
11,policy,1,4075,4,4,0.0000
11,policy,1,4075,5,4,0.0000
11,policy,1,4075,6,5,0.0000
11,policy,1,4075,7,5,0.0000
11,policy,1,4075,8,5,0.0000
11,policy,1,3106,0,0,0.0000
11,policy,1,3106,1,1,0.0000
11,policy,1,3106,2,2,0.0000
11,policy,1,3106,3,3,0.0000
11,policy,1,3106,4,4,0.0000
11,policy,1,3106,5,4,0.0000
11,policy,1,3106,6,5,0.0000
11,policy,1,3106,7,6,0.0000
11,policy,1,3106,8,7,0.0000
11,policy,1,759,0,0,0.0000
11,policy,1,759,1,0,0.0000
11,policy,1,759,2,0,0.0000
11,policy,1,759,3,1,0.0000
11,policy,1,759,4,2,0.0000
11,policy,1,759,5,3,0.0000
11,policy,1,759,6,4,0.0000
11,policy,1,759,7,5,0.0000
11,policy,1,759,8,5,0.0000
11,policy,1,5467,0,0,0.0000
11,policy,1,5467,1,1,0.0000
11,policy,1,5467,2,2,0.2173
11,policy,1,5467,3,3,0.2201
11,policy,1,5467,4,4,0.2201
11,policy,1,5467,5,5,0.2201
11,policy,1,5467,6,6,0.2201
11,policy,1,5467,7,7,0.2201
11,policy,1,5467,8,8,0.1389
11,policy,1,5744,0,0,0.0000
11,policy,1,5744,1,1,0.1483
11,policy,1,5744,2,2,0.2350
11,policy,1,5744,3,3,0.1012
11,policy,1,5744,4,4,0.1012
11,policy,1,5744,5,4,0.1012
11,policy,1,5744,6,5,0.1012
11,policy,1,5744,7,6,0.1012
11,policy,1,5744,8,7,0.1012
11,policy,1,3129,0,0,0.0000
11,policy,1,3129,1,0,0.0000
11,policy,1,3129,2,1,0.0000
11,policy,1,3129,3,2,0.0000
11,policy,1,3129,4,3,0.0000
11,policy,1,3129,5,4,0.0000
11,policy,1,3129,6,5,0.0000
11,policy,1,3129,7,6,0.0000
11,policy,1,3129,8,7,0.0000
11,policy,1,5990,0,0,0.0000
11,policy,1,5990,1,0,0.0000
11,policy,1,5990,2,0,0.0000
11,policy,1,5990,3,1,0.0000
11,policy,1,5990,4,2,0.0000
11,policy,1,5990,5,2,0.0000
11,policy,1,5990,6,3,0.0000
11,policy,1,5990,7,3,0.0000
11,policy,1,5990,8,4,0.0000
11,policy,1,306,0,0,0.0000
11,policy,1,306,1,1,0.2999
11,policy,1,306,2,2,0.1952
11,policy,1,306,3,3,0.3471
11,policy,1,306,4,4,0.3542
11,policy,1,306,5,5,0.3660
11,policy,1,306,6,6,0.3718
11,policy,1,306,7,7,0.3764
11,policy,1,306,8,7,0.3764
11,policy,1,3832,0,0,0.1100
11,policy,1,3832,1,1,0.0000
11,policy,1,3832,2,2,0.0636
11,policy,1,3832,3,3,0.0694
11,policy,1,3832,4,4,0.0694
11,policy,1,3832,5,5,0.0694
11,policy,1,3832,6,6,0.0694
11,policy,1,3832,7,7,0.0734
11,policy,1,3832,8,8,0.0734
11,policy,1,1356,0,0,0.0000
11,policy,1,1356,1,0,0.0000
11,policy,1,1356,2,0,0.0000
11,policy,1,1356,3,1,0.0000
11,policy,1,1356,4,2,0.0000
11,policy,1,1356,5,3,0.0734
11,policy,1,1356,6,4,0.0851
11,policy,1,1356,7,4,0.0851
11,policy,1,1356,8,5,0.1100
11,policy,1,5279,0,0,0.0000
11,policy,1,5279,1,0,0.0000
11,policy,1,5279,2,1,0.0000
11,policy,1,5279,3,2,0.0000
11,policy,1,5279,4,3,0.0000
11,policy,1,5279,5,4,0.0000
11,policy,1,5279,6,4,0.0000
11,policy,1,5279,7,5,0.0000
11,policy,1,5279,8,6,0.0000
11,policy,1,3201,0,0,0.0000
11,policy,1,3201,1,1,0.0000
11,policy,1,3201,2,2,0.0694
11,policy,1,3201,3,3,0.0694
11,policy,1,3201,4,4,0.1396
11,policy,1,3201,5,5,0.1682
11,policy,1,3201,6,6,0.2173
11,policy,1,3201,7,7,0.2173
11,policy,1,3201,8,8,0.2173
11,policy,1,370,0,0,0.0000
11,policy,1,370,1,0,0.0000
11,policy,1,370,2,0,0.0000
11,policy,1,370,3,1,0.1175
11,policy,1,370,4,2,0.1012
11,policy,1,370,5,3,0.0783
11,policy,1,370,6,4,0.0909
11,policy,1,370,7,4,0.0909
11,policy,1,370,8,4,0.0909
11,policy,1,2012,0,0,0.0000
11,policy,1,2012,1,0,0.0000
11,policy,1,2012,2,1,0.0000
11,policy,1,2012,3,2,0.0000
11,policy,1,2012,4,3,0.0636
11,policy,1,2012,5,4,0.0636
11,policy,1,2012,6,5,0.0636
11,policy,1,2012,7,6,0.0663
11,policy,1,2012,8,7,0.0636
11,policy,1,3899,0,0,0.0000
11,policy,1,3899,1,1,0.1799
11,policy,1,3899,2,2,0.4630
11,policy,1,3899,3,3,0.6083
11,policy,1,3899,4,4,0.6083
11,policy,1,3899,5,5,0.5420
11,policy,1,3899,6,6,0.4734
11,policy,1,3899,7,7,0.5965
11,policy,1,3899,8,8,0.5965
11,policy,1,2979,0,0,0.0000
11,policy,1,2979,1,1,0.0694
11,policy,1,2979,2,2,0.0851
11,policy,1,2979,3,3,0.1100
11,policy,1,2979,4,4,0.0948
11,policy,1,2979,5,5,0.0948
11,policy,1,2979,6,6,0.0948
11,policy,1,2979,7,7,0.0948
11,policy,1,2979,8,8,0.0948
11,policy,1,2748,0,0,0.0851
11,policy,1,2748,1,1,0.0000
11,policy,1,2748,2,2,0.0000
11,policy,1,2748,3,3,0.0000
11,policy,1,2748,4,4,0.0000
11,policy,1,2748,5,5,0.0000
11,policy,1,2748,6,6,0.0000
11,policy,1,2748,7,7,0.0000
11,policy,1,2748,8,8,0.0000
11,policy,1,821,0,0,0.5175
11,policy,1,821,1,1,0.2025
11,policy,1,821,2,2,0.3689
11,policy,1,821,3,3,0.0663
11,policy,1,821,4,4,0.0000
11,policy,1,821,5,5,0.0636
11,policy,1,821,6,6,0.0784
11,policy,1,821,7,7,0.1584
11,policy,1,821,8,8,0.1488
11,policy,1,3891,0,0,0.4233
11,policy,1,3891,1,1,0.2083
11,policy,1,3891,2,2,0.1763
11,policy,1,3891,3,3,0.1795
11,policy,1,3891,4,4,0.1763
11,policy,1,3891,5,5,0.1795
11,policy,1,3891,6,6,0.1584
11,policy,1,3891,7,7,0.1546
11,policy,1,3891,8,8,0.1447
11,policy,1,3250,0,0,0.0000
11,policy,1,3250,1,1,0.0000
11,policy,1,3250,2,1,0.0000
11,policy,1,3250,3,2,0.0851
11,policy,1,3250,4,2,0.0851
11,policy,1,3250,5,2,0.0851
11,policy,1,3250,6,3,0.0851
11,policy,1,3250,7,4,0.0948
11,policy,1,3250,8,5,0.0948
11,policy,1,4478,0,0,0.0000
11,policy,1,4478,1,1,0.0948
11,policy,1,4478,2,2,0.0000
11,policy,1,4478,3,3,0.0000
11,policy,1,4478,4,4,0.0000
11,policy,1,4478,5,5,0.0000
11,policy,1,4478,6,6,0.0000
11,policy,1,4478,7,7,0.0000
11,policy,1,4478,8,8,0.0000
11,policy,1,2536,0,0,0.5551
11,policy,1,2536,1,1,0.2489
11,policy,1,2536,2,2,0.3125
11,policy,1,2536,3,3,0.3183
11,policy,1,2536,4,4,0.3183
11,policy,1,2536,5,5,0.3223
11,policy,1,2536,6,6,0.3859
11,policy,1,2536,7,7,0.3846
11,policy,1,2536,8,8,0.3917
11,policy,1,1250,0,0,0.0000
11,policy,1,1250,1,0,0.0000
11,policy,1,1250,2,1,0.0000
11,policy,1,1250,3,2,0.0000
11,policy,1,1250,4,3,0.0000
11,policy,1,1250,5,3,0.0000
11,policy,1,1250,6,3,0.0000
11,policy,1,1250,7,4,0.0000
11,policy,1,1250,8,5,0.0000
11,policy,1,4763,0,0,0.0000
11,policy,1,4763,1,0,0.0000
11,policy,1,4763,2,1,0.1461
11,policy,1,4763,3,2,0.1208
11,policy,1,4763,4,3,0.1070
11,policy,1,4763,5,4,0.1070
11,policy,1,4763,6,4,0.1070
11,policy,1,4763,7,5,0.1070
11,policy,1,4763,8,6,0.1131
11,policy,1,4757,0,0,0.0000
11,policy,1,4757,1,0,0.0000
11,policy,1,4757,2,0,0.0000
11,policy,1,4757,3,1,0.1461
11,policy,1,4757,4,1,0.1461
11,policy,1,4757,5,2,0.1696
11,policy,1,4757,6,3,0.3210
11,policy,1,4757,7,4,0.3210
11,policy,1,4757,8,4,0.3210
11,policy,1,5792,0,0,0.0663
11,policy,1,5792,1,0,0.0663
11,policy,1,5792,2,0,0.0663
11,policy,1,5792,3,1,0.0000
11,policy,1,5792,4,1,0.0000
11,policy,1,5792,5,1,0.0000
11,policy,1,5792,6,2,0.0000
11,policy,1,5792,7,3,0.0000
11,policy,1,5792,8,3,0.0000
11,policy,1,6025,0,0,0.0000
11,policy,1,6025,1,0,0.0000
11,policy,1,6025,2,0,0.0000
11,policy,1,6025,3,1,0.0000
11,policy,1,6025,4,2,0.0000
11,policy,1,6025,5,3,0.0000
11,policy,1,6025,6,4,0.0000
11,policy,1,6025,7,5,0.0000
11,policy,1,6025,8,6,0.0000
11,policy,1,5989,0,0,0.0694
11,policy,1,5989,1,1,0.1389
11,policy,1,5989,2,2,0.0734
11,policy,1,5989,3,3,0.0734
11,policy,1,5989,4,4,0.0784
11,policy,1,5989,5,5,0.0784
11,policy,1,5989,6,6,0.0851
11,policy,1,5989,7,7,0.1396
11,policy,1,5989,8,8,0.0851
11,policy,1,1434,0,0,0.0000
11,policy,1,1434,1,0,0.0000
11,policy,1,1434,2,0,0.0000
11,policy,1,1434,3,1,0.0000
11,policy,1,1434,4,2,0.0000
11,policy,1,1434,5,3,0.0000
11,policy,1,1434,6,4,0.0000
11,policy,1,1434,7,4,0.0000
11,policy,1,1434,8,5,0.0000
11,policy,1,4950,0,0,0.1993
11,policy,1,4950,1,1,0.2115
11,policy,1,4950,2,2,0.4780
11,policy,1,4950,3,3,0.6754
11,policy,1,4950,4,4,0.6208
11,policy,1,4950,5,5,0.6055
11,policy,1,4950,6,6,0.6208
11,policy,1,4950,7,7,0.6718
11,policy,1,4950,8,8,0.6208
11,policy,1,4781,0,0,0.0000
11,policy,1,4781,1,1,0.0734
11,policy,1,4781,2,2,0.1100
11,policy,1,4781,3,3,0.1834
11,policy,1,4781,4,4,0.1635
11,policy,1,4781,5,5,0.1518
11,policy,1,4781,6,6,0.1514
11,policy,1,4781,7,7,0.0784
11,policy,1,4781,8,8,0.3149
11,policy,1,3169,0,0,0.0000
11,policy,1,3169,1,1,0.0000
11,policy,1,3169,2,2,0.0000
11,policy,1,3169,3,3,0.0000
11,policy,1,3169,4,4,0.0000
11,policy,1,3169,5,4,0.0000
11,policy,1,3169,6,5,0.0000
11,policy,1,3169,7,6,0.0000
11,policy,1,3169,8,7,0.0000
11,policy,1,574,0,0,0.0734
11,policy,1,574,1,0,0.0734
11,policy,1,574,2,1,0.3815
11,policy,1,574,3,2,0.3470
11,policy,1,574,4,3,0.3594
11,policy,1,574,5,4,0.3594
11,policy,1,574,6,5,0.3594
11,policy,1,574,7,6,0.3562
11,policy,1,574,8,7,0.3495
11,policy,1,955,0,0,0.0000
11,policy,1,955,1,0,0.0000
11,policy,1,955,2,0,0.0000
11,policy,1,955,3,1,0.0636
11,policy,1,955,4,2,0.0734
11,policy,1,955,5,3,0.1389
11,policy,1,955,6,4,0.1100
11,policy,1,955,7,5,0.1100
11,policy,1,955,8,6,0.2201
11,policy,1,3445,0,0,0.0000
11,policy,1,3445,1,0,0.0000
11,policy,1,3445,2,0,0.0000
11,policy,1,3445,3,1,0.0000
11,policy,1,3445,4,1,0.0000
11,policy,1,3445,5,1,0.0000
11,policy,1,3445,6,2,0.0000
11,policy,1,3445,7,3,0.0000
11,policy,1,3445,8,3,0.0000
11,policy,1,585,0,0,0.0000
11,policy,1,585,1,0,0.0000
11,policy,1,585,2,0,0.0000
11,policy,1,585,3,1,0.0000
11,policy,1,585,4,2,0.0000
11,policy,1,585,5,3,0.0000
11,policy,1,585,6,4,0.0000
11,policy,1,585,7,4,0.0000
11,policy,1,585,8,4,0.0000
11,policy,1,5503,0,0,0.4857
11,policy,1,5503,1,1,0.4937
11,policy,1,5503,2,2,0.6025
11,policy,1,5503,3,3,0.6110
11,policy,1,5503,4,4,0.6110
11,policy,1,5503,5,5,0.6086
11,policy,1,5503,6,6,0.6047
11,policy,1,5503,7,7,0.6086
11,policy,1,5503,8,8,0.6110
11,policy,1,362,0,0,0.0000
11,policy,1,362,1,1,0.0000
11,policy,1,362,2,2,0.0000
11,policy,1,362,3,3,0.0000
11,policy,1,362,4,4,0.0000
11,policy,1,362,5,4,0.0000
11,policy,1,362,6,5,0.0000
11,policy,1,362,7,6,0.0000
11,policy,1,362,8,7,0.0000
11,policy,1,3332,0,0,0.0000
11,policy,1,3332,1,1,0.0948
11,policy,1,3332,2,2,0.2941
11,policy,1,3332,3,3,0.1518
11,policy,1,3332,4,4,0.2154
11,policy,1,3332,5,5,0.2180
11,policy,1,3332,6,6,0.2212
11,policy,1,3332,7,7,0.2212
11,policy,1,3332,8,8,0.2154
11,policy,1,554,0,0,0.0000
11,policy,1,554,1,0,0.0000
11,policy,1,554,2,0,0.0000
11,policy,1,554,3,1,0.0000
11,policy,1,554,4,2,0.0000
11,policy,1,554,5,2,0.0000
11,policy,1,554,6,3,0.0000
11,policy,1,554,7,4,0.0000
11,policy,1,554,8,5,0.0000
11,policy,1,3282,0,0,0.0636
11,policy,1,3282,1,1,0.0636
11,policy,1,3282,2,2,0.0663
11,policy,1,3282,3,3,0.0734
11,policy,1,3282,4,4,0.1331
11,policy,1,3282,5,5,0.1428
11,policy,1,3282,6,6,0.1478
11,policy,1,3282,7,7,0.1610
11,policy,1,3282,8,8,0.2122
11,policy,1,5925,0,0,0.0000
11,policy,1,5925,1,0,0.0000
11,policy,1,5925,2,1,0.2201
11,policy,1,5925,3,2,0.2895
11,policy,1,5925,4,3,0.2837
11,policy,1,5925,5,4,0.2895
11,policy,1,5925,6,5,0.2935
11,policy,1,5925,7,6,0.2935
11,policy,1,5925,8,7,0.2895
11,policy,1,1610,0,0,0.0694
11,policy,1,1610,1,1,0.3453
11,policy,1,1610,2,2,0.1488
11,policy,1,1610,3,3,0.1795
11,policy,1,1610,4,4,0.1795
11,policy,1,1610,5,5,0.1610
11,policy,1,1610,6,6,0.1642
11,policy,1,1610,7,7,0.1763
11,policy,1,1610,8,8,0.1737
11,policy,1,3354,0,0,0.0000
11,policy,1,3354,1,0,0.0000
11,policy,1,3354,2,0,0.0000
11,policy,1,3354,3,1,0.0000
11,policy,1,3354,4,2,0.0000
11,policy,1,3354,5,2,0.0000
11,policy,1,3354,6,2,0.0000
11,policy,1,3354,7,3,0.0000
11,policy,1,3354,8,4,0.0000
11,policy,1,1693,0,0,0.0694
11,policy,1,1693,1,1,0.3715
11,policy,1,1693,2,2,0.4422
11,policy,1,1693,3,3,0.4473
11,policy,1,1693,4,4,0.3836
11,policy,1,1693,5,5,0.4473
11,policy,1,1693,6,6,0.4473
11,policy,1,1693,7,7,0.3689
11,policy,1,1693,8,8,0.3689
11,policy,1,1856,0,0,0.0000
11,policy,1,1856,1,0,0.0000
11,policy,1,1856,2,0,0.0000
11,policy,1,1856,3,1,0.0000
11,policy,1,1856,4,2,0.0000
11,policy,1,1856,5,3,0.0000
11,policy,1,1856,6,4,0.0000
11,policy,1,1856,7,4,0.0000
11,policy,1,1856,8,4,0.0000
11,policy,1,984,0,0,0.0948
11,policy,1,984,1,1,0.1478
11,policy,1,984,2,2,0.0000
11,policy,1,984,3,3,0.0000
11,policy,1,984,4,4,0.0000
11,policy,1,984,5,5,0.0000
11,policy,1,984,6,6,0.0000
11,policy,1,984,7,7,0.0000
11,policy,1,984,8,8,0.0000
11,policy,1,2490,0,0,0.0000
11,policy,1,2490,1,1,0.0000
11,policy,1,2490,2,2,0.0694
11,policy,1,2490,3,3,0.1546
11,policy,1,2490,4,4,0.1546
11,policy,1,2490,5,5,0.1447
11,policy,1,2490,6,6,0.1447
11,policy,1,2490,7,7,0.1514
11,policy,1,2490,8,8,0.1546
11,policy,1,2395,0,0,0.0000
11,policy,1,2395,1,0,0.0000
11,policy,1,2395,2,0,0.0000
11,policy,1,2395,3,1,0.0000
11,policy,1,2395,4,1,0.0000
11,policy,1,2395,5,2,0.0000
11,policy,1,2395,6,3,0.0000
11,policy,1,2395,7,4,0.0000
11,policy,1,2395,8,5,0.0000
11,policy,1,4666,0,0,0.0000
11,policy,1,4666,1,0,0.0000
11,policy,1,4666,2,0,0.0000
11,policy,1,4666,3,1,0.0000
11,policy,1,4666,4,1,0.0000
11,policy,1,4666,5,2,0.0731
11,policy,1,4666,6,3,0.0000
11,policy,1,4666,7,4,0.0000
11,policy,1,4666,8,4,0.0000
11,policy,1,4638,0,0,0.0000
11,policy,1,4638,1,0,0.0000
11,policy,1,4638,2,1,0.0000
11,policy,1,4638,3,1,0.0000
11,policy,1,4638,4,2,0.0000
11,policy,1,4638,5,3,0.0000
11,policy,1,4638,6,3,0.0000
11,policy,1,4638,7,4,0.0000
11,policy,1,4638,8,5,0.0000
11,policy,1,1726,0,0,0.3469
11,policy,1,1726,1,1,0.6274
11,policy,1,1726,2,2,0.6489
11,policy,1,1726,3,3,0.6870
11,policy,1,1726,4,4,0.6831
11,policy,1,1726,5,5,0.7417
11,policy,1,1726,6,6,0.7417
11,policy,1,1726,7,7,0.6780
11,policy,1,1726,8,8,0.6780
11,policy,1,1544,0,0,0.2141
11,policy,1,1544,1,1,0.0000
11,policy,1,1544,2,2,0.0851
11,policy,1,1544,3,3,0.1514
11,policy,1,1544,4,4,0.1299
11,policy,1,1544,5,5,0.0663
11,policy,1,1544,6,6,0.0636
11,policy,1,1544,7,7,0.0636
11,policy,1,1544,8,8,0.2809
11,policy,1,1401,0,0,0.0000
11,policy,1,1401,1,0,0.0000
11,policy,1,1401,2,0,0.0000
11,policy,1,1401,3,1,0.0000
11,policy,1,1401,4,1,0.0000
11,policy,1,1401,5,2,0.0000
11,policy,1,1401,6,3,0.0000
11,policy,1,1401,7,4,0.0000
11,policy,1,1401,8,4,0.0000
11,policy,1,1712,0,0,0.0000
11,policy,1,1712,1,0,0.0000
11,policy,1,1712,2,1,0.0000
11,policy,1,1712,3,2,0.0000
11,policy,1,1712,4,3,0.0000
11,policy,1,1712,5,4,0.0000
11,policy,1,1712,6,4,0.0000
11,policy,1,1712,7,5,0.0000
11,policy,1,1712,8,6,0.0000
11,policy,1,1348,0,0,0.0000
11,policy,1,1348,1,0,0.0000
11,policy,1,1348,2,0,0.0000
11,policy,1,1348,3,1,0.1389
11,policy,1,1348,4,2,0.1389
11,policy,1,1348,5,3,0.1100
11,policy,1,1348,6,4,0.1100
11,policy,1,1348,7,5,0.1100
11,policy,1,1348,8,6,0.1100
11,policy,1,4769,0,0,0.0000
11,policy,1,4769,1,0,0.0000
11,policy,1,4769,2,0,0.0000
11,policy,1,4769,3,1,0.0000
11,policy,1,4769,4,2,0.0000
11,policy,1,4769,5,3,0.0000
11,policy,1,4769,6,4,0.0000
11,policy,1,4769,7,4,0.0000
11,policy,1,4769,8,5,0.0000
11,policy,1,3915,0,0,0.1478
11,policy,1,3915,1,1,0.4383
11,policy,1,3915,2,2,0.4383
11,policy,1,3915,3,3,0.4449
11,policy,1,3915,4,4,0.5085
11,policy,1,3915,5,5,0.5779
11,policy,1,3915,6,6,0.5779
11,policy,1,3915,7,7,0.5068
11,policy,1,3915,8,8,0.5704
11,policy,1,3137,0,0,0.0000
11,policy,1,3137,1,1,0.0948
11,policy,1,3137,2,2,0.1100
11,policy,1,3137,3,3,0.2884
11,policy,1,3137,4,4,0.2884
11,policy,1,3137,5,5,0.2248
11,policy,1,3137,6,6,0.2208
11,policy,1,3137,7,7,0.2248
11,policy,1,3137,8,8,0.2180
11,policy,1,3056,0,0,0.0000
11,policy,1,3056,1,0,0.0000
11,policy,1,3056,2,0,0.0000
11,policy,1,3056,3,1,0.0000
11,policy,1,3056,4,2,0.0000
11,policy,1,3056,5,3,0.0000
11,policy,1,3056,6,4,0.0000
11,policy,1,3056,7,5,0.0000
11,policy,1,3056,8,6,0.0000
11,policy,1,3344,0,0,0.0948
11,policy,1,3344,1,1,0.1100
11,policy,1,3344,2,2,0.2900
11,policy,1,3344,3,3,0.3273
11,policy,1,3344,4,4,0.3273
11,policy,1,3344,5,5,0.3341
11,policy,1,3344,6,6,0.3341
11,policy,1,3344,7,7,0.3223
11,policy,1,3344,8,8,0.3183
11,policy,1,2009,0,0,0.1635
11,policy,1,2009,1,1,0.3052
11,policy,1,2009,2,2,0.1799
11,policy,1,2009,3,3,0.1100
11,policy,1,2009,4,4,0.1100
11,policy,1,2009,5,5,0.1737
11,policy,1,2009,6,6,0.1737
11,policy,1,2009,7,7,0.1100
11,policy,1,2009,8,8,0.1100
11,policy,1,2794,0,0,0.0000
11,policy,1,2794,1,1,0.2935
11,policy,1,2794,2,2,0.0784
11,policy,1,2794,3,3,0.0000
11,policy,1,2794,4,4,0.0000
11,policy,1,2794,5,4,0.0000
11,policy,1,2794,6,5,0.0000
11,policy,1,2794,7,6,0.0000
11,policy,1,2794,8,7,0.0000
11,policy,1,5653,0,0,0.1389
11,policy,1,5653,1,1,0.0000
11,policy,1,5653,2,2,0.0000
11,policy,1,5653,3,3,0.0000
11,policy,1,5653,4,4,0.0636
11,policy,1,5653,5,5,0.0000
11,policy,1,5653,6,6,0.0663
11,policy,1,5653,7,7,0.0663
11,policy,1,5653,8,8,0.0636
11,policy,1,5615,0,0,0.0000
11,policy,1,5615,1,1,0.0000
11,policy,1,5615,2,2,0.0000
11,policy,1,5615,3,3,0.0000
11,policy,1,5615,4,4,0.0000
11,policy,1,5615,5,5,0.0000
11,policy,1,5615,6,6,0.0000
11,policy,1,5615,7,7,0.0000
11,policy,1,5615,8,7,0.0000
11,policy,1,3884,0,0,0.1732
11,policy,1,3884,1,1,0.5513
11,policy,1,3884,2,2,0.5869
11,policy,1,3884,3,3,0.5965
11,policy,1,3884,4,4,0.5965
11,policy,1,3884,5,5,0.6754
11,policy,1,3884,6,6,0.6754
11,policy,1,3884,7,7,0.6060
11,policy,1,3884,8,8,0.6683
11,policy,1,399,0,0,0.0000
11,policy,1,399,1,0,0.0000
11,policy,1,399,2,0,0.0000
11,policy,1,399,3,1,0.0000
11,policy,1,399,4,2,0.0000
11,policy,1,399,5,3,0.0000
11,policy,1,399,6,4,0.0000
11,policy,1,399,7,5,0.0000
11,policy,1,399,8,6,0.0000
11,policy,1,4972,0,0,0.0851
11,policy,1,4972,1,1,0.4537
11,policy,1,4972,2,2,0.2876
11,policy,1,4972,3,3,0.2900
11,policy,1,4972,4,4,0.3120
11,policy,1,4972,5,5,0.3120
11,policy,1,4972,6,6,0.2999
11,policy,1,4972,7,7,0.3052
11,policy,1,4972,8,8,0.2895
11,policy,1,6,0,0,0.0000
11,policy,1,6,1,1,0.0875
11,policy,1,6,2,2,0.0955
11,policy,1,6,3,3,0.2179
11,policy,1,6,4,4,0.2179
11,policy,1,6,5,5,0.2087
11,policy,1,6,6,6,0.1989
11,policy,1,6,7,7,0.2125
11,policy,1,6,8,8,0.2179
11,policy,1,4963,0,0,0.2122
11,policy,1,4963,1,1,0.0000
11,policy,1,4963,2,2,0.3590
11,policy,1,4963,3,3,0.3301
11,policy,1,4963,4,4,0.3149
11,policy,1,4963,5,5,0.2935
11,policy,1,4963,6,6,0.2895
11,policy,1,4963,7,7,0.2837
11,policy,1,4963,8,8,0.6016
11,policy,1,666,0,0,0.0000
11,policy,1,666,1,1,0.0000
11,policy,1,666,2,2,0.0000
11,policy,1,666,3,3,0.0000
11,policy,1,666,4,4,0.0000
11,policy,1,666,5,5,0.0000
11,policy,1,666,6,6,0.0000
11,policy,1,666,7,7,0.0000
11,policy,1,666,8,8,0.0000
11,policy,1,2621,0,0,0.1175
11,policy,1,2621,1,0,0.1175
11,policy,1,2621,2,0,0.1175
11,policy,1,2621,3,1,0.0000
11,policy,1,2621,4,2,0.0000
11,policy,1,2621,5,3,0.0000
11,policy,1,2621,6,4,0.0000
11,policy,1,2621,7,5,0.0000
11,policy,1,2621,8,5,0.0000
11,policy,1,465,0,0,0.0663
11,policy,1,465,1,1,0.2141
11,policy,1,465,2,2,0.2221
11,policy,1,465,3,3,0.4847
11,policy,1,465,4,4,0.4780
11,policy,1,465,5,4,0.4780
11,policy,1,465,6,5,0.4944
11,policy,1,465,7,6,0.3972
11,policy,1,465,8,6,0.3972
11,policy,1,2226,0,0,0.0000
11,policy,1,2226,1,1,0.0948
11,policy,1,2226,2,2,0.0636
11,policy,1,2226,3,3,0.0000
11,policy,1,2226,4,4,0.0000
11,policy,1,2226,5,5,0.0000
11,policy,1,2226,6,6,0.0000
11,policy,1,2226,7,7,0.0000
11,policy,1,2226,8,8,0.0000
11,policy,1,1528,0,0,0.0000
11,policy,1,1528,1,0,0.0000
11,policy,1,1528,2,1,0.0761
11,policy,1,1528,3,2,0.0843
11,policy,1,1528,4,3,0.0979
11,policy,1,1528,5,4,0.0901
11,policy,1,1528,6,5,0.0979
11,policy,1,1528,7,6,0.0979
11,policy,1,1528,8,7,0.0979
11,policy,1,247,0,0,0.0000
11,policy,1,247,1,1,0.0000
11,policy,1,247,2,2,0.0000
11,policy,1,247,3,3,0.0000
11,policy,1,247,4,4,0.0000
11,policy,1,247,5,5,0.0000
11,policy,1,247,6,6,0.0000
11,policy,1,247,7,7,0.0000
11,policy,1,247,8,8,0.0000
11,policy,1,5648,0,0,0.0000
11,policy,1,5648,1,0,0.0000
11,policy,1,5648,2,0,0.0000
11,policy,1,5648,3,1,0.3301
11,policy,1,5648,4,2,0.3052
11,policy,1,5648,5,3,0.2240
11,policy,1,5648,6,4,0.2240
11,policy,1,5648,7,5,0.2240
11,policy,1,5648,8,6,0.2122
11,policy,1,3710,0,0,0.1100
11,policy,1,3710,1,0,0.1100
11,policy,1,3710,2,1,0.0784
11,policy,1,3710,3,2,0.0694
11,policy,1,3710,4,3,0.0000
11,policy,1,3710,5,4,0.0000
11,policy,1,3710,6,5,0.0000
11,policy,1,3710,7,6,0.0000
11,policy,1,3710,8,7,0.0000
11,policy,1,4163,0,0,0.0000
11,policy,1,4163,1,0,0.0000
11,policy,1,4163,2,0,0.0000
11,policy,1,4163,3,1,0.0000
11,policy,1,4163,4,2,0.0000
11,policy,1,4163,5,3,0.0000
11,policy,1,4163,6,4,0.0000
11,policy,1,4163,7,5,0.0000
11,policy,1,4163,8,5,0.0000
11,policy,1,4625,0,0,0.5200
11,policy,1,4625,1,1,0.0734
11,policy,1,4625,2,2,0.3964
11,policy,1,4625,3,3,0.6773
11,policy,1,4625,4,4,0.6898
11,policy,1,4625,5,5,0.5735
11,policy,1,4625,6,6,0.5735
11,policy,1,4625,7,7,0.6379
11,policy,1,4625,8,8,0.5716
11,policy,1,1121,0,0,0.0000
11,policy,1,1121,1,1,0.1518
11,policy,1,1121,2,2,0.0000
11,policy,1,1121,3,3,0.0000
11,policy,1,1121,4,4,0.0000
11,policy,1,1121,5,5,0.0000
11,policy,1,1121,6,6,0.0000
11,policy,1,1121,7,7,0.0000
11,policy,1,1121,8,8,0.0000
11,policy,1,4026,0,0,0.0000
11,policy,1,4026,1,0,0.0000
11,policy,1,4026,2,0,0.0000
11,policy,1,4026,3,1,0.0000
11,policy,1,4026,4,2,0.0000
11,policy,1,4026,5,3,0.0000
11,policy,1,4026,6,4,0.0000
11,policy,1,4026,7,5,0.0000
11,policy,1,4026,8,6,0.0708
11,policy,1,1685,0,0,0.0000
11,policy,1,1685,1,0,0.0000
11,policy,1,1685,2,0,0.0000
11,policy,1,1685,3,1,0.0000
11,policy,1,1685,4,2,0.0000
11,policy,1,1685,5,2,0.0000
11,policy,1,1685,6,3,0.0000
11,policy,1,1685,7,4,0.0000
11,policy,1,1685,8,4,0.0000
11,policy,1,248,0,0,0.0784
11,policy,1,248,1,1,0.2240
11,policy,1,248,2,2,0.2758
11,policy,1,248,3,3,0.1799
11,policy,1,248,4,4,0.1799
11,policy,1,248,5,5,0.1799
11,policy,1,248,6,6,0.1799
11,policy,1,248,7,7,0.1799
11,policy,1,248,8,8,0.1799
11,policy,1,1221,0,0,0.0000
11,policy,1,1221,1,0,0.0000
11,policy,1,1221,2,1,0.0000
11,policy,1,1221,3,1,0.0000
11,policy,1,1221,4,2,0.0000
11,policy,1,1221,5,3,0.0000
11,policy,1,1221,6,4,0.0000
11,policy,1,1221,7,5,0.0000
11,policy,1,1221,8,6,0.0000
11,policy,1,132,0,0,0.1389
11,policy,1,132,1,0,0.1389
11,policy,1,132,2,1,0.0734
11,policy,1,132,3,2,0.0000
11,policy,1,132,4,3,0.0694
11,policy,1,132,5,4,0.0694
11,policy,1,132,6,5,0.0663
11,policy,1,132,7,6,0.0663
11,policy,1,132,8,7,0.0000
11,policy,1,2718,0,0,0.0000
11,policy,1,2718,1,1,0.0694
11,policy,1,2718,2,1,0.0694
11,policy,1,2718,3,2,0.4499
11,policy,1,2718,4,3,0.4473
11,policy,1,2718,5,4,0.3836
11,policy,1,2718,6,5,0.3836
11,policy,1,2718,7,6,0.3024
11,policy,1,2718,8,6,0.3024
11,policy,1,507,0,0,0.0000
11,policy,1,507,1,1,0.0784
11,policy,1,507,2,2,0.0000
11,policy,1,507,3,3,0.0000
11,policy,1,507,4,4,0.0000
11,policy,1,507,5,5,0.0000
11,policy,1,507,6,6,0.0000
11,policy,1,507,7,7,0.0000
11,policy,1,507,8,8,0.0000
11,policy,1,4786,0,0,0.0000
11,policy,1,4786,1,0,0.0000
11,policy,1,4786,2,1,0.0000
11,policy,1,4786,3,2,0.0000
11,policy,1,4786,4,3,0.0000
11,policy,1,4786,5,4,0.0000
11,policy,1,4786,6,4,0.0000
11,policy,1,4786,7,5,0.0000
11,policy,1,4786,8,6,0.0000
11,policy,1,241,0,0,0.0948
11,policy,1,241,1,1,0.0000
11,policy,1,241,2,2,0.0000
11,policy,1,241,3,3,0.0000
11,policy,1,241,4,4,0.0000
11,policy,1,241,5,5,0.0000
11,policy,1,241,6,6,0.0000
11,policy,1,241,7,7,0.0000
11,policy,1,241,8,8,0.0000
11,policy,1,2456,0,0,0.1100
11,policy,1,2456,1,1,0.4920
11,policy,1,2456,2,2,0.6204
11,policy,1,2456,3,3,0.6325
11,policy,1,2456,4,4,0.6208
11,policy,1,2456,5,5,0.6208
11,policy,1,2456,6,6,0.6275
11,policy,1,2456,7,7,0.6055
11,policy,1,2456,8,8,0.5959
11,policy,1,3202,0,0,0.0000
11,policy,1,3202,1,1,0.0000
11,policy,1,3202,2,2,0.0000
11,policy,1,3202,3,3,0.0000
11,policy,1,3202,4,4,0.0636
11,policy,1,3202,5,5,0.0000
11,policy,1,3202,6,6,0.0663
11,policy,1,3202,7,7,0.0663
11,policy,1,3202,8,8,0.0000
11,policy,1,62,0,0,0.0000
11,policy,1,62,1,0,0.0000
11,policy,1,62,2,1,0.0000
11,policy,1,62,3,1,0.0000
11,policy,1,62,4,2,0.0000
11,policy,1,62,5,3,0.0000
11,policy,1,62,6,3,0.0000
11,policy,1,62,7,4,0.0000
11,policy,1,62,8,5,0.0000
11,policy,1,3811,0,0,0.0694
11,policy,1,3811,1,1,0.2579
11,policy,1,3811,2,2,0.0694
11,policy,1,3811,3,3,0.0663
11,policy,1,3811,4,4,0.0734
11,policy,1,3811,5,5,0.0734
11,policy,1,3811,6,6,0.0784
11,policy,1,3811,7,7,0.0851
11,policy,1,3811,8,8,0.0851
11,policy,1,4901,0,0,0.0663
11,policy,1,4901,1,1,0.0948
11,policy,1,4901,2,1,0.0948
11,policy,1,4901,3,2,0.2817
11,policy,1,4901,4,3,0.1795
11,policy,1,4901,5,4,0.2837
11,policy,1,4901,6,4,0.2837
11,policy,1,4901,7,5,0.2863
11,policy,1,4901,8,6,0.2201
11,policy,1,4689,0,0,0.0000
11,policy,1,4689,1,1,0.0000
11,policy,1,4689,2,2,0.0000
11,policy,1,4689,3,3,0.0000
11,policy,1,4689,4,4,0.0000
11,policy,1,4689,5,4,0.0000
11,policy,1,4689,6,5,0.0000
11,policy,1,4689,7,6,0.0000
11,policy,1,4689,8,7,0.0000
11,policy,1,2509,0,0,0.0663
11,policy,1,2509,1,0,0.0663
11,policy,1,2509,2,0,0.0663
11,policy,1,2509,3,1,0.0000
11,policy,1,2509,4,2,0.0000
11,policy,1,2509,5,2,0.0000
11,policy,1,2509,6,3,0.0000
11,policy,1,2509,7,4,0.0000
11,policy,1,2509,8,5,0.0000
11,policy,1,5274,0,0,0.0784
11,policy,1,5274,1,0,0.0784
11,policy,1,5274,2,0,0.0784
11,policy,1,5274,3,1,0.0663
11,policy,1,5274,4,2,0.0636
11,policy,1,5274,5,3,0.0636
11,policy,1,5274,6,4,0.0636
11,policy,1,5274,7,5,0.0636
11,policy,1,5274,8,5,0.0636
11,policy,1,5586,0,0,0.0663
11,policy,1,5586,1,1,0.0000
11,policy,1,5586,2,2,0.1100
11,policy,1,5586,3,3,0.0000
11,policy,1,5586,4,4,0.0000
11,policy,1,5586,5,5,0.0000
11,policy,1,5586,6,6,0.0000
11,policy,1,5586,7,7,0.0000
11,policy,1,5586,8,8,0.0000
11,policy,1,9,0,0,0.5965
11,policy,1,9,1,1,0.3223
11,policy,1,9,2,2,0.4983
11,policy,1,9,3,3,0.2835
11,policy,1,9,4,4,0.2344
11,policy,1,9,5,5,0.2727
11,policy,1,9,6,6,0.2305
11,policy,1,9,7,7,0.1389
11,policy,1,9,8,8,0.1100
11,policy,1,863,0,0,0.1389
11,policy,1,863,1,1,0.1389
11,policy,1,863,2,2,0.0851
11,policy,1,863,3,3,0.0636
11,policy,1,863,4,4,0.0694
11,policy,1,863,5,5,0.0784
11,policy,1,863,6,6,0.0734
11,policy,1,863,7,7,0.0851
11,policy,1,863,8,8,0.0000
11,policy,1,2370,0,0,0.0000
11,policy,1,2370,1,0,0.0000
11,policy,1,2370,2,0,0.0000
11,policy,1,2370,3,1,0.0784
11,policy,1,2370,4,2,0.1682
11,policy,1,2370,5,2,0.1682
11,policy,1,2370,6,3,0.1610
11,policy,1,2370,7,4,0.1642
11,policy,1,2370,8,5,0.0851
11,policy,1,3588,0,0,0.2212
11,policy,1,3588,1,1,0.1299
11,policy,1,3588,2,2,0.3967
11,policy,1,3588,3,3,0.5740
11,policy,1,3588,4,4,0.5740
11,policy,1,3588,5,5,0.5135
11,policy,1,3588,6,6,0.5068
11,policy,1,3588,7,7,0.5104
11,policy,1,3588,8,8,0.5077
11,policy,1,2915,0,0,0.0000
11,policy,1,2915,1,1,0.0000
11,policy,1,2915,2,2,0.3996
11,policy,1,2915,3,3,0.4252
11,policy,1,2915,4,4,0.4252
11,policy,1,2915,5,5,0.4252
11,policy,1,2915,6,6,0.4226
11,policy,1,2915,7,7,0.4226
11,policy,1,2915,8,8,0.4690
11,policy,1,4407,0,0,0.1447
11,policy,1,4407,1,1,0.6688
11,policy,1,4407,2,2,0.3012
11,policy,1,4407,3,3,0.2618
11,policy,1,4407,4,4,0.2974
11,policy,1,4407,5,5,0.3024
11,policy,1,4407,6,6,0.3188
11,policy,1,4407,7,7,0.3188
11,policy,1,4407,8,8,0.2874
11,policy,1,2416,0,0,0.0000
11,policy,1,2416,1,0,0.0000
11,policy,1,2416,2,0,0.0000
11,policy,1,2416,3,0,0.0000
11,policy,1,2416,4,1,0.0000
11,policy,1,2416,5,1,0.0000
11,policy,1,2416,6,1,0.0000
11,policy,1,2416,7,2,0.0916
11,policy,1,2416,8,2,0.0916
11,policy,1,5173,0,0,0.0000
11,policy,1,5173,1,0,0.0000
11,policy,1,5173,2,0,0.0000
11,policy,1,5173,3,0,0.0000
11,policy,1,5173,4,1,0.0708
11,policy,1,5173,5,1,0.0708
11,policy,1,5173,6,1,0.0708
11,policy,1,5173,7,2,0.0708
11,policy,1,5173,8,2,0.0708
11,policy,1,4915,0,0,0.0000
11,policy,1,4915,1,0,0.0000
11,policy,1,4915,2,1,0.0000
11,policy,1,4915,3,2,0.0000
11,policy,1,4915,4,3,0.0000
11,policy,1,4915,5,4,0.0000
11,policy,1,4915,6,5,0.0000
11,policy,1,4915,7,6,0.0000
11,policy,1,4915,8,7,0.0000
11,policy,1,4446,0,0,0.2646
11,policy,1,4446,1,1,0.2916
11,policy,1,4446,2,2,0.2980
11,policy,1,4446,3,3,0.2941
11,policy,1,4446,4,4,0.3012
11,policy,1,4446,5,5,0.3628
11,policy,1,4446,6,6,0.3628
11,policy,1,4446,7,7,0.3984
11,policy,1,4446,8,8,0.3815
11,policy,1,5549,0,0,0.2618
11,policy,1,5549,1,1,0.6579
11,policy,1,5549,2,2,0.5431
11,policy,1,5549,3,3,0.5405
11,policy,1,5549,4,4,0.5220
11,policy,1,5549,5,5,0.5278
11,policy,1,5549,6,6,0.5302
11,policy,1,5549,7,7,0.5112
11,policy,1,5549,8,8,0.5112
11,policy,1,2431,0,0,0.0000
11,policy,1,2431,1,0,0.0000
11,policy,1,2431,2,0,0.0000
11,policy,1,2431,3,1,0.0000
11,policy,1,2431,4,2,0.0000
11,policy,1,2431,5,3,0.0000
11,policy,1,2431,6,4,0.0000
11,policy,1,2431,7,5,0.0000
11,policy,1,2431,8,6,0.0000
11,policy,1,4918,0,0,0.0000
11,policy,1,4918,1,0,0.0000
11,policy,1,4918,2,0,0.0000
11,policy,1,4918,3,1,0.0000
11,policy,1,4918,4,2,0.0000
11,policy,1,4918,5,2,0.0000
11,policy,1,4918,6,3,0.0000
11,policy,1,4918,7,4,0.0000
11,policy,1,4918,8,5,0.0000
11,policy,1,3343,0,0,0.0000
11,policy,1,3343,1,1,0.2201
11,policy,1,3343,2,2,0.1389
11,policy,1,3343,3,3,0.0734
11,policy,1,3343,4,4,0.0948
11,policy,1,3343,5,5,0.1100
11,policy,1,3343,6,6,0.0948
11,policy,1,3343,7,7,0.1100
11,policy,1,3343,8,7,0.1100
11,policy,1,3736,0,0,0.0784
11,policy,1,3736,1,1,0.0000
11,policy,1,3736,2,2,0.2248
11,policy,1,3736,3,3,0.3070
11,policy,1,3736,4,4,0.3031
11,policy,1,3736,5,5,0.2646
11,policy,1,3736,6,6,0.2686
11,policy,1,3736,7,7,0.3031
11,policy,1,3736,8,8,0.3031
11,policy,1,2110,0,0,0.0000
11,policy,1,2110,1,0,0.0000
11,policy,1,2110,2,0,0.0000
11,policy,1,2110,3,0,0.0000
11,policy,1,2110,4,1,0.0000
11,policy,1,2110,5,1,0.0000
11,policy,1,2110,6,1,0.0000
11,policy,1,2110,7,2,0.0000
11,policy,1,2110,8,2,0.0000
11,policy,1,3782,0,0,0.0000
11,policy,1,3782,1,0,0.0000
11,policy,1,3782,2,0,0.0000
11,policy,1,3782,3,1,0.0000
11,policy,1,3782,4,1,0.0000
11,policy,1,3782,5,1,0.0000
11,policy,1,3782,6,2,0.0000
11,policy,1,3782,7,3,0.0000
11,policy,1,3782,8,3,0.0000
11,policy,1,5362,0,0,0.0000
11,policy,1,5362,1,0,0.0000
11,policy,1,5362,2,1,0.1331
11,policy,1,5362,3,2,0.1478
11,policy,1,5362,4,3,0.1732
11,policy,1,5362,5,4,0.1635
11,policy,1,5362,6,5,0.1732
11,policy,1,5362,7,6,0.1732
11,policy,1,5362,8,7,0.1682
11,policy,1,4839,0,0,0.0636
11,policy,1,4839,1,1,0.2201
11,policy,1,4839,2,2,0.0000
11,policy,1,4839,3,3,0.1100
11,policy,1,4839,4,4,0.0663
11,policy,1,4839,5,5,0.0636
11,policy,1,4839,6,6,0.0000
11,policy,1,4839,7,7,0.0000
11,policy,1,4839,8,7,0.0000
11,policy,1,5739,0,0,0.0000
11,policy,1,5739,1,0,0.0000
11,policy,1,5739,2,1,0.0000
11,policy,1,5739,3,2,0.0000
11,policy,1,5739,4,3,0.0000
11,policy,1,5739,5,4,0.0000
11,policy,1,5739,6,5,0.0000
11,policy,1,5739,7,6,0.0000
11,policy,1,5739,8,7,0.0000
11,policy,1,4541,0,0,0.0000
11,policy,1,4541,1,1,0.0000
11,policy,1,4541,2,1,0.0000
11,policy,1,4541,3,2,0.0000
11,policy,1,4541,4,3,0.0000
11,policy,1,4541,5,3,0.0000
11,policy,1,4541,6,4,0.0000
11,policy,1,4541,7,5,0.0000
11,policy,1,4541,8,5,0.0000
11,policy,1,5964,0,0,0.0000
11,policy,1,5964,1,0,0.0000
11,policy,1,5964,2,0,0.0000
11,policy,1,5964,3,1,0.0875
11,policy,1,5964,4,2,0.0000
11,policy,1,5964,5,2,0.0000
11,policy,1,5964,6,2,0.0000
11,policy,1,5964,7,2,0.0000
11,policy,1,5964,8,3,0.0000
11,policy,1,2130,0,0,0.0694
11,policy,1,2130,1,1,0.2934
11,policy,1,2130,2,2,0.2201
11,policy,1,2130,3,3,0.2201
11,policy,1,2130,4,4,0.2201
11,policy,1,2130,5,5,0.2201
11,policy,1,2130,6,6,0.2201
11,policy,1,2130,7,7,0.2201
11,policy,1,2130,8,8,0.2201
11,policy,1,5494,0,0,0.1596
11,policy,1,5494,1,0,0.1596
11,policy,1,5494,2,0,0.1596
11,policy,1,5494,3,1,0.0761
11,policy,1,5494,4,2,0.0731
11,policy,1,5494,5,3,0.0798
11,policy,1,5494,6,4,0.0901
11,policy,1,5494,7,4,0.0901
11,policy,1,5494,8,5,0.0979
11,policy,1,1586,0,0,0.3558
11,policy,1,1586,1,1,0.2173
11,policy,1,1586,2,2,0.1546
11,policy,1,1586,3,3,0.1396
11,policy,1,1586,4,4,0.1447
11,policy,1,1586,5,5,0.1546
11,policy,1,1586,6,6,0.1635
11,policy,1,1586,7,7,0.1635
11,policy,1,1586,8,8,0.0948
11,policy,1,650,0,0,0.1299
11,policy,1,650,1,1,0.6300
11,policy,1,650,2,2,0.6332
11,policy,1,650,3,3,0.6489
11,policy,1,650,4,4,0.7084
11,policy,1,650,5,5,0.7084
11,policy,1,650,6,6,0.6969
11,policy,1,650,7,7,0.6529
11,policy,1,650,8,8,0.5552
11,policy,1,2011,0,0,0.0000
11,policy,1,2011,1,1,0.0000
11,policy,1,2011,2,2,0.0636
11,policy,1,2011,3,3,0.0734
11,policy,1,2011,4,4,0.0734
11,policy,1,2011,5,5,0.1331
11,policy,1,2011,6,6,0.1357
11,policy,1,2011,7,7,0.1331
11,policy,1,2011,8,8,0.1370
11,policy,1,6007,0,0,0.0000
11,policy,1,6007,1,0,0.0000
11,policy,1,6007,2,0,0.0000
11,policy,1,6007,3,1,0.3904
11,policy,1,6007,4,2,0.3904
11,policy,1,6007,5,3,0.2463
11,policy,1,6007,6,4,0.2463
11,policy,1,6007,7,5,0.2463
11,policy,1,6007,8,5,0.2463
11,policy,1,5044,0,0,0.0000
11,policy,1,5044,1,0,0.0000
11,policy,1,5044,2,0,0.0000
11,policy,1,5044,3,0,0.0000
11,policy,1,5044,4,1,0.0000
11,policy,1,5044,5,1,0.0000
11,policy,1,5044,6,1,0.0000
11,policy,1,5044,7,2,0.0000
11,policy,1,5044,8,2,0.0000
11,policy,1,2227,0,0,0.0000
11,policy,1,2227,1,0,0.0000
11,policy,1,2227,2,0,0.0000
11,policy,1,2227,3,1,0.1546
11,policy,1,2227,4,2,0.0851
11,policy,1,2227,5,3,0.0851
11,policy,1,2227,6,4,0.0851
11,policy,1,2227,7,5,0.0851
11,policy,1,2227,8,6,0.0851
11,policy,1,2595,0,0,0.0000
11,policy,1,2595,1,0,0.0000
11,policy,1,2595,2,0,0.0000
11,policy,1,2595,3,0,0.0000
11,policy,1,2595,4,1,0.0000
11,policy,1,2595,5,1,0.0000
11,policy,1,2595,6,2,0.0000
11,policy,1,2595,7,3,0.0000
11,policy,1,2595,8,4,0.0000
11,policy,1,2426,0,0,0.2051
11,policy,1,2426,1,1,0.1518
11,policy,1,2426,2,1,0.1518
11,policy,1,2426,3,2,0.0000
11,policy,1,2426,4,3,0.0000
11,policy,1,2426,5,3,0.0000
11,policy,1,2426,6,4,0.0000
11,policy,1,2426,7,5,0.0000
11,policy,1,2426,8,5,0.0000
11,policy,1,3355,0,0,0.2489
11,policy,1,3355,1,1,0.3379
11,policy,1,3355,2,2,0.3183
11,policy,1,3355,3,3,0.3846
11,policy,1,3355,4,4,0.3788
11,policy,1,3355,5,5,0.4632
11,policy,1,3355,6,6,0.4035
11,policy,1,3355,7,7,0.3933
11,policy,1,3355,8,8,0.3188
11,policy,1,5088,0,0,0.0000
11,policy,1,5088,1,0,0.0000
11,policy,1,5088,2,0,0.0000
11,policy,1,5088,3,1,0.1208
11,policy,1,5088,4,1,0.1208
11,policy,1,5088,5,1,0.1208
11,policy,1,5088,6,2,0.1696
11,policy,1,5088,7,3,0.1131
11,policy,1,5088,8,3,0.1131
11,policy,1,4268,0,0,0.0000
11,policy,1,4268,1,1,0.0851
11,policy,1,4268,2,2,0.0948
11,policy,1,4268,3,3,0.1100
11,policy,1,4268,4,4,0.1100
11,policy,1,4268,5,5,0.1389
11,policy,1,4268,6,5,0.1389
11,policy,1,4268,7,6,0.1389
11,policy,1,4268,8,7,0.1389
11,policy,1,526,0,0,0.0000
11,policy,1,526,1,1,0.0000
11,policy,1,526,2,1,0.0000
11,policy,1,526,3,2,0.0000
11,policy,1,526,4,2,0.0000
11,policy,1,526,5,2,0.0000
11,policy,1,526,6,2,0.0000
11,policy,1,526,7,2,0.0000
11,policy,1,526,8,3,0.0000
11,policy,1,2291,0,0,0.0000
11,policy,1,2291,1,0,0.0000
11,policy,1,2291,2,0,0.0000
11,policy,1,2291,3,1,0.0000
11,policy,1,2291,4,2,0.0000
11,policy,1,2291,5,2,0.0000
11,policy,1,2291,6,3,0.0000
11,policy,1,2291,7,4,0.0000
11,policy,1,2291,8,4,0.0000
11,policy,1,5980,0,0,0.0000
11,policy,1,5980,1,1,0.0000
11,policy,1,5980,2,2,0.0000
11,policy,1,5980,3,3,0.0000
11,policy,1,5980,4,4,0.0000
11,policy,1,5980,5,5,0.0000
11,policy,1,5980,6,6,0.0000
11,policy,1,5980,7,7,0.0000
11,policy,1,5980,8,8,0.0000
11,policy,1,1692,0,0,0.2083
11,policy,1,1692,1,1,0.5959
11,policy,1,1692,2,2,0.0636
11,policy,1,1692,3,3,0.1100
11,policy,1,1692,4,4,0.1389
11,policy,1,1692,5,5,0.1389
11,policy,1,1692,6,6,0.1389
11,policy,1,1692,7,7,0.2201
11,policy,1,1692,8,8,0.2201
11,policy,1,4601,0,0,0.1389
11,policy,1,4601,1,1,0.0000
11,policy,1,4601,2,1,0.0000
11,policy,1,4601,3,2,0.2025
11,policy,1,4601,4,3,0.1737
11,policy,1,4601,5,4,0.1737
11,policy,1,4601,6,5,0.2025
11,policy,1,4601,7,6,0.1737
11,policy,1,4601,8,6,0.1737
11,policy,1,5264,0,0,0.1389
11,policy,1,5264,1,1,0.0000
11,policy,1,5264,2,1,0.0000
11,policy,1,5264,3,2,0.2154
11,policy,1,5264,4,3,0.2115
11,policy,1,5264,5,4,0.2115
11,policy,1,5264,6,5,0.2083
11,policy,1,5264,7,6,0.2083
11,policy,1,5264,8,7,0.4847
11,policy,1,1534,0,0,0.0000
11,policy,1,1534,1,1,0.0000
11,policy,1,1534,2,1,0.0000
11,policy,1,1534,3,2,0.1063
11,policy,1,1534,4,2,0.1063
11,policy,1,1534,5,2,0.1063
11,policy,1,1534,6,2,0.1063
11,policy,1,1534,7,2,0.1063
11,policy,1,1534,8,3,0.1063
11,policy,1,233,0,0,0.0000
11,policy,1,233,1,0,0.0000
11,policy,1,233,2,0,0.0000
11,policy,1,233,3,1,0.0000
11,policy,1,233,4,2,0.0000
11,policy,1,233,5,2,0.0000
11,policy,1,233,6,3,0.0000
11,policy,1,233,7,4,0.0000
11,policy,1,233,8,5,0.0000
11,policy,1,2988,0,0,0.0851
11,policy,1,2988,1,0,0.0851
11,policy,1,2988,2,1,0.0734
11,policy,1,2988,3,2,0.0734
11,policy,1,2988,4,3,0.0734
11,policy,1,2988,5,4,0.0734
11,policy,1,2988,6,5,0.0734
11,policy,1,2988,7,6,0.0000
11,policy,1,2988,8,7,0.0000
11,policy,1,5717,0,0,0.3120
11,policy,1,5717,1,1,0.0000
11,policy,1,5717,2,2,0.3125
11,policy,1,5717,3,3,0.3052
11,policy,1,5717,4,4,0.2122
11,policy,1,5717,5,5,0.2687
11,policy,1,5717,6,6,0.2240
11,policy,1,5717,7,7,0.2240
11,policy,1,5717,8,8,0.2240
11,policy,1,2730,0,0,0.1737
11,policy,1,2730,1,1,0.4819
11,policy,1,2730,2,2,0.4819
11,policy,1,2730,3,3,0.4819
11,policy,1,2730,4,4,0.4787
11,policy,1,2730,5,5,0.4035
11,policy,1,2730,6,6,0.3977
11,policy,1,2730,7,7,0.3815
11,policy,1,2730,8,8,0.3160
11,policy,1,5011,0,0,0.0000
11,policy,1,5011,1,0,0.0000
11,policy,1,5011,2,0,0.0000
11,policy,1,5011,3,0,0.0000
11,policy,1,5011,4,1,0.0000
11,policy,1,5011,5,1,0.0000
11,policy,1,5011,6,2,0.0000
11,policy,1,5011,7,3,0.0000
11,policy,1,5011,8,4,0.0000
11,policy,1,3894,0,0,0.0734
11,policy,1,3894,1,0,0.0734
11,policy,1,3894,2,1,0.0784
11,policy,1,3894,3,2,0.0663
11,policy,1,3894,4,3,0.1100
11,policy,1,3894,5,4,0.1389
11,policy,1,3894,6,5,0.1389
11,policy,1,3894,7,6,0.1389
11,policy,1,3894,8,7,0.2201
11,policy,1,4366,0,0,0.0000
11,policy,1,4366,1,1,0.0000
11,policy,1,4366,2,2,0.0000
11,policy,1,4366,3,3,0.0000
11,policy,1,4366,4,4,0.0000
11,policy,1,4366,5,5,0.0000
11,policy,1,4366,6,6,0.0000
11,policy,1,4366,7,7,0.0000
11,policy,1,4366,8,8,0.0000
11,policy,1,1636,0,0,0.0000
11,policy,1,1636,1,0,0.0000
11,policy,1,1636,2,0,0.0000
11,policy,1,1636,3,1,0.0000
11,policy,1,1636,4,2,0.0000
11,policy,1,1636,5,3,0.0000
11,policy,1,1636,6,4,0.0000
11,policy,1,1636,7,5,0.0000
11,policy,1,1636,8,6,0.0000
11,policy,1,5047,0,0,0.0851
11,policy,1,5047,1,0,0.0851
11,policy,1,5047,2,0,0.0851
11,policy,1,5047,3,1,0.0636
11,policy,1,5047,4,1,0.0636
11,policy,1,5047,5,2,0.0851
11,policy,1,5047,6,3,0.0851
11,policy,1,5047,7,4,0.0694
11,policy,1,5047,8,5,0.0000
11,policy,1,1527,0,0,0.0000
11,policy,1,1527,1,1,0.0000
11,policy,1,1527,2,2,0.0000
11,policy,1,1527,3,3,0.0000
11,policy,1,1527,4,4,0.0000
11,policy,1,1527,5,5,0.0000
11,policy,1,1527,6,6,0.0000
11,policy,1,1527,7,7,0.0000
11,policy,1,1527,8,7,0.0000
11,policy,1,5390,0,0,0.0000
11,policy,1,5390,1,0,0.0000
11,policy,1,5390,2,0,0.0000
11,policy,1,5390,3,0,0.0000
11,policy,1,5390,4,1,0.0000
11,policy,1,5390,5,2,0.0000
11,policy,1,5390,6,2,0.0000
11,policy,1,5390,7,2,0.0000
11,policy,1,5390,8,3,0.0000
11,policy,1,1111,0,0,0.5135
11,policy,1,1111,1,1,0.3301
11,policy,1,1111,2,2,0.4420
11,policy,1,1111,3,3,0.4124
11,policy,1,1111,4,4,0.4784
11,policy,1,1111,5,5,0.5225
11,policy,1,1111,6,6,0.5225
11,policy,1,1111,7,7,0.5225
11,policy,1,1111,8,8,0.4819
11,policy,1,3741,0,0,0.0000
11,policy,1,3741,1,1,0.1100
11,policy,1,3741,2,2,0.1100
11,policy,1,3741,3,3,0.0784
11,policy,1,3741,4,4,0.0784
11,policy,1,3741,5,5,0.0851
11,policy,1,3741,6,6,0.0851
11,policy,1,3741,7,7,0.0784
11,policy,1,3741,8,8,0.0694
11,policy,1,2778,0,0,0.0000
11,policy,1,2778,1,1,0.0663
11,policy,1,2778,2,2,0.0636
11,policy,1,2778,3,3,0.2687
11,policy,1,2778,4,4,0.1763
11,policy,1,2778,5,5,0.1795
11,policy,1,2778,6,6,0.1834
11,policy,1,2778,7,7,0.1682
11,policy,1,2778,8,8,0.0694
11,policy,1,483,0,0,0.0000
11,policy,1,483,1,0,0.0000
11,policy,1,483,2,0,0.0000
11,policy,1,483,3,1,0.0000
11,policy,1,483,4,2,0.0000
11,policy,1,483,5,2,0.0000
11,policy,1,483,6,2,0.0000
11,policy,1,483,7,2,0.0000
11,policy,1,483,8,3,0.0000
11,policy,1,706,0,0,0.1483
11,policy,1,706,1,0,0.1483
11,policy,1,706,2,1,0.0000
11,policy,1,706,3,2,0.0000
11,policy,1,706,4,3,0.0000
11,policy,1,706,5,4,0.0000
11,policy,1,706,6,5,0.0000
11,policy,1,706,7,6,0.0000
11,policy,1,706,8,7,0.0000
11,policy,1,1938,0,0,0.1420
11,policy,1,1938,1,1,0.2614
11,policy,1,1938,2,2,0.3156
11,policy,1,1938,3,3,0.2431
11,policy,1,1938,4,4,0.2279
11,policy,1,1938,5,5,0.2279
11,policy,1,1938,6,6,0.2180
11,policy,1,1938,7,7,0.1732
11,policy,1,1938,8,8,0.4194
11,policy,1,2064,0,0,0.0000
11,policy,1,2064,1,0,0.0000
11,policy,1,2064,2,0,0.0000
11,policy,1,2064,3,1,0.0000
11,policy,1,2064,4,2,0.0000
11,policy,1,2064,5,3,0.0000
11,policy,1,2064,6,4,0.0000
11,policy,1,2064,7,5,0.0000
11,policy,1,2064,8,6,0.0000
11,policy,1,5812,0,0,0.0000
11,policy,1,5812,1,0,0.0000
11,policy,1,5812,2,1,0.3052
11,policy,1,5812,3,2,0.3149
11,policy,1,5812,4,3,0.3301
11,policy,1,5812,5,4,0.3149
11,policy,1,5812,6,5,0.3301
11,policy,1,5812,7,6,0.3301
11,policy,1,5812,8,7,0.3301
11,policy,1,5552,0,0,0.0000
11,policy,1,5552,1,1,0.1732
11,policy,1,5552,2,2,0.1884
11,policy,1,5552,3,3,0.1732
11,policy,1,5552,4,4,0.1732
11,policy,1,5552,5,5,0.1732
11,policy,1,5552,6,6,0.1642
11,policy,1,5552,7,7,0.0851
11,policy,1,5552,8,8,0.0734
11,policy,1,2389,0,0,0.0000
11,policy,1,2389,1,0,0.0000
11,policy,1,2389,2,0,0.0000
11,policy,1,2389,3,1,0.0000
11,policy,1,2389,4,2,0.0000
11,policy,1,2389,5,2,0.0000
11,policy,1,2389,6,3,0.0000
11,policy,1,2389,7,4,0.0000
11,policy,1,2389,8,5,0.0000
11,policy,1,704,0,0,0.0000
11,policy,1,704,1,0,0.0000
11,policy,1,704,2,1,0.0000
11,policy,1,704,3,2,0.0000
11,policy,1,704,4,3,0.0000
11,policy,1,704,5,4,0.0000
11,policy,1,704,6,5,0.0000
11,policy,1,704,7,6,0.0000
11,policy,1,704,8,7,0.0000
11,policy,1,110,0,0,0.3149
11,policy,1,110,1,0,0.3149
11,policy,1,110,2,0,0.3149
11,policy,1,110,3,1,0.0000
11,policy,1,110,4,2,0.0000
11,policy,1,110,5,3,0.0000
11,policy,1,110,6,4,0.0000
11,policy,1,110,7,5,0.0000
11,policy,1,110,8,5,0.0000
11,policy,1,113,0,0,0.0000
11,policy,1,113,1,0,0.0000
11,policy,1,113,2,0,0.0000
11,policy,1,113,3,1,0.0000
11,policy,1,113,4,1,0.0000
11,policy,1,113,5,2,0.0636
11,policy,1,113,6,3,0.0851
11,policy,1,113,7,3,0.0851
11,policy,1,113,8,3,0.0851
11,policy,1,2754,0,0,0.0000
11,policy,1,2754,1,0,0.0000
11,policy,1,2754,2,0,0.0000
11,policy,1,2754,3,1,0.0000
11,policy,1,2754,4,1,0.0000
11,policy,1,2754,5,2,0.0000
11,policy,1,2754,6,3,0.0000
11,policy,1,2754,7,4,0.0000
11,policy,1,2754,8,4,0.0000
11,policy,1,1153,0,0,0.0000
11,policy,1,1153,1,0,0.0000
11,policy,1,1153,2,1,0.0000
11,policy,1,1153,3,1,0.0000
11,policy,1,1153,4,2,0.0000
11,policy,1,1153,5,2,0.0000
11,policy,1,1153,6,2,0.0000
11,policy,1,1153,7,2,0.0000
11,policy,1,1153,8,3,0.0000
11,policy,1,1196,0,0,0.0000
11,policy,1,1196,1,0,0.0000
11,policy,1,1196,2,0,0.0000
11,policy,1,1196,3,1,0.0000
11,policy,1,1196,4,1,0.0000
11,policy,1,1196,5,1,0.0000
11,policy,1,1196,6,2,0.0000
11,policy,1,1196,7,3,0.0000
11,policy,1,1196,8,3,0.0000
11,policy,1,5229,0,0,0.0784
11,policy,1,5229,1,1,0.0851
11,policy,1,5229,2,2,0.2337
11,policy,1,5229,3,3,0.4441
11,policy,1,5229,4,4,0.4441
11,policy,1,5229,5,5,0.4085
11,policy,1,5229,6,6,0.4748
11,policy,1,5229,7,7,0.5036
11,policy,1,5229,8,8,0.5104
11,policy,1,5984,0,0,0.0000
11,policy,1,5984,1,0,0.0000
11,policy,1,5984,2,0,0.0000
11,policy,1,5984,3,1,0.0000
11,policy,1,5984,4,2,0.0000
11,policy,1,5984,5,3,0.0000
11,policy,1,5984,6,4,0.0000
11,policy,1,5984,7,5,0.0000
11,policy,1,5984,8,5,0.0000
11,policy,1,1282,0,0,0.0000
11,policy,1,1282,1,0,0.0000
11,policy,1,1282,2,0,0.0000
11,policy,1,1282,3,1,0.0000
11,policy,1,1282,4,2,0.0000
11,policy,1,1282,5,2,0.0000
11,policy,1,1282,6,3,0.0000
11,policy,1,1282,7,4,0.0000
11,policy,1,1282,8,5,0.0000
11,policy,1,3945,0,0,0.1331
11,policy,1,3945,1,1,0.0948
11,policy,1,3945,2,2,0.2201
11,policy,1,3945,3,3,0.3715
11,policy,1,3945,4,4,0.3882
11,policy,1,3945,5,5,0.4000
11,policy,1,3945,6,6,0.4959
11,policy,1,3945,7,7,0.4959
11,policy,1,3945,8,8,0.4959
11,policy,1,3853,0,0,0.0000
11,policy,1,3853,1,1,0.0000
11,policy,1,3853,2,2,0.0000
11,policy,1,3853,3,3,0.0000
11,policy,1,3853,4,4,0.0000
11,policy,1,3853,5,5,0.0000
11,policy,1,3853,6,6,0.0663
11,policy,1,3853,7,7,0.0694
11,policy,1,3853,8,8,0.0694
11,policy,1,3762,0,0,0.0734
11,policy,1,3762,1,0,0.0734
11,policy,1,3762,2,1,0.2083
11,policy,1,3762,3,2,0.2687
11,policy,1,3762,4,3,0.1642
11,policy,1,3762,5,4,0.2025
11,policy,1,3762,6,5,0.1389
11,policy,1,3762,7,6,0.2025
11,policy,1,3762,8,7,0.2051
11,policy,1,2173,0,0,0.0784
11,policy,1,2173,1,1,0.0000
11,policy,1,2173,2,2,0.0694
11,policy,1,2173,3,3,0.0000
11,policy,1,2173,4,4,0.0636
11,policy,1,2173,5,5,0.0663
11,policy,1,2173,6,6,0.0734
11,policy,1,2173,7,7,0.0948
11,policy,1,2173,8,8,0.0948
11,policy,1,5749,0,0,0.0000
11,policy,1,5749,1,1,0.0000
11,policy,1,5749,2,1,0.0000
11,policy,1,5749,3,2,0.0784
11,policy,1,5749,4,3,0.0734
11,policy,1,5749,5,4,0.0734
11,policy,1,5749,6,5,0.0784
11,policy,1,5749,7,6,0.0734
11,policy,1,5749,8,6,0.0734
11,policy,1,3083,0,0,0.0000
11,policy,1,3083,1,1,0.0000
11,policy,1,3083,2,2,0.0000
11,policy,1,3083,3,3,0.0000
11,policy,1,3083,4,4,0.0000
11,policy,1,3083,5,4,0.0000
11,policy,1,3083,6,5,0.0000
11,policy,1,3083,7,6,0.0000
11,policy,1,3083,8,6,0.0000
11,policy,1,563,0,0,0.0694
11,policy,1,563,1,1,0.0948
11,policy,1,563,2,2,0.0000
11,policy,1,563,3,3,0.0000
11,policy,1,563,4,4,0.0000
11,policy,1,563,5,5,0.0000
11,policy,1,563,6,6,0.0000
11,policy,1,563,7,7,0.0000
11,policy,1,563,8,7,0.0000
11,policy,1,2791,0,0,0.0000
11,policy,1,2791,1,1,0.0000
11,policy,1,2791,2,2,0.1488
11,policy,1,2791,3,3,0.1732
11,policy,1,2791,4,4,0.2368
11,policy,1,2791,5,5,0.1635
11,policy,1,2791,6,6,0.1546
11,policy,1,2791,7,7,0.2344
11,policy,1,2791,8,8,0.2394
11,policy,1,1840,0,0,0.1389
11,policy,1,1840,1,0,0.1389
11,policy,1,1840,2,1,0.0000
11,policy,1,1840,3,2,0.0000
11,policy,1,1840,4,3,0.0000
11,policy,1,1840,5,4,0.0000
11,policy,1,1840,6,5,0.0000
11,policy,1,1840,7,6,0.0000
11,policy,1,1840,8,7,0.0000
11,policy,1,3750,0,0,0.0784
11,policy,1,3750,1,1,0.3629
11,policy,1,3750,2,2,0.0636
11,policy,1,3750,3,3,0.0948
11,policy,1,3750,4,4,0.1389
11,policy,1,3750,5,5,0.1389
11,policy,1,3750,6,6,0.1389
11,policy,1,3750,7,7,0.2201
11,policy,1,3750,8,8,0.2863
11,policy,1,1204,0,0,0.2201
11,policy,1,1204,1,0,0.2201
11,policy,1,1204,2,0,0.2201
11,policy,1,1204,3,1,0.0000
11,policy,1,1204,4,1,0.0000
11,policy,1,1204,5,2,0.2837
11,policy,1,1204,6,3,0.2985
11,policy,1,1204,7,4,0.3149
11,policy,1,1204,8,5,0.3052
11,policy,1,51,0,0,0.0734
11,policy,1,51,1,0,0.0734
11,policy,1,51,2,1,0.1834
11,policy,1,51,3,2,0.2394
11,policy,1,51,4,3,0.2436
11,policy,1,51,5,4,0.2494
11,policy,1,51,6,5,0.2494
11,policy,1,51,7,6,0.2494
11,policy,1,51,8,7,0.2462
11,policy,1,3728,0,0,0.1428
11,policy,1,3728,1,1,0.2201
11,policy,1,3728,2,2,0.3718
11,policy,1,3728,3,3,0.3246
11,policy,1,3728,4,4,0.3317
11,policy,1,3728,5,5,0.3953
11,policy,1,3728,6,6,0.3278
11,policy,1,3728,7,7,0.3317
11,policy,1,3728,8,8,0.3317
11,policy,1,1159,0,0,0.0000
11,policy,1,1159,1,0,0.0000
11,policy,1,1159,2,1,0.0000
11,policy,1,1159,3,2,0.0000
11,policy,1,1159,4,3,0.0000
11,policy,1,1159,5,4,0.0000
11,policy,1,1159,6,4,0.0000
11,policy,1,1159,7,5,0.0000
11,policy,1,1159,8,6,0.0000
11,policy,1,492,0,0,0.1682
11,policy,1,492,1,1,0.0000
11,policy,1,492,2,2,0.2376
11,policy,1,492,3,3,0.2344
11,policy,1,492,4,4,0.1884
11,policy,1,492,5,5,0.2048
11,policy,1,492,6,6,0.1799
11,policy,1,492,7,7,0.1799
11,policy,1,492,8,8,0.1642
11,policy,1,5657,0,0,0.0000
11,policy,1,5657,1,1,0.1357
11,policy,1,5657,2,2,0.2201
11,policy,1,5657,3,3,0.2201
11,policy,1,5657,4,4,0.2201
11,policy,1,5657,5,5,0.2201
11,policy,1,5657,6,6,0.2201
11,policy,1,5657,7,7,0.2201
11,policy,1,5657,8,8,0.2201
11,policy,1,4907,0,0,0.0000
11,policy,1,4907,1,1,0.1952
11,policy,1,4907,2,2,0.0948
11,policy,1,4907,3,3,0.1100
11,policy,1,4907,4,4,0.0851
11,policy,1,4907,5,5,0.0851
11,policy,1,4907,6,6,0.0784
11,policy,1,4907,7,7,0.0784
11,policy,1,4907,8,8,0.0784
11,policy,1,2276,0,0,0.6714
11,policy,1,2276,1,0,0.6714
11,policy,1,2276,2,0,0.6714
11,policy,1,2276,3,1,0.0000
11,policy,1,2276,4,2,0.0000
11,policy,1,2276,5,2,0.0000
11,policy,1,2276,6,2,0.0000
11,policy,1,2276,7,2,0.0000
11,policy,1,2276,8,2,0.0000
11,policy,1,4534,0,0,0.1737
11,policy,1,4534,1,1,0.3977
11,policy,1,4534,2,2,0.5056
11,policy,1,4534,3,3,0.3317
11,policy,1,4534,4,4,0.3317
11,policy,1,4534,5,5,0.3470
11,policy,1,4534,6,6,0.3470
11,policy,1,4534,7,7,0.3317
11,policy,1,4534,8,8,0.3317
11,policy,1,2798,0,0,0.0000
11,policy,1,2798,1,0,0.0000
11,policy,1,2798,2,0,0.0000
11,policy,1,2798,3,1,0.0000
11,policy,1,2798,4,2,0.0000
11,policy,1,2798,5,2,0.0000
11,policy,1,2798,6,2,0.0000
11,policy,1,2798,7,2,0.0000
11,policy,1,2798,8,3,0.0000
11,policy,1,276,0,0,0.3066
11,policy,1,276,1,0,0.3066
11,policy,1,276,2,1,0.0000
11,policy,1,276,3,2,0.0000
11,policy,1,276,4,3,0.0000
11,policy,1,276,5,4,0.0000
11,policy,1,276,6,4,0.0000
11,policy,1,276,7,5,0.0000
11,policy,1,276,8,6,0.0000
11,policy,1,546,0,0,0.0734
11,policy,1,546,1,0,0.0734
11,policy,1,546,2,0,0.0734
11,policy,1,546,3,1,0.0948
11,policy,1,546,4,2,0.0734
11,policy,1,546,5,3,0.0948
11,policy,1,546,6,4,0.0948
11,policy,1,546,7,5,0.0948
11,policy,1,546,8,6,0.0948
11,policy,1,2506,0,0,0.3597
11,policy,1,2506,1,1,0.3012
11,policy,1,2506,2,2,0.7417
11,policy,1,2506,3,3,0.8365
11,policy,1,2506,4,4,0.8365
11,policy,1,2506,5,5,0.8415
11,policy,1,2506,6,6,0.8415
11,policy,1,2506,7,7,0.8415
11,policy,1,2506,8,8,0.7058
11,policy,1,4837,0,0,0.0000
11,policy,1,4837,1,0,0.0000
11,policy,1,4837,2,0,0.0000
11,policy,1,4837,3,1,0.0734
11,policy,1,4837,4,2,0.0948
11,policy,1,4837,5,2,0.0948
11,policy,1,4837,6,3,0.0948
11,policy,1,4837,7,4,0.0948
11,policy,1,4837,8,5,0.0948
11,policy,1,57,0,0,0.5225
11,policy,1,57,1,1,0.6880
11,policy,1,57,2,2,0.6880
11,policy,1,57,3,3,0.7001
11,policy,1,57,4,4,0.7027
11,policy,1,57,5,5,0.7027
11,policy,1,57,6,6,0.7097
11,policy,1,57,7,7,0.7354
11,policy,1,57,8,8,0.6652
11,policy,1,5569,0,0,0.0000
11,policy,1,5569,1,1,0.2173
11,policy,1,5569,2,2,0.5580
11,policy,1,5569,3,3,0.5523
11,policy,1,5569,4,4,0.5483
11,policy,1,5569,5,5,0.5548
11,policy,1,5569,6,6,0.5548
11,policy,1,5569,7,7,0.4748
11,policy,1,5569,8,8,0.4729
11,policy,1,5534,0,0,0.0636
11,policy,1,5534,1,1,0.0734
11,policy,1,5534,2,2,0.0734
11,policy,1,5534,3,3,0.0734
11,policy,1,5534,4,4,0.0734
11,policy,1,5534,5,5,0.0734
11,policy,1,5534,6,6,0.0734
11,policy,1,5534,7,7,0.0694
11,policy,1,5534,8,8,0.0636
11,policy,1,1178,0,0,0.0000
11,policy,1,1178,1,1,0.3882
11,policy,1,1178,2,2,0.4035
11,policy,1,1178,3,3,0.3882
11,policy,1,1178,4,4,0.3882
11,policy,1,1178,5,5,0.3882
11,policy,1,1178,6,6,0.3882
11,policy,1,1178,7,7,0.3786
11,policy,1,1178,8,8,0.3679
11,policy,1,5489,0,0,0.0000
11,policy,1,5489,1,0,0.0000
11,policy,1,5489,2,1,0.2591
11,policy,1,5489,3,2,0.2557
11,policy,1,5489,4,3,0.2929
11,policy,1,5489,5,4,0.2663
11,policy,1,5489,6,5,0.2629
11,policy,1,5489,7,6,0.2663
11,policy,1,5489,8,7,0.2629
11,policy,1,2121,0,0,0.1389
11,policy,1,2121,1,1,0.0000
11,policy,1,2121,2,2,0.0636
11,policy,1,2121,3,3,0.0000
11,policy,1,2121,4,4,0.0000
11,policy,1,2121,5,5,0.0000
11,policy,1,2121,6,6,0.0000
11,policy,1,2121,7,7,0.0000
11,policy,1,2121,8,8,0.0000
11,policy,1,2735,0,0,0.0000
11,policy,1,2735,1,1,0.0663
11,policy,1,2735,2,2,0.0663
11,policy,1,2735,3,3,0.0734
11,policy,1,2735,4,4,0.0734
11,policy,1,2735,5,5,0.0734
11,policy,1,2735,6,6,0.0734
11,policy,1,2735,7,7,0.0734
11,policy,1,2735,8,8,0.0734
11,policy,1,4309,0,0,0.0000
11,policy,1,4309,1,1,0.0000
11,policy,1,4309,2,2,0.0000
11,policy,1,4309,3,3,0.0000
11,policy,1,4309,4,4,0.0000
11,policy,1,4309,5,5,0.0000
11,policy,1,4309,6,6,0.0000
11,policy,1,4309,7,7,0.0000
11,policy,1,4309,8,8,0.0000
11,policy,1,1046,0,0,0.0000
11,policy,1,1046,1,0,0.0000
11,policy,1,1046,2,1,0.0851
11,policy,1,1046,3,2,0.0734
11,policy,1,1046,4,3,0.0000
11,policy,1,1046,5,4,0.0000
11,policy,1,1046,6,5,0.0000
11,policy,1,1046,7,6,0.0000
11,policy,1,1046,8,7,0.0000
11,policy,1,5913,0,0,0.0000
11,policy,1,5913,1,1,0.0000
11,policy,1,5913,2,1,0.0000
11,policy,1,5913,3,2,0.0000
11,policy,1,5913,4,3,0.0000
11,policy,1,5913,5,3,0.0000
11,policy,1,5913,6,4,0.0000
11,policy,1,5913,7,4,0.0000
11,policy,1,5913,8,5,0.0000
11,policy,1,1208,0,0,0.0000
11,policy,1,1208,1,1,0.0000
11,policy,1,1208,2,2,0.0000
11,policy,1,1208,3,3,0.0000
11,policy,1,1208,4,4,0.0000
11,policy,1,1208,5,5,0.0000
11,policy,1,1208,6,6,0.0000
11,policy,1,1208,7,7,0.0000
11,policy,1,1208,8,8,0.0000
11,policy,1,1158,0,0,0.0000
11,policy,1,1158,1,1,0.0000
11,policy,1,1158,2,2,0.0000
11,policy,1,1158,3,3,0.0000
11,policy,1,1158,4,4,0.0000
11,policy,1,1158,5,5,0.0000
11,policy,1,1158,6,6,0.0000
11,policy,1,1158,7,7,0.0000
11,policy,1,1158,8,8,0.0000
11,policy,1,2478,0,0,0.0000
11,policy,1,2478,1,0,0.0000
11,policy,1,2478,2,1,0.0000
11,policy,1,2478,3,1,0.0000
11,policy,1,2478,4,2,0.0000
11,policy,1,2478,5,3,0.0000
11,policy,1,2478,6,4,0.0000
11,policy,1,2478,7,5,0.0000
11,policy,1,2478,8,6,0.0000
11,policy,1,4243,0,0,0.0000
11,policy,1,4243,1,0,0.0000
11,policy,1,4243,2,0,0.0000
11,policy,1,4243,3,1,0.0000
11,policy,1,4243,4,2,0.0000
11,policy,1,4243,5,3,0.0000
11,policy,1,4243,6,3,0.0000
11,policy,1,4243,7,4,0.0000
11,policy,1,4243,8,4,0.0000
11,policy,1,1346,0,0,0.1635
11,policy,1,1346,1,1,0.0784
11,policy,1,1346,2,2,0.0734
11,policy,1,1346,3,3,0.0663
11,policy,1,1346,4,4,0.0000
11,policy,1,1346,5,5,0.0636
11,policy,1,1346,6,6,0.0000
11,policy,1,1346,7,7,0.0000
11,policy,1,1346,8,7,0.0000
11,policy,1,4315,0,0,0.0000
11,policy,1,4315,1,0,0.0000
11,policy,1,4315,2,0,0.0000
11,policy,1,4315,3,1,0.0000
11,policy,1,4315,4,2,0.0000
11,policy,1,4315,5,2,0.0000
11,policy,1,4315,6,3,0.0000
11,policy,1,4315,7,4,0.0000
11,policy,1,4315,8,5,0.0000
11,policy,1,3424,0,0,0.3590
11,policy,1,3424,1,1,0.0000
11,policy,1,3424,2,2,0.4323
11,policy,1,3424,3,3,0.3590
11,policy,1,3424,4,4,0.3590
11,policy,1,3424,5,5,0.3590
11,policy,1,3424,6,6,0.3590
11,policy,1,3424,7,7,0.3590
11,policy,1,3424,8,8,0.2489
11,policy,1,1617,0,0,0.0000
11,policy,1,1617,1,1,0.0000
11,policy,1,1617,2,2,0.0000
11,policy,1,1617,3,3,0.0000
11,policy,1,1617,4,4,0.0000
11,policy,1,1617,5,4,0.0000
11,policy,1,1617,6,5,0.0000
11,policy,1,1617,7,6,0.0000
11,policy,1,1617,8,6,0.0000
11,policy,1,3664,0,0,0.0000
11,policy,1,3664,1,1,0.2837
11,policy,1,3664,2,2,0.0851
11,policy,1,3664,3,3,0.0663
11,policy,1,3664,4,4,0.0636
11,policy,1,3664,5,5,0.0636
11,policy,1,3664,6,6,0.0636
11,policy,1,3664,7,7,0.0636
11,policy,1,3664,8,8,0.0636
11,policy,1,2743,0,0,0.0000
11,policy,1,2743,1,0,0.0000
11,policy,1,2743,2,1,0.0000
11,policy,1,2743,3,2,0.0000
11,policy,1,2743,4,3,0.0000
11,policy,1,2743,5,4,0.0000
11,policy,1,2743,6,4,0.0000
11,policy,1,2743,7,5,0.0000
11,policy,1,2743,8,6,0.0000
11,policy,1,3260,0,0,0.4323
11,policy,1,3260,1,1,0.0734
11,policy,1,3260,2,2,0.0000
11,policy,1,3260,3,3,0.0734
11,policy,1,3260,4,4,0.1488
11,policy,1,3260,5,5,0.1584
11,policy,1,3260,6,6,0.1763
11,policy,1,3260,7,7,0.1795
11,policy,1,3260,8,8,0.1884
11,policy,1,1937,0,0,0.0000
11,policy,1,1937,1,1,0.2201
11,policy,1,1937,2,2,0.0948
11,policy,1,1937,3,3,0.0000
11,policy,1,1937,4,4,0.0000
11,policy,1,1937,5,5,0.0000
11,policy,1,1937,6,6,0.0000
11,policy,1,1937,7,7,0.0000
11,policy,1,1937,8,8,0.0000
11,policy,1,2799,0,0,0.2201
11,policy,1,2799,1,0,0.2201
11,policy,1,2799,2,1,0.1488
11,policy,1,2799,3,2,0.1546
11,policy,1,2799,4,3,0.1732
11,policy,1,2799,5,4,0.1635
11,policy,1,2799,6,5,0.1635
11,policy,1,2799,7,6,0.1635
11,policy,1,2799,8,7,0.1585
11,policy,1,4440,0,0,0.2044
11,policy,1,4440,1,0,0.2044
11,policy,1,4440,2,0,0.2044
11,policy,1,4440,3,1,0.2641
11,policy,1,4440,4,2,0.2044
11,policy,1,4440,5,2,0.2044
11,policy,1,4440,6,3,0.2184
11,policy,1,4440,7,4,0.2044
11,policy,1,4440,8,5,0.2372
11,policy,1,700,0,0,0.0000
11,policy,1,700,1,1,0.0000
11,policy,1,700,2,2,0.0000
11,policy,1,700,3,3,0.0000
11,policy,1,700,4,4,0.0000
11,policy,1,700,5,5,0.0000
11,policy,1,700,6,6,0.0000
11,policy,1,700,7,7,0.0000
11,policy,1,700,8,8,0.0000
11,policy,1,3,0,0,0.0000
11,policy,1,3,1,0,0.0000
11,policy,1,3,2,0,0.0000
11,policy,1,3,3,1,0.0000
11,policy,1,3,4,2,0.0000
11,policy,1,3,5,2,0.0000
11,policy,1,3,6,3,0.0000
11,policy,1,3,7,4,0.0000
11,policy,1,3,8,5,0.0000
11,policy,1,1306,0,0,0.0000
11,policy,1,1306,1,0,0.0000
11,policy,1,1306,2,0,0.0000
11,policy,1,1306,3,1,0.0000
11,policy,1,1306,4,2,0.0000
11,policy,1,1306,5,3,0.0000
11,policy,1,1306,6,4,0.0000
11,policy,1,1306,7,5,0.0000
11,policy,1,1306,8,6,0.0000
11,policy,1,2538,0,0,0.0000
11,policy,1,2538,1,0,0.0000
11,policy,1,2538,2,0,0.0000
11,policy,1,2538,3,1,0.0000
11,policy,1,2538,4,2,0.0000
11,policy,1,2538,5,3,0.0000
11,policy,1,2538,6,4,0.0000
11,policy,1,2538,7,5,0.0000
11,policy,1,2538,8,5,0.0000
11,policy,1,1167,0,0,0.0784
11,policy,1,1167,1,1,0.0734
11,policy,1,1167,2,2,0.2279
11,policy,1,1167,3,3,0.2154
11,policy,1,1167,4,4,0.1635
11,policy,1,1167,5,5,0.1518
11,policy,1,1167,6,6,0.1428
11,policy,1,1167,7,7,0.0694
11,policy,1,1167,8,8,0.0000
11,policy,1,4801,0,0,0.6390
11,policy,1,4801,1,1,0.2743
11,policy,1,4801,2,2,0.4990
11,policy,1,4801,3,3,0.5617
11,policy,1,4801,4,4,0.5521
11,policy,1,4801,5,5,0.5342
11,policy,1,4801,6,6,0.5494
11,policy,1,4801,7,7,0.4706
11,policy,1,4801,8,8,0.6851
11,policy,1,5191,0,0,0.0000
11,policy,1,5191,1,0,0.0000
11,policy,1,5191,2,0,0.0000
11,policy,1,5191,3,1,0.0000
11,policy,1,5191,4,1,0.0000
11,policy,1,5191,5,1,0.0000
11,policy,1,5191,6,2,0.0000
11,policy,1,5191,7,2,0.0000
11,policy,1,5191,8,2,0.0000
11,policy,1,3065,0,0,0.1100
11,policy,1,3065,1,0,0.1100
11,policy,1,3065,2,1,0.0000
11,policy,1,3065,3,2,0.0000
11,policy,1,3065,4,3,0.0000
11,policy,1,3065,5,4,0.0000
11,policy,1,3065,6,5,0.0000
11,policy,1,3065,7,6,0.0000
11,policy,1,3065,8,7,0.0000
11,policy,1,5800,0,0,0.1331
11,policy,1,5800,1,1,0.1100
11,policy,1,5800,2,2,0.0663
11,policy,1,5800,3,3,0.0000
11,policy,1,5800,4,4,0.0636
11,policy,1,5800,5,5,0.0663
11,policy,1,5800,6,6,0.0694
11,policy,1,5800,7,7,0.0734
11,policy,1,5800,8,8,0.0734
11,policy,1,2124,0,0,0.0734
11,policy,1,2124,1,1,0.1389
11,policy,1,2124,2,2,0.0000
11,policy,1,2124,3,3,0.0000
11,policy,1,2124,4,4,0.0000
11,policy,1,2124,5,5,0.0000
11,policy,1,2124,6,6,0.0000
11,policy,1,2124,7,7,0.0000
11,policy,1,2124,8,8,0.0000
11,policy,1,1899,0,0,0.0000
11,policy,1,1899,1,0,0.0000
11,policy,1,1899,2,0,0.0000
11,policy,1,1899,3,1,0.0663
11,policy,1,1899,4,1,0.0663
11,policy,1,1899,5,1,0.0663
11,policy,1,1899,6,2,0.0000
11,policy,1,1899,7,3,0.0636
11,policy,1,1899,8,3,0.0636
11,policy,1,1489,0,0,0.0000
11,policy,1,1489,1,1,0.2743
11,policy,1,1489,2,2,0.3975
11,policy,1,1489,3,3,0.4663
11,policy,1,1489,4,4,0.4595
11,policy,1,1489,5,5,0.4595
11,policy,1,1489,6,6,0.4499
11,policy,1,1489,7,7,0.5135
11,policy,1,1489,8,8,0.5232
11,policy,1,6028,0,0,0.0000
11,policy,1,6028,1,0,0.0000
11,policy,1,6028,2,0,0.0000
11,policy,1,6028,3,1,0.0679
11,policy,1,6028,4,2,0.0741
11,policy,1,6028,5,3,0.1483
11,policy,1,6028,6,4,0.1012
11,policy,1,6028,7,5,0.1012
11,policy,1,6028,8,5,0.1012
11,policy,1,156,0,0,0.3098
11,policy,1,156,1,1,0.3430
11,policy,1,156,2,2,0.3668
11,policy,1,156,3,3,0.4315
11,policy,1,156,4,4,0.3647
11,policy,1,156,5,5,0.3558
11,policy,1,156,6,6,0.3531
11,policy,1,156,7,7,0.3500
11,policy,1,156,8,8,0.3500
11,policy,1,1682,0,0,0.0000
11,policy,1,1682,1,0,0.0000
11,policy,1,1682,2,0,0.0000
11,policy,1,1682,3,1,0.0636
11,policy,1,1682,4,2,0.0000
11,policy,1,1682,5,3,0.0000
11,policy,1,1682,6,4,0.0000
11,policy,1,1682,7,5,0.0000
11,policy,1,1682,8,6,0.0000
11,policy,1,4936,0,0,0.2051
11,policy,1,4936,1,1,0.0000
11,policy,1,4936,2,2,0.1100
11,policy,1,4936,3,3,0.1389
11,policy,1,4936,4,4,0.1100
11,policy,1,4936,5,5,0.1100
11,policy,1,4936,6,6,0.1100
11,policy,1,4936,7,7,0.1100
11,policy,1,4936,8,8,0.1100
11,policy,1,5318,0,0,0.0948
11,policy,1,5318,1,1,0.4506
11,policy,1,5318,2,2,0.3938
11,policy,1,5318,3,3,0.3301
11,policy,1,5318,4,4,0.4600
11,policy,1,5318,5,5,0.3964
11,policy,1,5318,6,6,0.3938
11,policy,1,5318,7,7,0.3846
11,policy,1,5318,8,8,0.3183
11,policy,1,3352,0,0,0.3437
11,policy,1,3352,1,1,0.7223
11,policy,1,3352,2,2,0.5737
11,policy,1,3352,3,3,0.3922
11,policy,1,3352,4,4,0.3922
11,policy,1,3352,5,5,0.4035
11,policy,1,3352,6,6,0.4003
11,policy,1,3352,7,7,0.3815
11,policy,1,3352,8,8,0.3764
11,policy,1,757,0,0,0.0000
11,policy,1,757,1,0,0.0000
11,policy,1,757,2,0,0.0000
11,policy,1,757,3,1,0.0000
11,policy,1,757,4,2,0.0000
11,policy,1,757,5,3,0.0000
11,policy,1,757,6,4,0.0000
11,policy,1,757,7,4,0.0000
11,policy,1,757,8,5,0.0000
11,policy,1,3609,0,0,0.0663
11,policy,1,3609,1,1,0.0694
11,policy,1,3609,2,2,0.3836
11,policy,1,3609,3,3,0.4531
11,policy,1,3609,4,4,0.4570
11,policy,1,3609,5,5,0.4570
11,policy,1,3609,6,6,0.4734
11,policy,1,3609,7,7,0.5329
11,policy,1,3609,8,8,0.5965
11,policy,1,2619,0,0,0.0734
11,policy,1,2619,1,1,0.0000
11,policy,1,2619,2,2,0.0000
11,policy,1,2619,3,3,0.0663
11,policy,1,2619,4,4,0.0000
11,policy,1,2619,5,5,0.0000
11,policy,1,2619,6,6,0.0000
11,policy,1,2619,7,7,0.0000
11,policy,1,2619,8,8,0.0000
11,policy,1,5566,0,0,0.2201
11,policy,1,5566,1,1,0.0784
11,policy,1,5566,2,2,0.3590
11,policy,1,5566,3,3,0.3149
11,policy,1,5566,4,4,0.2985
11,policy,1,5566,5,5,0.2895
11,policy,1,5566,6,6,0.2201
11,policy,1,5566,7,7,0.1389
11,policy,1,5566,8,8,0.2122
11,policy,1,1045,0,0,0.0000
11,policy,1,1045,1,0,0.0000
11,policy,1,1045,2,0,0.0000
11,policy,1,1045,3,1,0.0000
11,policy,1,1045,4,2,0.0000
11,policy,1,1045,5,2,0.0000
11,policy,1,1045,6,3,0.0000
11,policy,1,1045,7,3,0.0000
11,policy,1,1045,8,4,0.0000
11,policy,1,3903,0,0,0.0636
11,policy,1,3903,1,0,0.0636
11,policy,1,3903,2,1,0.1389
11,policy,1,3903,3,2,0.1100
11,policy,1,3903,4,3,0.0851
11,policy,1,3903,5,4,0.0851
11,policy,1,3903,6,5,0.1585
11,policy,1,3903,7,6,0.1546
11,policy,1,3903,8,7,0.1732
11,policy,1,2479,0,0,0.1374
11,policy,1,2479,1,0,0.1374
11,policy,1,2479,2,1,0.0000
11,policy,1,2479,3,2,0.0000
11,policy,1,2479,4,3,0.0000
11,policy,1,2479,5,4,0.0000
11,policy,1,2479,6,4,0.0000
11,policy,1,2479,7,5,0.0000
11,policy,1,2479,8,6,0.0000
11,policy,1,2944,0,0,0.0636
11,policy,1,2944,1,1,0.2201
11,policy,1,2944,2,1,0.2201
11,policy,1,2944,3,2,0.1100
11,policy,1,2944,4,3,0.1389
11,policy,1,2944,5,3,0.1389
11,policy,1,2944,6,4,0.1100
11,policy,1,2944,7,5,0.2201
11,policy,1,2944,8,5,0.2201
11,policy,1,1468,0,0,0.0000
11,policy,1,1468,1,0,0.0000
11,policy,1,1468,2,0,0.0000
11,policy,1,1468,3,1,0.1208
11,policy,1,1468,4,1,0.1208
11,policy,1,1468,5,1,0.1208
11,policy,1,1468,6,2,0.1696
11,policy,1,1468,7,3,0.1131
11,policy,1,1468,8,3,0.1131
11,policy,1,1598,0,0,0.3783
11,policy,1,1598,1,1,0.2985
11,policy,1,1598,2,2,0.1884
11,policy,1,1598,3,3,0.2173
11,policy,1,1598,4,4,0.2173
11,policy,1,1598,5,5,0.2173
11,policy,1,1598,6,6,0.2240
11,policy,1,1598,7,7,0.2173
11,policy,1,1598,8,8,0.2173
11,policy,1,3571,0,0,0.1642
11,policy,1,3571,1,1,0.0000
11,policy,1,3571,2,1,0.0000
11,policy,1,3571,3,2,0.1488
11,policy,1,3571,4,2,0.1488
11,policy,1,3571,5,2,0.1488
11,policy,1,3571,6,3,0.0851
11,policy,1,3571,7,4,0.0948
11,policy,1,3571,8,5,0.0948
11,policy,1,4400,0,0,0.0784
11,policy,1,4400,1,1,0.0636
11,policy,1,4400,2,2,0.0000
11,policy,1,4400,3,3,0.0000
11,policy,1,4400,4,4,0.0000
11,policy,1,4400,5,5,0.0000
11,policy,1,4400,6,6,0.0000
11,policy,1,4400,7,7,0.0000
11,policy,1,4400,8,8,0.0000
11,policy,1,1622,0,0,0.1396
11,policy,1,1622,1,1,0.1100
11,policy,1,1622,2,2,0.1389
11,policy,1,1622,3,3,0.1389
11,policy,1,1622,4,4,0.1389
11,policy,1,1622,5,5,0.1389
11,policy,1,1622,6,5,0.1389
11,policy,1,1622,7,6,0.1389
11,policy,1,1622,8,7,0.1389
11,policy,1,1343,0,0,0.0000
11,policy,1,1343,1,0,0.0000
11,policy,1,1343,2,0,0.0000
11,policy,1,1343,3,1,0.0000
11,policy,1,1343,4,2,0.0000
11,policy,1,1343,5,2,0.0000
11,policy,1,1343,6,3,0.0000
11,policy,1,1343,7,4,0.0000
11,policy,1,1343,8,5,0.0000
11,policy,1,1661,0,0,0.0000
11,policy,1,1661,1,0,0.0000
11,policy,1,1661,2,0,0.0000
11,policy,1,1661,3,1,0.1131
11,policy,1,1661,4,2,0.1021
11,policy,1,1661,5,2,0.1021
11,policy,1,1661,6,3,0.0000
11,policy,1,1661,7,4,0.0000
11,policy,1,1661,8,5,0.0000
11,policy,1,5407,0,0,0.0000
11,policy,1,5407,1,1,0.0000
11,policy,1,5407,2,2,0.0000
11,policy,1,5407,3,3,0.0000
11,policy,1,5407,4,4,0.0000
11,policy,1,5407,5,5,0.0000
11,policy,1,5407,6,6,0.0663
11,policy,1,5407,7,7,0.0784
11,policy,1,5407,8,8,0.1642
11,policy,1,4406,0,0,0.1331
11,policy,1,4406,1,1,0.0000
11,policy,1,4406,2,2,0.2173
11,policy,1,4406,3,3,0.0000
11,policy,1,4406,4,4,0.0000
11,policy,1,4406,5,5,0.0636
11,policy,1,4406,6,6,0.0663
11,policy,1,4406,7,7,0.0784
11,policy,1,4406,8,8,0.0784
11,policy,1,240,0,0,0.0000
11,policy,1,240,1,1,0.1518
11,policy,1,240,2,2,0.1585
11,policy,1,240,3,3,0.1682
11,policy,1,240,4,4,0.1682
11,policy,1,240,5,5,0.1834
11,policy,1,240,6,6,0.1763
11,policy,1,240,7,7,0.1100
11,policy,1,240,8,8,0.1514
11,policy,1,1585,0,0,0.4499
11,policy,1,1585,1,1,0.3843
11,policy,1,1585,2,2,0.4035
11,policy,1,1585,3,3,0.3996
11,policy,1,1585,4,4,0.3996
11,policy,1,1585,5,5,0.4226
11,policy,1,1585,6,6,0.4226
11,policy,1,1585,7,7,0.3590
11,policy,1,1585,8,8,0.3590
11,policy,1,5695,0,0,0.1021
11,policy,1,5695,1,0,0.1021
11,policy,1,5695,2,0,0.1021
11,policy,1,5695,3,1,0.0000
11,policy,1,5695,4,2,0.0000
11,policy,1,5695,5,2,0.0000
11,policy,1,5695,6,3,0.0000
11,policy,1,5695,7,4,0.0000
11,policy,1,5695,8,5,0.0000
11,policy,1,699,0,0,0.0000
11,policy,1,699,1,0,0.0000
11,policy,1,699,2,0,0.0000
11,policy,1,699,3,1,0.2529
11,policy,1,699,4,2,0.1265
11,policy,1,699,5,2,0.1265
11,policy,1,699,6,2,0.1265
11,policy,1,699,7,3,0.1596
11,policy,1,699,8,3,0.1596
11,policy,1,2729,0,0,0.1389
11,policy,1,2729,1,1,0.1488
11,policy,1,2729,2,2,0.0000
11,policy,1,2729,3,3,0.0663
11,policy,1,2729,4,4,0.0000
11,policy,1,2729,5,5,0.0000
11,policy,1,2729,6,6,0.0000
11,policy,1,2729,7,7,0.0000
11,policy,1,2729,8,8,0.0000
11,policy,1,2984,0,0,0.0000
11,policy,1,2984,1,1,0.0000
11,policy,1,2984,2,2,0.1585
11,policy,1,2984,3,3,0.1100
11,policy,1,2984,4,4,0.1100
11,policy,1,2984,5,5,0.1100
11,policy,1,2984,6,6,0.1100
11,policy,1,2984,7,7,0.1100
11,policy,1,2984,8,8,0.1100
11,policy,1,1888,0,0,0.1488
11,policy,1,1888,1,1,0.1884
11,policy,1,1888,2,2,0.2141
11,policy,1,1888,3,3,0.0663
11,policy,1,1888,4,4,0.0663
11,policy,1,1888,5,5,0.0663
11,policy,1,1888,6,6,0.0636
11,policy,1,1888,7,7,0.0663
11,policy,1,1888,8,8,0.0663
11,policy,1,2664,0,0,0.0948
11,policy,1,2664,1,1,0.7728
11,policy,1,2664,2,2,0.4427
11,policy,1,2664,3,3,0.4296
11,policy,1,2664,4,4,0.4229
11,policy,1,2664,5,5,0.4229
11,policy,1,2664,6,6,0.4164
11,policy,1,2664,7,7,0.3317
11,policy,1,2664,8,8,0.3317
11,policy,1,5442,0,0,0.1795
11,policy,1,5442,1,1,0.3938
11,policy,1,5442,2,2,0.1584
11,policy,1,5442,3,3,0.0694
11,policy,1,5442,4,4,0.0663
11,policy,1,5442,5,5,0.1299
11,policy,1,5442,6,6,0.1299
11,policy,1,5442,7,7,0.0663
11,policy,1,5442,8,8,0.0663
11,policy,1,780,0,0,0.3689
11,policy,1,780,1,1,0.2025
11,policy,1,780,2,2,0.3636
11,policy,1,780,3,3,0.3633
11,policy,1,780,4,4,0.4296
11,policy,1,780,5,5,0.4328
11,policy,1,780,6,6,0.4296
11,policy,1,780,7,7,0.4378
11,policy,1,780,8,8,0.4417
11,policy,1,5879,0,0,0.3967
11,policy,1,5879,1,1,0.3719
11,policy,1,5879,2,2,0.4355
11,policy,1,5879,3,3,0.4342
11,policy,1,5879,4,4,0.4381
11,policy,1,5879,5,5,0.4413
11,policy,1,5879,6,6,0.4480
11,policy,1,5879,7,7,0.5117
11,policy,1,5879,8,8,0.5075
11,policy,1,2848,0,0,0.0000
11,policy,1,2848,1,1,0.3933
11,policy,1,2848,2,1,0.3933
11,policy,1,2848,3,2,0.4000
11,policy,1,2848,4,3,0.4000
11,policy,1,2848,5,3,0.4000
11,policy,1,2848,6,4,0.4000
11,policy,1,2848,7,5,0.4153
11,policy,1,2848,8,6,0.3152
11,policy,1,4669,0,0,0.0000
11,policy,1,4669,1,0,0.0000
11,policy,1,4669,2,0,0.0000
11,policy,1,4669,3,1,0.0000
11,policy,1,4669,4,2,0.0000
11,policy,1,4669,5,3,0.0000
11,policy,1,4669,6,4,0.0000
11,policy,1,4669,7,5,0.0000
11,policy,1,4669,8,6,0.0000
11,policy,1,5086,0,0,0.1357
11,policy,1,5086,1,1,0.2863
11,policy,1,5086,2,2,0.5965
11,policy,1,5086,3,3,0.5447
11,policy,1,5086,4,4,0.4784
11,policy,1,5086,5,5,0.5017
11,policy,1,5086,6,6,0.4545
11,policy,1,5086,7,7,0.4383
11,policy,1,5086,8,8,0.4409
11,policy,1,2874,0,0,0.0827
11,policy,1,2874,1,1,0.2354
11,policy,1,2874,2,2,0.0000
11,policy,1,2874,3,3,0.0000
11,policy,1,2874,4,4,0.0000
11,policy,1,2874,5,5,0.0000
11,policy,1,2874,6,6,0.0000
11,policy,1,2874,7,7,0.0000
11,policy,1,2874,8,8,0.0000
11,policy,1,1097,0,0,0.0000
11,policy,1,1097,1,1,0.0000
11,policy,1,1097,2,1,0.0000
11,policy,1,1097,3,2,0.0000
11,policy,1,1097,4,2,0.0000
11,policy,1,1097,5,3,0.0000
11,policy,1,1097,6,4,0.0000
11,policy,1,1097,7,5,0.0000
11,policy,1,1097,8,5,0.0000
11,policy,1,1958,0,0,0.0000
11,policy,1,1958,1,1,0.1100
11,policy,1,1958,2,1,0.1100
11,policy,1,1958,3,2,0.0000
11,policy,1,1958,4,3,0.0663
11,policy,1,1958,5,4,0.0663
11,policy,1,1958,6,5,0.0663
11,policy,1,1958,7,6,0.0663
11,policy,1,1958,8,7,0.0636
11,policy,1,4876,0,0,0.0000
11,policy,1,4876,1,0,0.0000
11,policy,1,4876,2,0,0.0000
11,policy,1,4876,3,1,0.0694
11,policy,1,4876,4,2,0.0663
11,policy,1,4876,5,3,0.0663
11,policy,1,4876,6,4,0.0663
11,policy,1,4876,7,5,0.0663
11,policy,1,4876,8,6,0.0663
11,policy,1,4990,0,0,0.0000
11,policy,1,4990,1,0,0.0000
11,policy,1,4990,2,0,0.0000
11,policy,1,4990,3,0,0.0000
11,policy,1,4990,4,1,0.0000
11,policy,1,4990,5,2,0.0000
11,policy,1,4990,6,2,0.0000
11,policy,1,4990,7,3,0.0000
11,policy,1,4990,8,4,0.0000
11,policy,1,4212,0,0,0.1884
11,policy,1,4212,1,1,0.4007
11,policy,1,4212,2,2,0.7472
11,policy,1,4212,3,3,0.8572
11,policy,1,4212,4,4,0.8572
11,policy,1,4212,5,5,0.7917
11,policy,1,4212,6,6,0.7850
11,policy,1,4212,7,7,0.7753
11,policy,1,4212,8,8,0.7722
11,policy,1,5412,0,0,0.0784
11,policy,1,5412,1,1,0.0000
11,policy,1,5412,2,2,0.1428
11,policy,1,5412,3,3,0.1884
11,policy,1,5412,4,4,0.1952
11,policy,1,5412,5,5,0.1732
11,policy,1,5412,6,6,0.1952
11,policy,1,5412,7,7,0.1682
11,policy,1,5412,8,8,0.1682
11,policy,1,5621,0,0,0.0000
11,policy,1,5621,1,1,0.0663
11,policy,1,5621,2,1,0.0663
11,policy,1,5621,3,2,0.4937
11,policy,1,5621,4,2,0.4937
11,policy,1,5621,5,2,0.4937
11,policy,1,5621,6,3,0.5101
11,policy,1,5621,7,4,0.5389
11,policy,1,5621,8,5,0.4886
11,policy,1,4273,0,0,0.0000
11,policy,1,4273,1,0,0.0000
11,policy,1,4273,2,1,0.1389
11,policy,1,4273,3,2,0.1389
11,policy,1,4273,4,3,0.1389
11,policy,1,4273,5,4,0.1389
11,policy,1,4273,6,5,0.1389
11,policy,1,4273,7,6,0.1389
11,policy,1,4273,8,7,0.1389
11,policy,1,1869,0,0,0.0000
11,policy,1,1869,1,1,0.2985
11,policy,1,1869,2,2,0.1884
11,policy,1,1869,3,3,0.2083
11,policy,1,1869,4,4,0.2083
11,policy,1,1869,5,5,0.2051
11,policy,1,1869,6,6,0.2025
11,policy,1,1869,7,7,0.2051
11,policy,1,1869,8,8,0.2083
11,policy,1,5970,0,0,0.0948
11,policy,1,5970,1,0,0.0948
11,policy,1,5970,2,1,0.0784
11,policy,1,5970,3,2,0.6579
11,policy,1,5970,4,3,0.3571
11,policy,1,5970,5,4,0.2201
11,policy,1,5970,6,5,0.1100
11,policy,1,5970,7,6,0.1100
11,policy,1,5970,8,7,0.1389
11,policy,1,2055,0,0,0.0000
11,policy,1,2055,1,1,0.0784
11,policy,1,2055,2,2,0.1447
11,policy,1,2055,3,3,0.2115
11,policy,1,2055,4,4,0.1478
11,policy,1,2055,5,5,0.2083
11,policy,1,2055,6,6,0.1428
11,policy,1,2055,7,7,0.0734
11,policy,1,2055,8,8,0.0784
11,policy,1,487,0,0,0.0000
11,policy,1,487,1,0,0.0000
11,policy,1,487,2,0,0.0000
11,policy,1,487,3,1,0.0000
11,policy,1,487,4,2,0.0000
11,policy,1,487,5,2,0.0000
11,policy,1,487,6,3,0.0000
11,policy,1,487,7,4,0.0000
11,policy,1,487,8,4,0.0000
11,policy,1,2399,0,0,0.0000
11,policy,1,2399,1,0,0.0000
11,policy,1,2399,2,0,0.0000
11,policy,1,2399,3,1,0.0000
11,policy,1,2399,4,2,0.0000
11,policy,1,2399,5,3,0.0000
11,policy,1,2399,6,4,0.0000
11,policy,1,2399,7,5,0.0000
11,policy,1,2399,8,6,0.0000
11,policy,1,4740,0,0,0.0000
11,policy,1,4740,1,0,0.0000
11,policy,1,4740,2,0,0.0000
11,policy,1,4740,3,0,0.0000
11,policy,1,4740,4,1,0.0000
11,policy,1,4740,5,1,0.0000
11,policy,1,4740,6,1,0.0000
11,policy,1,4740,7,2,0.0000
11,policy,1,4740,8,2,0.0000
11,policy,1,4414,0,0,0.1396
11,policy,1,4414,1,0,0.1396
11,policy,1,4414,2,1,0.0636
11,policy,1,4414,3,2,0.0663
11,policy,1,4414,4,3,0.0000
11,policy,1,4414,5,4,0.0000
11,policy,1,4414,6,5,0.0000
11,policy,1,4414,7,6,0.0000
11,policy,1,4414,8,7,0.0000
11,policy,1,1974,0,0,0.0000
11,policy,1,1974,1,1,0.0000
11,policy,1,1974,2,2,0.0000
11,policy,1,1974,3,3,0.0000
11,policy,1,1974,4,3,0.0000
11,policy,1,1974,5,3,0.0000
11,policy,1,1974,6,4,0.0000
11,policy,1,1974,7,5,0.0000
11,policy,1,1974,8,6,0.0000
11,policy,1,4126,0,0,0.0000
11,policy,1,4126,1,0,0.0000
11,policy,1,4126,2,1,0.0851
11,policy,1,4126,3,2,0.1420
11,policy,1,4126,4,3,0.0000
11,policy,1,4126,5,4,0.0000
11,policy,1,4126,6,5,0.0000
11,policy,1,4126,7,6,0.0000
11,policy,1,4126,8,7,0.0000
11,policy,1,2232,0,0,0.1100
11,policy,1,2232,1,1,0.0948
11,policy,1,2232,2,2,0.0948
11,policy,1,2232,3,3,0.0734
11,policy,1,2232,4,4,0.0734
11,policy,1,2232,5,4,0.0734
11,policy,1,2232,6,5,0.0734
11,policy,1,2232,7,6,0.0663
11,policy,1,2232,8,7,0.0663
11,policy,1,5927,0,0,0.0000
11,policy,1,5927,1,1,0.0000
11,policy,1,5927,2,1,0.0000
11,policy,1,5927,3,2,0.0000
11,policy,1,5927,4,3,0.0000
11,policy,1,5927,5,4,0.0000
11,policy,1,5927,6,5,0.0000
11,policy,1,5927,7,6,0.0000
11,policy,1,5927,8,6,0.0000
11,policy,1,3023,0,0,0.1389
11,policy,1,3023,1,1,0.2832
11,policy,1,3023,2,2,0.1610
11,policy,1,3023,3,3,0.2173
11,policy,1,3023,4,4,0.2122
11,policy,1,3023,5,5,0.2083
11,policy,1,3023,6,6,0.2745
11,policy,1,3023,7,7,0.2745
11,policy,1,3023,8,8,0.3421
11,policy,1,607,0,0,0.0000
11,policy,1,607,1,1,0.0000
11,policy,1,607,2,2,0.0000
11,policy,1,607,3,3,0.0000
11,policy,1,607,4,4,0.0000
11,policy,1,607,5,5,0.0000
11,policy,1,607,6,6,0.0000
11,policy,1,607,7,7,0.0000
11,policy,1,607,8,8,0.0000
